date,dow,dom,month,year,is_weekend,days_to_month_end,is_month_end_window,is_quarter_end,is_payroll_day,is_contractor_day,is_holiday,headcount,billed_lakh,fx_inr_usd,interest_rate,cash_inflow_lakh,cash_outflow_lakh,net_cashflow_lakh,cash_balance_lakh
2023-01-01,6,1,1,2023,True,30,False,False,False,False,False,850,957.6179269938608,82.79,6.5,9.28,11.17,-1.89,1198.11
2023-01-02,0,2,1,2023,False,29,False,False,False,False,False,850,957.6179269938608,82.72,6.5,38.48,9.23,29.25,1227.36
2023-01-03,1,3,1,2023,False,28,False,False,False,False,False,850,957.6179269938608,82.66,6.5,29.13,9.42,19.71,1247.07
2023-01-04,2,4,1,2023,False,27,False,False,False,False,False,851,957.6179269938608,82.71,6.5,37.84,8.07,29.77,1276.84
2023-01-05,3,5,1,2023,False,26,False,False,True,False,False,851,957.6179269938608,82.77,6.5,30.34,271.68,-241.34,1035.5
2023-01-06,4,6,1,2023,False,25,False,False,False,False,False,851,957.6179269938608,82.81,6.5,30.21,10.53,19.68,1055.18
2023-01-07,5,7,1,2023,True,24,False,False,False,False,False,851,957.6179269938608,82.76,6.5,10.34,8.19,2.15,1057.33
2023-01-08,6,8,1,2023,True,23,False,False,False,False,False,852,957.6179269938608,82.78,6.5,10.51,8.11,2.4,1059.73
2023-01-09,0,9,1,2023,False,22,False,False,False,False,False,852,957.6179269938608,82.79,6.5,40.88,8.96,31.92,1091.65
2023-01-10,1,10,1,2023,False,21,False,False,False,False,False,852,957.6179269938608,82.8,6.5,19.76,8.92,10.84,1102.49
2023-01-11,2,11,1,2023,False,20,False,False,False,False,False,852,957.6179269938608,82.87,6.5,20.93,8.22,12.71,1115.2
2023-01-12,3,12,1,2023,False,19,False,False,False,False,False,853,957.6179269938608,82.89,6.5,27.21,8.74,18.47,1133.67
2023-01-13,4,13,1,2023,False,18,False,False,False,False,False,853,957.6179269938608,82.95,6.5,30.08,10.19,19.89,1153.56
2023-01-14,5,14,1,2023,True,17,False,False,False,False,False,853,957.6179269938608,82.95,6.5,11.89,8.31,3.58,1157.14
2023-01-15,6,15,1,2023,True,16,False,False,False,True,False,853,957.6179269938608,82.98,6.5,11.44,60.03,-48.59,1108.55
2023-01-16,0,16,1,2023,False,15,False,False,False,False,False,854,957.6179269938608,83.03,6.5,28.0,9.91,18.09,1126.64
2023-01-17,1,17,1,2023,False,14,False,False,False,False,False,854,957.6179269938608,82.91,6.5,36.05,9.47,26.58,1153.22
2023-01-18,2,18,1,2023,False,13,False,False,False,False,False,854,957.6179269938608,82.88,6.5,36.12,8.48,27.64,1180.86
2023-01-19,3,19,1,2023,False,12,False,False,False,False,False,854,957.6179269938608,82.85,6.5,31.02,7.7,23.32,1204.18
2023-01-20,4,20,1,2023,False,11,False,False,False,False,False,855,957.6179269938608,82.79,6.5,35.68,8.38,27.3,1231.48
2023-01-21,5,21,1,2023,True,10,False,False,False,False,False,855,957.6179269938608,82.77,6.5,11.03,8.98,2.05,1233.53
2023-01-22,6,22,1,2023,True,9,False,False,False,False,False,855,957.6179269938608,82.89,6.5,9.49,10.15,-0.66,1232.87
2023-01-23,0,23,1,2023,False,8,False,False,False,False,False,855,957.6179269938608,82.82,6.5,34.02,8.14,25.88,1258.75
2023-01-24,1,24,1,2023,False,7,False,False,False,False,False,856,957.6179269938608,82.9,6.5,30.61,8.96,21.65,1280.4
2023-01-25,2,25,1,2023,False,6,False,False,False,False,False,856,957.6179269938608,82.77,6.5,30.01,9.67,20.34,1300.74
2023-01-26,3,26,1,2023,False,5,False,False,False,False,True,856,957.6179269938608,82.74,6.5,9.78,7.12,2.66,1303.4
2023-01-27,4,27,1,2023,False,4,True,False,False,False,False,856,957.6179269938608,82.75,6.5,27.99,10.02,17.97,1321.37
2023-01-28,5,28,1,2023,True,3,True,False,False,False,False,856,957.6179269938608,82.8,6.5,11.8,8.03,3.77,1325.14
2023-01-29,6,29,1,2023,True,2,True,False,False,False,False,857,957.6179269938608,82.86,6.5,12.3,9.36,2.94,1328.08
2023-01-30,0,30,1,2023,False,1,True,False,False,False,False,857,957.6179269938608,82.92,6.5,40.75,9.28,31.47,1359.55
2023-01-31,1,31,1,2023,False,0,True,False,False,False,False,857,957.6179269938608,82.89,6.5,41.56,10.09,31.47,1391.02
2023-02-01,2,1,2,2023,False,27,False,False,False,False,False,857,870.0003973439876,82.85,6.5,20.78,9.27,11.51,1402.53
2023-02-02,3,2,2,2023,False,26,False,False,False,False,False,858,870.0003973439876,82.92,6.5,22.83,6.93,15.9,1418.43
2023-02-03,4,3,2,2023,False,25,False,False,False,False,False,858,870.0003973439876,82.91,6.5,23.35,8.12,15.23,1433.66
2023-02-04,5,4,2,2023,True,24,False,False,False,False,False,858,870.0003973439876,82.81,6.5,14.85,8.91,5.94,1439.6
2023-02-05,6,5,2,2023,True,23,False,False,True,False,False,858,870.0003973439876,82.72,6.5,13.2,302.82,-289.62,1149.98
2023-02-06,0,6,2,2023,False,22,False,False,False,False,False,859,870.0003973439876,82.64,6.5,25.31,9.22,16.09,1166.07
2023-02-07,1,7,2,2023,False,21,False,False,False,False,False,859,870.0003973439876,82.68,6.5,25.53,9.52,16.01,1182.08
2023-02-08,2,8,2,2023,False,20,False,False,False,False,False,859,870.0003973439876,82.69,6.5,22.17,9.35,12.82,1194.9
2023-02-09,3,9,2,2023,False,19,False,False,False,False,False,859,870.0003973439876,82.75,6.5,19.34,8.61,10.73,1205.63
2023-02-10,4,10,2,2023,False,18,False,False,False,False,False,860,870.0003973439876,82.71,6.5,26.69,7.32,19.37,1225.0
2023-02-11,5,11,2,2023,True,17,False,False,False,False,False,860,870.0003973439876,82.73,6.5,7.97,8.41,-0.44,1224.56
2023-02-12,6,12,2,2023,True,16,False,False,False,False,False,860,870.0003973439876,82.78,6.5,9.4,9.18,0.22,1224.78
2023-02-13,0,13,2,2023,False,15,False,False,False,False,False,860,870.0003973439876,82.75,6.5,20.44,7.89,12.55,1237.33
2023-02-14,1,14,2,2023,False,14,False,False,False,False,False,861,870.0003973439876,82.79,6.5,23.77,9.39,14.38,1251.71
2023-02-15,2,15,2,2023,False,13,False,False,False,True,False,861,870.0003973439876,82.74,6.5,28.0,75.36,-47.36,1204.35
2023-02-16,3,16,2,2023,False,12,False,False,False,False,False,861,870.0003973439876,82.71,6.5,29.12,8.93,20.19,1224.54
2023-02-17,4,17,2,2023,False,11,False,False,False,False,False,861,870.0003973439876,82.68,6.5,29.39,6.49,22.9,1247.44
2023-02-18,5,18,2,2023,True,10,False,False,False,False,False,862,870.0003973439876,82.58,6.5,7.52,7.77,-0.25,1247.19
2023-02-19,6,19,2,2023,True,9,False,False,False,False,False,862,870.0003973439876,82.62,6.5,11.13,10.66,0.47,1247.66
2023-02-20,0,20,2,2023,False,8,False,False,False,False,False,862,870.0003973439876,82.58,6.5,23.6,8.36,15.24,1262.9
2023-02-21,1,21,2,2023,False,7,False,False,False,False,False,862,870.0003973439876,82.58,6.5,30.55,7.24,23.31,1286.21
2023-02-22,2,22,2,2023,False,6,False,False,False,False,False,862,870.0003973439876,82.62,6.5,27.21,9.99,17.22,1303.43
2023-02-23,3,23,2,2023,False,5,False,False,False,False,False,863,870.0003973439876,82.66,6.5,21.28,8.85,12.43,1315.86
2023-02-24,4,24,2,2023,False,4,True,False,False,False,False,863,870.0003973439876,82.71,6.5,37.34,9.87,27.47,1343.33
2023-02-25,5,25,2,2023,True,3,True,False,False,False,False,863,870.0003973439876,82.7,6.5,14.77,9.08,5.69,1349.02
2023-02-26,6,26,2,2023,True,2,True,False,False,False,False,863,870.0003973439876,82.67,6.5,15.45,9.25,6.2,1355.22
2023-02-27,0,27,2,2023,False,1,True,False,False,False,False,864,870.0003973439876,82.66,6.5,38.54,9.17,29.37,1384.59
2023-02-28,1,28,2,2023,False,0,True,False,False,False,False,864,870.0003973439876,82.53,6.5,52.08,9.48,42.6,1427.19
2023-03-01,2,1,3,2023,False,30,False,False,False,False,False,864,980.7612798951615,82.41,6.5,36.84,10.98,25.86,1453.05
2023-03-02,3,2,3,2023,False,29,False,False,False,False,False,864,980.7612798951615,82.31,6.5,29.34,9.64,19.7,1472.75
2023-03-03,4,3,3,2023,False,28,False,False,False,False,False,865,980.7612798951615,82.23,6.5,35.17,7.47,27.7,1500.45
2023-03-04,5,4,3,2023,True,27,False,False,False,False,False,865,980.7612798951615,82.26,6.5,15.23,9.15,6.08,1506.53
2023-03-05,6,5,3,2023,True,26,False,False,True,False,False,865,980.7612798951615,82.19,6.5,15.31,346.09,-330.78,1175.75
2023-03-06,0,6,3,2023,False,25,False,False,False,False,False,865,980.7612798951615,82.15,6.5,24.64,9.87,14.77,1190.52
2023-03-07,1,7,3,2023,False,24,False,False,False,False,False,866,980.7612798951615,82.26,6.5,26.01,8.4,17.61,1208.13
2023-03-08,2,8,3,2023,False,23,False,False,False,False,True,866,980.7612798951615,82.23,6.5,10.04,9.85,0.19,1208.32
2023-03-09,3,9,3,2023,False,22,False,False,False,False,False,866,980.7612798951615,82.29,6.5,25.4,9.62,15.78,1224.1
2023-03-10,4,10,3,2023,False,21,False,False,False,False,False,866,980.7612798951615,82.21,6.5,24.22,11.33,12.89,1236.99
2023-03-11,5,11,3,2023,True,20,False,False,False,False,False,867,980.7612798951615,82.2,6.5,9.85,8.14,1.71,1238.7
2023-03-12,6,12,3,2023,True,19,False,False,False,False,False,867,980.7612798951615,82.12,6.5,11.6,8.34,3.26,1241.96
2023-03-13,0,13,3,2023,False,18,False,False,False,False,False,867,980.7612798951615,82.1,6.5,30.17,8.51,21.66,1263.62
2023-03-14,1,14,3,2023,False,17,False,False,False,False,False,867,980.7612798951615,82.16,6.5,27.33,8.35,18.98,1282.6
2023-03-15,2,15,3,2023,False,16,False,False,False,True,False,868,980.7612798951615,82.02,6.5,27.22,62.93,-35.71,1246.89
2023-03-16,3,16,3,2023,False,15,False,False,False,False,False,868,980.7612798951615,82.06,6.5,27.03,6.66,20.37,1267.26
2023-03-17,4,17,3,2023,False,14,False,False,False,False,False,868,980.7612798951615,82.08,6.5,26.23,8.41,17.82,1285.08
2023-03-18,5,18,3,2023,True,13,False,False,False,False,False,868,980.7612798951615,82.03,6.5,16.22,9.11,7.11,1292.19
2023-03-19,6,19,3,2023,True,12,False,False,False,False,False,868,980.7612798951615,81.91,6.5,11.35,8.36,2.99,1295.18
2023-03-20,0,20,3,2023,False,11,False,False,False,False,False,869,980.7612798951615,81.92,6.5,36.05,10.67,25.38,1320.56
2023-03-21,1,21,3,2023,False,10,False,False,False,False,False,869,980.7612798951615,81.88,6.5,28.14,8.81,19.33,1339.89
2023-03-22,2,22,3,2023,False,9,False,False,False,False,False,869,980.7612798951615,81.9,6.5,29.72,10.01,19.71,1359.6
2023-03-23,3,23,3,2023,False,8,False,False,False,False,False,869,980.7612798951615,81.9,6.5,27.03,9.03,18.0,1377.6
2023-03-24,4,24,3,2023,False,7,False,False,False,False,False,870,980.7612798951615,82.03,6.5,19.07,9.56,9.51,1387.11
2023-03-25,5,25,3,2023,True,6,False,True,False,False,False,870,980.7612798951615,82.01,6.5,8.39,9.05,-0.66,1386.45
2023-03-26,6,26,3,2023,True,5,False,True,False,False,False,870,980.7612798951615,81.93,6.5,7.76,10.1,-2.34,1384.11
2023-03-27,0,27,3,2023,False,4,True,True,False,False,False,870,980.7612798951615,81.94,6.5,29.72,8.85,20.87,1404.98
2023-03-28,1,28,3,2023,False,3,True,True,False,False,False,871,980.7612798951615,81.96,6.5,35.93,9.26,26.67,1431.65
2023-03-29,2,29,3,2023,False,2,True,True,False,False,False,871,980.7612798951615,82.07,6.5,56.56,9.14,47.42,1479.07
2023-03-30,3,30,3,2023,False,1,True,True,False,False,False,871,980.7612798951615,82.13,6.5,44.2,8.56,35.64,1514.71
2023-03-31,4,31,3,2023,False,0,True,True,False,False,False,871,980.7612798951615,82.16,6.5,56.21,9.18,47.03,1561.74
2023-04-01,5,1,4,2023,True,29,False,False,False,False,False,872,991.5141179097803,82.28,6.5,11.71,11.16,0.55,1562.29
2023-04-02,6,2,4,2023,True,28,False,False,False,False,False,872,991.5141179097803,82.18,6.5,12.52,8.69,3.83,1566.12
2023-04-03,0,3,4,2023,False,27,False,False,False,False,False,872,991.5141179097803,82.13,6.5,26.42,9.31,17.11,1583.23
2023-04-04,1,4,4,2023,False,26,False,False,False,False,False,872,991.5141179097803,82.06,6.5,34.14,10.12,24.02,1607.25
2023-04-05,2,5,4,2023,False,25,False,False,True,False,False,873,991.5141179097803,82.03,6.5,35.42,346.25,-310.83,1296.42
2023-04-06,3,6,4,2023,False,24,False,False,False,False,False,873,991.5141179097803,81.92,6.5,28.0,8.95,19.05,1315.47
2023-04-07,4,7,4,2023,False,23,False,False,False,False,False,873,991.5141179097803,81.97,6.5,34.36,7.04,27.32,1342.79
2023-04-08,5,8,4,2023,True,22,False,False,False,False,False,873,991.5141179097803,81.95,6.5,12.04,9.41,2.63,1345.42
2023-04-09,6,9,4,2023,True,21,False,False,False,False,False,874,991.5141179097803,81.83,6.5,9.85,7.17,2.68,1348.1
2023-04-10,0,10,4,2023,False,20,False,False,False,False,False,874,991.5141179097803,81.75,6.5,25.38,10.36,15.02,1363.12
2023-04-11,1,11,4,2023,False,19,False,False,False,False,False,874,991.5141179097803,81.78,6.5,25.1,9.1,16.0,1379.12
2023-04-12,2,12,4,2023,False,18,False,False,False,False,False,874,991.5141179097803,81.84,6.5,31.55,9.89,21.66,1400.78
2023-04-13,3,13,4,2023,False,17,False,False,False,False,False,874,991.5141179097803,82.0,6.5,32.95,8.18,24.77,1425.55
2023-04-14,4,14,4,2023,False,16,False,False,False,False,False,875,991.5141179097803,82.24,6.5,26.94,7.67,19.27,1444.82
2023-04-15,5,15,4,2023,True,15,False,False,False,True,False,875,991.5141179097803,82.27,6.5,10.93,70.78,-59.85,1384.97
2023-04-16,6,16,4,2023,True,14,False,False,False,False,False,875,991.5141179097803,82.19,6.5,12.05,8.93,3.12,1388.09
2023-04-17,0,17,4,2023,False,13,False,False,False,False,False,875,991.5141179097803,82.02,6.5,34.72,8.53,26.19,1414.28
2023-04-18,1,18,4,2023,False,12,False,False,False,False,False,876,991.5141179097803,82.04,6.5,41.08,9.04,32.04,1446.32
2023-04-19,2,19,4,2023,False,11,False,False,False,False,False,876,991.5141179097803,81.98,6.5,39.1,11.83,27.27,1473.59
2023-04-20,3,20,4,2023,False,10,False,False,False,False,False,876,991.5141179097803,81.94,6.5,25.94,9.75,16.19,1489.78
2023-04-21,4,21,4,2023,False,9,False,False,False,False,False,876,991.5141179097803,81.89,6.5,42.06,9.96,32.1,1521.88
2023-04-22,5,22,4,2023,True,8,False,False,False,False,False,877,991.5141179097803,81.88,6.5,9.88,9.77,0.11,1521.99
2023-04-23,6,23,4,2023,True,7,False,False,False,False,False,877,991.5141179097803,81.97,6.5,13.12,10.41,2.71,1524.7
2023-04-24,0,24,4,2023,False,6,False,False,False,False,False,877,991.5141179097803,81.98,6.5,31.45,8.81,22.64,1547.34
2023-04-25,1,25,4,2023,False,5,False,False,False,False,False,877,991.5141179097803,81.97,6.5,28.85,7.31,21.54,1568.88
2023-04-26,2,26,4,2023,False,4,True,False,False,False,False,878,991.5141179097803,81.88,6.5,32.54,8.82,23.72,1592.6
2023-04-27,3,27,4,2023,False,3,True,False,False,False,False,878,991.5141179097803,81.75,6.5,43.68,9.75,33.93,1626.53
2023-04-28,4,28,4,2023,False,2,True,False,False,False,False,878,991.5141179097803,81.71,6.5,34.02,8.16,25.86,1652.39
2023-04-29,5,29,4,2023,True,1,True,False,False,False,False,878,991.5141179097803,81.71,6.5,18.77,8.83,9.94,1662.33
2023-04-30,6,30,4,2023,True,0,True,False,False,False,False,879,991.5141179097803,81.85,6.5,20.72,8.4,12.32,1674.65
2023-05-01,0,1,5,2023,False,30,False,False,False,False,False,879,925.2241202836541,81.86,6.5,25.12,10.79,14.33,1688.98
2023-05-02,1,2,5,2023,False,29,False,False,False,False,False,879,925.2241202836541,81.94,6.5,30.61,10.0,20.61,1709.59
2023-05-03,2,3,5,2023,False,28,False,False,False,False,False,879,925.2241202836541,81.9,6.5,25.44,9.91,15.53,1725.12
2023-05-04,3,4,5,2023,False,27,False,False,False,False,False,880,925.2241202836541,81.8,6.5,25.89,9.89,16.0,1741.12
2023-05-05,4,5,5,2023,False,26,False,False,True,False,False,880,925.2241202836541,81.73,6.5,33.33,308.14,-274.81,1466.31
2023-05-06,5,6,5,2023,True,25,False,False,False,False,False,880,925.2241202836541,81.67,6.5,10.08,9.48,0.6,1466.91
2023-05-07,6,7,5,2023,True,24,False,False,False,False,False,880,925.2241202836541,81.84,6.5,13.88,8.25,5.63,1472.54
2023-05-08,0,8,5,2023,False,23,False,False,False,False,False,880,925.2241202836541,81.77,6.5,26.58,7.47,19.11,1491.65
2023-05-09,1,9,5,2023,False,22,False,False,False,False,False,881,925.2241202836541,81.84,6.5,34.7,9.44,25.26,1516.91
2023-05-10,2,10,5,2023,False,21,False,False,False,False,False,881,925.2241202836541,81.77,6.5,29.5,9.61,19.89,1536.8
2023-05-11,3,11,5,2023,False,20,False,False,False,False,False,881,925.2241202836541,81.84,6.5,33.46,10.5,22.96,1559.76
2023-05-12,4,12,5,2023,False,19,False,False,False,False,False,881,925.2241202836541,81.87,6.5,26.75,10.89,15.86,1575.62
2023-05-13,5,13,5,2023,True,18,False,False,False,False,False,882,925.2241202836541,81.86,6.5,10.06,10.9,-0.84,1574.78
2023-05-14,6,14,5,2023,True,17,False,False,False,False,False,882,925.2241202836541,81.86,6.5,9.94,8.43,1.51,1576.29
2023-05-15,0,15,5,2023,False,16,False,False,False,True,False,882,925.2241202836541,81.8,6.5,24.94,66.91,-41.97,1534.32
2023-05-16,1,16,5,2023,False,15,False,False,False,False,False,882,925.2241202836541,81.84,6.5,32.66,9.77,22.89,1557.21
2023-05-17,2,17,5,2023,False,14,False,False,False,False,False,883,925.2241202836541,81.8,6.5,32.59,12.01,20.58,1577.79
2023-05-18,3,18,5,2023,False,13,False,False,False,False,False,883,925.2241202836541,81.71,6.5,32.26,10.81,21.45,1599.24
2023-05-19,4,19,5,2023,False,12,False,False,False,False,False,883,925.2241202836541,81.6,6.5,38.23,10.43,27.8,1627.04
2023-05-20,5,20,5,2023,True,11,False,False,False,False,False,883,925.2241202836541,81.62,6.5,13.17,8.97,4.2,1631.24
2023-05-21,6,21,5,2023,True,10,False,False,False,False,False,884,925.2241202836541,81.74,6.5,9.48,8.55,0.93,1632.17
2023-05-22,0,22,5,2023,False,9,False,False,False,False,False,884,925.2241202836541,81.76,6.5,31.0,10.1,20.9,1653.07
2023-05-23,1,23,5,2023,False,8,False,False,False,False,False,884,925.2241202836541,81.75,6.5,25.91,8.36,17.55,1670.62
2023-05-24,2,24,5,2023,False,7,False,False,False,False,False,884,925.2241202836541,81.77,6.5,29.11,9.12,19.99,1690.61
2023-05-25,3,25,5,2023,False,6,False,False,False,False,False,885,925.2241202836541,81.87,6.5,26.02,9.24,16.78,1707.39
2023-05-26,4,26,5,2023,False,5,False,False,False,False,False,885,925.2241202836541,81.89,6.5,38.81,10.96,27.85,1735.24
2023-05-27,5,27,5,2023,True,4,True,False,False,False,False,885,925.2241202836541,81.86,6.5,15.71,9.02,6.69,1741.93
2023-05-28,6,28,5,2023,True,3,True,False,False,False,False,885,925.2241202836541,81.95,6.5,14.15,7.32,6.83,1748.76
2023-05-29,0,29,5,2023,False,2,True,False,False,False,False,886,925.2241202836541,81.98,6.5,52.11,9.84,42.27,1791.03
2023-05-30,1,30,5,2023,False,1,True,False,False,False,False,886,925.2241202836541,82.1,6.5,28.44,8.72,19.72,1810.75
2023-05-31,2,31,5,2023,False,0,True,False,False,False,False,886,925.2241202836541,82.12,6.5,29.25,9.4,19.85,1830.6
2023-06-01,3,1,6,2023,False,29,False,False,False,False,False,886,947.4455123284421,82.02,6.5,34.26,9.66,24.6,1855.2
2023-06-02,4,2,6,2023,False,28,False,False,False,False,False,886,947.4455123284421,81.91,6.5,30.01,9.48,20.53,1875.73
2023-06-03,5,3,6,2023,True,27,False,False,False,False,False,887,947.4455123284421,82.04,6.5,10.87,10.56,0.31,1876.04
2023-06-04,6,4,6,2023,True,26,False,False,False,False,False,887,947.4455123284421,82.18,6.5,8.18,8.37,-0.19,1875.85
2023-06-05,0,5,6,2023,False,25,False,False,True,False,False,887,947.4455123284421,82.17,6.5,29.56,294.15,-264.59,1611.26
2023-06-06,1,6,6,2023,False,24,False,False,False,False,False,887,947.4455123284421,82.14,6.5,42.58,10.45,32.13,1643.39
2023-06-07,2,7,6,2023,False,23,False,False,False,False,False,888,947.4455123284421,82.25,6.5,34.43,9.19,25.24,1668.63
2023-06-08,3,8,6,2023,False,22,False,False,False,False,False,888,947.4455123284421,82.17,6.5,30.61,8.32,22.29,1690.92
2023-06-09,4,9,6,2023,False,21,False,False,False,False,False,888,947.4455123284421,82.09,6.5,27.43,10.44,16.99,1707.91
2023-06-10,5,10,6,2023,True,20,False,False,False,False,False,888,947.4455123284421,82.15,6.5,9.68,10.93,-1.25,1706.66
2023-06-11,6,11,6,2023,True,19,False,False,False,False,False,889,947.4455123284421,82.11,6.5,7.08,9.74,-2.66,1704.0
2023-06-12,0,12,6,2023,False,18,False,False,False,False,False,889,947.4455123284421,82.11,6.5,31.1,8.04,23.06,1727.06
2023-06-13,1,13,6,2023,False,17,False,False,False,False,False,889,947.4455123284421,82.1,6.5,34.57,10.49,24.08,1751.14
2023-06-14,2,14,6,2023,False,16,False,False,False,False,False,889,947.4455123284421,82.13,6.5,22.36,8.28,14.08,1765.22
2023-06-15,3,15,6,2023,False,15,False,False,False,True,False,890,947.4455123284421,82.24,6.5,26.35,71.98,-45.63,1719.59
2023-06-16,4,16,6,2023,False,14,False,False,False,False,False,890,947.4455123284421,82.25,6.5,24.1,8.96,15.14,1734.73
2023-06-17,5,17,6,2023,True,13,False,False,False,False,False,890,947.4455123284421,82.3,6.5,8.73,8.72,0.01,1734.74
2023-06-18,6,18,6,2023,True,12,False,False,False,False,False,890,947.4455123284421,82.13,6.5,10.49,9.37,1.12,1735.86
2023-06-19,0,19,6,2023,False,11,False,False,False,False,False,891,947.4455123284421,82.13,6.5,20.4,9.62,10.78,1746.64
2023-06-20,1,20,6,2023,False,10,False,False,False,False,False,891,947.4455123284421,82.06,6.5,33.16,9.19,23.97,1770.61
2023-06-21,2,21,6,2023,False,9,False,False,False,False,False,891,947.4455123284421,81.97,6.5,34.0,10.4,23.6,1794.21
2023-06-22,3,22,6,2023,False,8,False,False,False,False,False,891,947.4455123284421,81.9,6.5,28.37,9.37,19.0,1813.21
2023-06-23,4,23,6,2023,False,7,False,False,False,False,False,892,947.4455123284421,81.87,6.5,18.99,10.82,8.17,1821.38
2023-06-24,5,24,6,2023,True,6,False,True,False,False,False,892,947.4455123284421,81.94,6.5,8.68,10.09,-1.41,1819.97
2023-06-25,6,25,6,2023,True,5,False,True,False,False,False,892,947.4455123284421,81.84,6.5,12.97,9.15,3.82,1823.79
2023-06-26,0,26,6,2023,False,4,True,True,False,False,False,892,947.4455123284421,81.84,6.5,26.11,9.0,17.11,1840.9
2023-06-27,1,27,6,2023,False,3,True,True,False,False,False,892,947.4455123284421,81.8,6.5,40.44,8.32,32.12,1873.02
2023-06-28,2,28,6,2023,False,2,True,True,False,False,False,893,947.4455123284421,81.77,6.5,34.81,10.11,24.7,1897.72
2023-06-29,3,29,6,2023,False,1,True,True,False,False,False,893,947.4455123284421,81.85,6.5,49.75,9.48,40.27,1937.99
2023-06-30,4,30,6,2023,False,0,True,True,False,False,False,893,947.4455123284421,81.9,6.5,38.12,7.75,30.37,1968.36
2023-07-01,5,1,7,2023,True,30,False,False,False,False,False,893,989.1960100791821,82.0,6.5,11.67,9.68,1.99,1970.35
2023-07-02,6,2,7,2023,True,29,False,False,False,False,False,894,989.1960100791821,81.99,6.5,12.01,9.35,2.66,1973.01
2023-07-03,0,3,7,2023,False,28,False,False,False,False,False,894,989.1960100791821,81.94,6.5,43.14,11.97,31.17,2004.18
2023-07-04,1,4,7,2023,False,27,False,False,False,False,False,894,989.1960100791821,81.92,6.5,29.88,8.63,21.25,2025.43
2023-07-05,2,5,7,2023,False,26,False,False,True,False,False,894,989.1960100791821,81.94,6.5,33.17,268.59,-235.42,1790.01
2023-07-06,3,6,7,2023,False,25,False,False,False,False,False,895,989.1960100791821,81.95,6.5,23.72,11.44,12.28,1802.29
2023-07-07,4,7,7,2023,False,24,False,False,False,False,False,895,989.1960100791821,81.86,6.5,38.4,11.73,26.67,1828.96
2023-07-08,5,8,7,2023,True,23,False,False,False,False,False,895,989.1960100791821,81.87,6.5,9.46,9.5,-0.04,1828.92
2023-07-09,6,9,7,2023,True,22,False,False,False,False,False,895,989.1960100791821,81.89,6.5,9.81,9.61,0.2,1829.12
2023-07-10,0,10,7,2023,False,21,False,False,False,False,False,896,989.1960100791821,82.09,6.5,30.87,10.9,19.97,1849.09
2023-07-11,1,11,7,2023,False,20,False,False,False,False,False,896,989.1960100791821,82.24,6.5,23.39,8.12,15.27,1864.36
2023-07-12,2,12,7,2023,False,19,False,False,False,False,False,896,989.1960100791821,82.17,6.5,32.3,8.51,23.79,1888.15
2023-07-13,3,13,7,2023,False,18,False,False,False,False,False,896,989.1960100791821,82.15,6.5,36.89,9.97,26.92,1915.07
2023-07-14,4,14,7,2023,False,17,False,False,False,False,False,897,989.1960100791821,82.03,6.5,32.67,11.98,20.69,1935.76
2023-07-15,5,15,7,2023,True,16,False,False,False,True,False,897,989.1960100791821,81.99,6.5,8.15,67.27,-59.12,1876.64
2023-07-16,6,16,7,2023,True,15,False,False,False,False,False,897,989.1960100791821,82.01,6.5,10.61,10.37,0.24,1876.88
2023-07-17,0,17,7,2023,False,14,False,False,False,False,False,897,989.1960100791821,82.11,6.5,35.42,11.49,23.93,1900.81
2023-07-18,1,18,7,2023,False,13,False,False,False,False,False,898,989.1960100791821,82.05,6.5,22.1,12.68,9.42,1910.23
2023-07-19,2,19,7,2023,False,12,False,False,False,False,False,898,989.1960100791821,82.0,6.5,25.54,9.7,15.84,1926.07
2023-07-20,3,20,7,2023,False,11,False,False,False,False,False,898,989.1960100791821,81.83,6.5,36.29,10.26,26.03,1952.1
2023-07-21,4,21,7,2023,False,10,False,False,False,False,False,898,989.1960100791821,81.81,6.5,32.54,12.33,20.21,1972.31
2023-07-22,5,22,7,2023,True,9,False,False,False,False,False,898,989.1960100791821,81.73,6.5,11.68,8.82,2.86,1975.17
2023-07-23,6,23,7,2023,True,8,False,False,False,False,False,899,989.1960100791821,81.68,6.5,15.16,11.4,3.76,1978.93
2023-07-24,0,24,7,2023,False,7,False,False,False,False,False,899,989.1960100791821,81.61,6.5,33.72,9.29,24.43,2003.36
2023-07-25,1,25,7,2023,False,6,False,False,False,False,False,899,989.1960100791821,81.61,6.5,34.89,10.39,24.5,2027.86
2023-07-26,2,26,7,2023,False,5,False,False,False,False,False,899,989.1960100791821,81.47,6.5,50.49,10.04,40.45,2068.31
2023-07-27,3,27,7,2023,False,4,True,False,False,False,False,900,989.1960100791821,81.35,6.5,43.25,9.36,33.89,2102.2
2023-07-28,4,28,7,2023,False,3,True,False,False,False,False,900,989.1960100791821,81.52,6.5,38.93,9.33,29.6,2131.8
2023-07-29,5,29,7,2023,True,2,True,False,False,False,False,900,989.1960100791821,81.42,6.5,16.99,10.58,6.41,2138.21
2023-07-30,6,30,7,2023,True,1,True,False,False,False,False,900,989.1960100791821,81.33,6.5,17.02,11.37,5.65,2143.86
2023-07-31,0,31,7,2023,False,0,True,False,False,False,False,901,989.1960100791821,81.48,6.5,40.88,10.17,30.71,2174.57
2023-08-01,1,1,8,2023,False,30,False,False,False,False,False,901,984.0939351914104,81.71,6.5,25.61,10.67,14.94,2189.51
2023-08-02,2,2,8,2023,False,29,False,False,False,False,False,901,984.0939351914104,81.61,6.5,46.73,11.22,35.51,2225.02
2023-08-03,3,3,8,2023,False,28,False,False,False,False,False,901,984.0939351914104,81.58,6.5,32.7,9.62,23.08,2248.1
2023-08-04,4,4,8,2023,False,27,False,False,False,False,False,902,984.0939351914104,81.61,6.5,27.03,11.42,15.61,2263.71
2023-08-05,5,5,8,2023,True,26,False,False,True,False,False,902,984.0939351914104,81.75,6.5,12.73,337.13,-324.4,1939.31
2023-08-06,6,6,8,2023,True,25,False,False,False,False,False,902,984.0939351914104,81.67,6.5,10.58,13.76,-3.18,1936.13
2023-08-07,0,7,8,2023,False,24,False,False,False,False,False,902,984.0939351914104,81.65,6.5,29.46,10.22,19.24,1955.37
2023-08-08,1,8,8,2023,False,23,False,False,False,False,False,903,984.0939351914104,81.71,6.5,34.12,10.15,23.97,1979.34
2023-08-09,2,9,8,2023,False,22,False,False,False,False,False,903,984.0939351914104,81.75,6.5,24.44,11.47,12.97,1992.31
2023-08-10,3,10,8,2023,False,21,False,False,False,False,False,903,984.0939351914104,81.72,6.5,32.86,11.53,21.33,2013.64
2023-08-11,4,11,8,2023,False,20,False,False,False,False,False,903,984.0939351914104,81.71,6.5,43.51,10.07,33.44,2047.08
2023-08-12,5,12,8,2023,True,19,False,False,False,False,False,904,984.0939351914104,81.6,6.5,11.74,10.21,1.53,2048.61
2023-08-13,6,13,8,2023,True,18,False,False,False,False,False,904,984.0939351914104,81.58,6.5,10.09,11.22,-1.13,2047.48
2023-08-14,0,14,8,2023,False,17,False,False,False,False,False,904,984.0939351914104,81.56,6.5,28.14,9.79,18.35,2065.83
2023-08-15,1,15,8,2023,False,16,False,False,False,True,True,904,984.0939351914104,81.58,6.5,7.16,67.79,-60.63,2005.2
2023-08-16,2,16,8,2023,False,15,False,False,False,False,False,904,984.0939351914104,81.53,6.5,29.46,10.73,18.73,2023.93
2023-08-17,3,17,8,2023,False,14,False,False,False,False,False,905,984.0939351914104,81.57,6.5,28.81,11.76,17.05,2040.98
2023-08-18,4,18,8,2023,False,13,False,False,False,False,False,905,984.0939351914104,81.65,6.5,36.36,10.02,26.34,2067.32
2023-08-19,5,19,8,2023,True,12,False,False,False,False,False,905,984.0939351914104,81.66,6.5,7.9,8.85,-0.95,2066.37
2023-08-20,6,20,8,2023,True,11,False,False,False,False,False,905,984.0939351914104,81.69,6.5,12.6,8.79,3.81,2070.18
2023-08-21,0,21,8,2023,False,10,False,False,False,False,False,906,984.0939351914104,81.7,6.5,28.8,9.4,19.4,2089.58
2023-08-22,1,22,8,2023,False,9,False,False,False,False,False,906,984.0939351914104,81.7,6.5,33.0,9.35,23.65,2113.23
2023-08-23,2,23,8,2023,False,8,False,False,False,False,False,906,984.0939351914104,81.64,6.5,25.17,10.49,14.68,2127.91
2023-08-24,3,24,8,2023,False,7,False,False,False,False,False,906,984.0939351914104,81.66,6.5,39.17,9.46,29.71,2157.62
2023-08-25,4,25,8,2023,False,6,False,False,False,False,False,907,984.0939351914104,81.66,6.5,38.58,9.94,28.64,2186.26
2023-08-26,5,26,8,2023,True,5,False,False,False,False,False,907,984.0939351914104,81.82,6.5,12.83,9.87,2.96,2189.22
2023-08-27,6,27,8,2023,True,4,True,False,False,False,False,907,984.0939351914104,81.95,6.5,11.91,10.21,1.7,2190.92
2023-08-28,0,28,8,2023,False,3,True,False,False,False,False,907,984.0939351914104,81.98,6.5,51.91,12.18,39.73,2230.65
2023-08-29,1,29,8,2023,False,2,True,False,False,False,False,908,984.0939351914104,81.92,6.5,48.09,11.41,36.68,2267.33
2023-08-30,2,30,8,2023,False,1,True,False,False,False,False,908,984.0939351914104,81.83,6.5,33.49,10.7,22.79,2290.12
2023-08-31,3,31,8,2023,False,0,True,False,False,False,False,908,984.0939351914104,81.92,6.5,44.52,10.2,34.32,2324.44
2023-09-01,4,1,9,2023,False,29,False,False,False,False,False,908,997.5799710623928,81.95,6.5,33.38,10.33,23.05,2347.49
2023-09-02,5,2,9,2023,True,28,False,False,False,False,False,909,997.5799710623928,81.98,6.5,12.09,11.16,0.93,2348.42
2023-09-03,6,3,9,2023,True,27,False,False,False,False,False,909,997.5799710623928,81.84,6.5,11.29,11.45,-0.16,2348.26
2023-09-04,0,4,9,2023,False,26,False,False,False,False,False,909,997.5799710623928,81.92,6.5,32.94,9.86,23.08,2371.34
2023-09-05,1,5,9,2023,False,25,False,False,True,False,False,909,997.5799710623928,81.96,6.5,40.75,311.93,-271.18,2100.16
2023-09-06,2,6,9,2023,False,24,False,False,False,False,False,910,997.5799710623928,81.87,6.5,38.98,8.82,30.16,2130.32
2023-09-07,3,7,9,2023,False,23,False,False,False,False,False,910,997.5799710623928,81.83,6.5,18.66,11.04,7.62,2137.94
2023-09-08,4,8,9,2023,False,22,False,False,False,False,False,910,997.5799710623928,81.85,6.5,29.52,11.67,17.85,2155.79
2023-09-09,5,9,9,2023,True,21,False,False,False,False,False,910,997.5799710623928,81.85,6.5,10.62,10.51,0.11,2155.9
2023-09-10,6,10,9,2023,True,20,False,False,False,False,False,910,997.5799710623928,81.83,6.5,7.98,12.96,-4.98,2150.92
2023-09-11,0,11,9,2023,False,19,False,False,False,False,False,911,997.5799710623928,81.82,6.5,31.79,9.91,21.88,2172.8
2023-09-12,1,12,9,2023,False,18,False,False,False,False,False,911,997.5799710623928,81.8,6.5,39.14,11.06,28.08,2200.88
2023-09-13,2,13,9,2023,False,17,False,False,False,False,False,911,997.5799710623928,81.81,6.5,25.7,10.78,14.92,2215.8
2023-09-14,3,14,9,2023,False,16,False,False,False,False,False,911,997.5799710623928,81.93,6.5,33.21,10.71,22.5,2238.3
2023-09-15,4,15,9,2023,False,15,False,False,False,True,False,912,997.5799710623928,81.73,6.5,26.51,70.03,-43.52,2194.78
2023-09-16,5,16,9,2023,True,14,False,False,False,False,False,912,997.5799710623928,81.71,6.5,9.69,10.95,-1.26,2193.52
2023-09-17,6,17,9,2023,True,13,False,False,False,False,False,912,997.5799710623928,81.72,6.5,14.27,11.79,2.48,2196.0
2023-09-18,0,18,9,2023,False,12,False,False,False,False,False,912,997.5799710623928,81.75,6.5,28.35,12.43,15.92,2211.92
2023-09-19,1,19,9,2023,False,11,False,False,False,False,False,913,997.5799710623928,81.72,6.5,33.97,10.84,23.13,2235.05
2023-09-20,2,20,9,2023,False,10,False,False,False,False,False,913,997.5799710623928,81.58,6.5,22.32,11.77,10.55,2245.6
2023-09-21,3,21,9,2023,False,9,False,False,False,False,False,913,997.5799710623928,81.6,6.5,43.71,10.11,33.6,2279.2
2023-09-22,4,22,9,2023,False,8,False,False,False,False,False,913,997.5799710623928,81.74,6.5,34.84,11.71,23.13,2302.33
2023-09-23,5,23,9,2023,True,7,False,False,False,False,False,914,997.5799710623928,81.62,6.5,10.59,10.06,0.53,2302.86
2023-09-24,6,24,9,2023,True,6,False,True,False,False,False,914,997.5799710623928,81.69,6.5,12.13,12.11,0.02,2302.88
2023-09-25,0,25,9,2023,False,5,False,True,False,False,False,914,997.5799710623928,81.66,6.5,24.25,13.54,10.71,2313.59
2023-09-26,1,26,9,2023,False,4,True,True,False,False,False,914,997.5799710623928,81.65,6.5,56.07,10.73,45.34,2358.93
2023-09-27,2,27,9,2023,False,3,True,True,False,False,False,915,997.5799710623928,81.57,6.5,42.76,8.73,34.03,2392.96
2023-09-28,3,28,9,2023,False,2,True,True,False,False,False,915,997.5799710623928,81.54,6.5,43.69,10.29,33.4,2426.36
2023-09-29,4,29,9,2023,False,1,True,True,False,False,False,915,997.5799710623928,81.65,6.5,41.48,12.3,29.18,2455.54
2023-09-30,5,30,9,2023,True,0,True,True,False,False,False,915,997.5799710623928,81.69,6.5,14.29,11.49,2.8,2458.34
2023-10-01,6,1,10,2023,True,30,False,False,False,False,False,916,1122.6739018106605,81.83,6.5,13.95,11.05,2.9,2461.24
2023-10-02,0,2,10,2023,False,29,False,False,False,False,False,916,1122.6739018106605,81.93,6.5,36.84,11.92,24.92,2486.16
2023-10-03,1,3,10,2023,False,28,False,False,False,False,False,916,1122.6739018106605,81.96,6.5,39.56,11.31,28.25,2514.41
2023-10-04,2,4,10,2023,False,27,False,False,False,False,False,916,1122.6739018106605,82.1,6.5,35.12,12.17,22.95,2537.36
2023-10-05,3,5,10,2023,False,26,False,False,True,False,False,916,1122.6739018106605,82.14,6.5,38.58,340.7,-302.12,2235.24
2023-10-06,4,6,10,2023,False,25,False,False,False,False,False,917,1122.6739018106605,82.2,6.5,32.62,12.56,20.06,2255.3
2023-10-07,5,7,10,2023,True,24,False,False,False,False,False,917,1122.6739018106605,82.18,6.5,18.39,11.18,7.21,2262.51
2023-10-08,6,8,10,2023,True,23,False,False,False,False,False,917,1122.6739018106605,82.18,6.5,9.28,11.81,-2.53,2259.98
2023-10-09,0,9,10,2023,False,22,False,False,False,False,False,917,1122.6739018106605,82.13,6.5,44.14,10.46,33.68,2293.66
2023-10-10,1,10,10,2023,False,21,False,False,False,False,False,918,1122.6739018106605,82.21,6.5,45.0,10.17,34.83,2328.49
2023-10-11,2,11,10,2023,False,20,False,False,False,False,False,918,1122.6739018106605,82.11,6.5,30.17,12.81,17.36,2345.85
2023-10-12,3,12,10,2023,False,19,False,False,False,False,False,918,1122.6739018106605,82.18,6.5,52.54,11.03,41.51,2387.36
2023-10-13,4,13,10,2023,False,18,False,False,False,False,False,918,1122.6739018106605,82.16,6.5,42.08,11.7,30.38,2417.74
2023-10-14,5,14,10,2023,True,17,False,False,False,False,False,919,1122.6739018106605,82.25,6.5,14.66,10.94,3.72,2421.46
2023-10-15,6,15,10,2023,True,16,False,False,False,True,False,919,1122.6739018106605,82.32,6.5,12.37,66.78,-54.41,2367.05
2023-10-16,0,16,10,2023,False,15,False,False,False,False,False,919,1122.6739018106605,82.46,6.5,33.83,10.82,23.01,2390.06
2023-10-17,1,17,10,2023,False,14,False,False,False,False,False,919,1122.6739018106605,82.52,6.5,33.88,12.48,21.4,2411.46
2023-10-18,2,18,10,2023,False,13,False,False,False,False,False,920,1122.6739018106605,82.39,6.5,37.74,11.44,26.3,2437.76
2023-10-19,3,19,10,2023,False,12,False,False,False,False,False,920,1122.6739018106605,82.39,6.5,45.27,9.12,36.15,2473.91
2023-10-20,4,20,10,2023,False,11,False,False,False,False,False,920,1122.6739018106605,82.29,6.5,36.34,10.59,25.75,2499.66
2023-10-21,5,21,10,2023,True,10,False,False,False,False,False,920,1122.6739018106605,82.25,6.5,10.45,12.93,-2.48,2497.18
2023-10-22,6,22,10,2023,True,9,False,False,False,False,False,921,1122.6739018106605,82.37,6.5,14.28,10.6,3.68,2500.86
2023-10-23,0,23,10,2023,False,8,False,False,False,False,False,921,1122.6739018106605,82.42,6.5,41.52,9.05,32.47,2533.33
2023-10-24,1,24,10,2023,False,7,False,False,False,False,False,921,1122.6739018106605,82.37,6.5,39.58,13.09,26.49,2559.82
2023-10-25,2,25,10,2023,False,6,False,False,False,False,False,921,1122.6739018106605,82.29,6.5,40.23,11.6,28.63,2588.45
2023-10-26,3,26,10,2023,False,5,False,False,False,False,False,922,1122.6739018106605,82.29,6.5,33.5,10.77,22.73,2611.18
2023-10-27,4,27,10,2023,False,4,True,False,False,False,False,922,1122.6739018106605,82.19,6.5,43.15,10.45,32.7,2643.88
2023-10-28,5,28,10,2023,True,3,True,False,False,False,False,922,1122.6739018106605,82.14,6.5,15.27,12.08,3.19,2647.07
2023-10-29,6,29,10,2023,True,2,True,False,False,False,False,922,1122.6739018106605,82.16,6.5,13.3,10.27,3.03,2650.1
2023-10-30,0,30,10,2023,False,1,True,False,False,False,False,922,1122.6739018106605,82.26,6.5,53.23,12.16,41.07,2691.17
2023-10-31,1,31,10,2023,False,0,True,False,False,False,False,923,1122.6739018106605,82.31,6.5,50.25,11.46,38.79,2729.96
2023-11-01,2,1,11,2023,False,29,False,False,False,False,False,923,1171.9849493715708,82.12,6.5,33.93,10.82,23.11,2753.07
2023-11-02,3,2,11,2023,False,28,False,False,False,False,False,923,1171.9849493715708,82.15,6.5,21.57,10.71,10.86,2763.93
2023-11-03,4,3,11,2023,False,27,False,False,False,False,False,923,1171.9849493715708,82.15,6.5,29.34,10.38,18.96,2782.89
2023-11-04,5,4,11,2023,True,26,False,False,False,False,False,924,1171.9849493715708,82.19,6.5,15.73,11.74,3.99,2786.88
2023-11-05,6,5,11,2023,True,25,False,False,True,False,False,924,1171.9849493715708,82.31,6.5,11.4,284.83,-273.43,2513.45
2023-11-06,0,6,11,2023,False,24,False,False,False,False,False,924,1171.9849493715708,82.15,6.5,39.18,8.99,30.19,2543.64
2023-11-07,1,7,11,2023,False,23,False,False,False,False,False,924,1171.9849493715708,82.1,6.5,28.59,11.24,17.35,2560.99
2023-11-08,2,8,11,2023,False,22,False,False,False,False,False,925,1171.9849493715708,82.15,6.5,47.58,11.27,36.31,2597.3
2023-11-09,3,9,11,2023,False,21,False,False,False,False,False,925,1171.9849493715708,82.02,6.5,35.78,11.1,24.68,2621.98
2023-11-10,4,10,11,2023,False,20,False,False,False,False,False,925,1171.9849493715708,82.14,6.5,38.69,11.02,27.67,2649.65
2023-11-11,5,11,11,2023,True,19,False,False,False,False,False,925,1171.9849493715708,82.17,6.5,19.53,10.25,9.28,2658.93
2023-11-12,6,12,11,2023,True,18,False,False,False,False,True,926,1171.9849493715708,82.24,6.5,4.22,11.46,-7.24,2651.69
2023-11-13,0,13,11,2023,False,17,False,False,False,False,False,926,1171.9849493715708,82.19,6.5,34.75,10.55,24.2,2675.89
2023-11-14,1,14,11,2023,False,16,False,False,False,False,False,926,1171.9849493715708,82.26,6.5,33.0,10.09,22.91,2698.8
2023-11-15,2,15,11,2023,False,15,False,False,False,True,False,926,1171.9849493715708,82.34,6.5,34.63,68.43,-33.8,2665.0
2023-11-16,3,16,11,2023,False,14,False,False,False,False,False,927,1171.9849493715708,82.36,6.5,40.25,12.98,27.27,2692.27
2023-11-17,4,17,11,2023,False,13,False,False,False,False,False,927,1171.9849493715708,82.38,6.5,36.03,8.92,27.11,2719.38
2023-11-18,5,18,11,2023,True,12,False,False,False,False,False,927,1171.9849493715708,82.4,6.5,11.97,11.15,0.82,2720.2
2023-11-19,6,19,11,2023,True,11,False,False,False,False,False,927,1171.9849493715708,82.33,6.5,16.74,8.97,7.77,2727.97
2023-11-20,0,20,11,2023,False,10,False,False,False,False,False,928,1171.9849493715708,82.32,6.5,35.97,10.5,25.47,2753.44
2023-11-21,1,21,11,2023,False,9,False,False,False,False,False,928,1171.9849493715708,82.31,6.5,55.55,10.17,45.38,2798.82
2023-11-22,2,22,11,2023,False,8,False,False,False,False,False,928,1171.9849493715708,82.34,6.5,37.33,8.62,28.71,2827.53
2023-11-23,3,23,11,2023,False,7,False,False,False,False,False,928,1171.9849493715708,82.42,6.5,50.64,11.04,39.6,2867.13
2023-11-24,4,24,11,2023,False,6,False,False,False,False,False,928,1171.9849493715708,82.34,6.5,39.16,10.22,28.94,2896.07
2023-11-25,5,25,11,2023,True,5,False,False,False,False,False,929,1171.9849493715708,82.33,6.5,15.29,8.62,6.67,2902.74
2023-11-26,6,26,11,2023,True,4,True,False,False,False,False,929,1171.9849493715708,82.44,6.5,16.36,11.56,4.8,2907.54
2023-11-27,0,27,11,2023,False,3,True,False,False,False,False,929,1171.9849493715708,82.38,6.5,45.66,12.27,33.39,2940.93
2023-11-28,1,28,11,2023,False,2,True,False,False,False,False,929,1171.9849493715708,82.32,6.5,57.84,12.34,45.5,2986.43
2023-11-29,2,29,11,2023,False,1,True,False,False,False,False,930,1171.9849493715708,82.33,6.5,63.62,11.03,52.59,3039.02
2023-11-30,3,30,11,2023,False,0,True,False,False,False,False,930,1171.9849493715708,82.4,6.5,53.63,10.69,42.94,3081.96
2023-12-01,4,1,12,2023,False,30,False,False,False,False,False,930,1175.4447983857237,82.4,6.5,29.22,11.68,17.54,3099.5
2023-12-02,5,2,12,2023,True,29,False,False,False,False,False,930,1175.4447983857237,82.51,6.5,10.09,12.1,-2.01,3097.49
2023-12-03,6,3,12,2023,True,28,False,False,False,False,False,931,1175.4447983857237,82.58,6.5,9.97,11.47,-1.5,3095.99
2023-12-04,0,4,12,2023,False,27,False,False,False,False,False,931,1175.4447983857237,82.65,6.5,26.79,9.32,17.47,3113.46
2023-12-05,1,5,12,2023,False,26,False,False,True,False,False,931,1175.4447983857237,82.69,6.5,37.56,316.55,-278.99,2834.47
2023-12-06,2,6,12,2023,False,25,False,False,False,False,False,931,1175.4447983857237,82.88,6.5,45.1,10.7,34.4,2868.87
2023-12-07,3,7,12,2023,False,24,False,False,False,False,False,932,1175.4447983857237,82.86,6.5,36.74,8.55,28.19,2897.06
2023-12-08,4,8,12,2023,False,23,False,False,False,False,False,932,1175.4447983857237,82.7,6.5,24.52,10.74,13.78,2910.84
2023-12-09,5,9,12,2023,True,22,False,False,False,False,False,932,1175.4447983857237,82.83,6.5,12.46,12.87,-0.41,2910.43
2023-12-10,6,10,12,2023,True,21,False,False,False,False,False,932,1175.4447983857237,82.79,6.5,12.52,10.93,1.59,2912.02
2023-12-11,0,11,12,2023,False,20,False,False,False,False,False,933,1175.4447983857237,82.8,6.5,53.71,11.89,41.82,2953.84
2023-12-12,1,12,12,2023,False,19,False,False,False,False,False,933,1175.4447983857237,82.9,6.5,28.33,10.45,17.88,2971.72
2023-12-13,2,13,12,2023,False,18,False,False,False,False,False,933,1175.4447983857237,82.78,6.5,34.33,10.19,24.14,2995.86
2023-12-14,3,14,12,2023,False,17,False,False,False,False,False,933,1175.4447983857237,82.68,6.5,50.07,10.66,39.41,3035.27
2023-12-15,4,15,12,2023,False,16,False,False,False,True,False,934,1175.4447983857237,82.55,6.5,39.94,64.77,-24.83,3010.44
2023-12-16,5,16,12,2023,True,15,False,False,False,False,False,934,1175.4447983857237,82.48,6.5,14.27,9.33,4.94,3015.38
2023-12-17,6,17,12,2023,True,14,False,False,False,False,False,934,1175.4447983857237,82.52,6.5,13.16,11.66,1.5,3016.88
2023-12-18,0,18,12,2023,False,13,False,False,False,False,False,934,1175.4447983857237,82.56,6.5,39.08,11.79,27.29,3044.17
2023-12-19,1,19,12,2023,False,12,False,False,False,False,False,934,1175.4447983857237,82.58,6.5,42.36,9.3,33.06,3077.23
2023-12-20,2,20,12,2023,False,11,False,False,False,False,False,935,1175.4447983857237,82.47,6.5,31.84,11.33,20.51,3097.74
2023-12-21,3,21,12,2023,False,10,False,False,False,False,False,935,1175.4447983857237,82.29,6.5,43.14,10.2,32.94,3130.68
2023-12-22,4,22,12,2023,False,9,False,False,False,False,False,935,1175.4447983857237,82.29,6.5,28.77,10.64,18.13,3148.81
2023-12-23,5,23,12,2023,True,8,False,False,False,False,False,935,1175.4447983857237,82.25,6.5,13.68,10.77,2.91,3151.72
2023-12-24,6,24,12,2023,True,7,False,False,False,False,False,936,1175.4447983857237,82.29,6.5,13.31,11.37,1.94,3153.66
2023-12-25,0,25,12,2023,False,6,False,True,False,False,True,936,1175.4447983857237,82.35,6.5,8.24,10.38,-2.14,3151.52
2023-12-26,1,26,12,2023,False,5,False,True,False,False,False,936,1175.4447983857237,82.36,6.5,36.68,11.86,24.82,3176.34
2023-12-27,2,27,12,2023,False,4,True,True,False,False,False,936,1175.4447983857237,82.42,6.5,47.74,10.62,37.12,3213.46
2023-12-28,3,28,12,2023,False,3,True,True,False,False,False,937,1175.4447983857237,82.44,6.5,44.04,10.97,33.07,3246.53
2023-12-29,4,29,12,2023,False,2,True,True,False,False,False,937,1175.4447983857237,82.48,6.5,50.11,9.48,40.63,3287.16
2023-12-30,5,30,12,2023,True,1,True,True,False,False,False,937,1175.4447983857237,82.42,6.5,15.32,12.79,2.53,3289.69
2023-12-31,6,31,12,2023,True,0,True,True,False,False,False,937,1175.4447983857237,82.41,6.5,19.81,10.8,9.01,3298.7
2024-01-01,0,1,1,2024,False,30,False,False,False,False,False,938,1023.6507674390303,82.42,6.75,26.08,10.64,15.44,3314.14
2024-01-02,1,2,1,2024,False,29,False,False,False,False,False,938,1023.6507674390303,82.49,6.75,36.46,8.43,28.03,3342.17
2024-01-03,2,3,1,2024,False,28,False,False,False,False,False,938,1023.6507674390303,82.46,6.75,25.93,9.12,16.81,3358.98
2024-01-04,3,4,1,2024,False,27,False,False,False,False,False,938,1023.6507674390303,82.5,6.75,28.97,11.21,17.76,3376.74
2024-01-05,4,5,1,2024,False,26,False,False,True,False,False,939,1023.6507674390303,82.48,6.75,28.66,318.94,-290.28,3086.46
2024-01-06,5,6,1,2024,True,25,False,False,False,False,False,939,1023.6507674390303,82.47,6.75,14.25,8.19,6.06,3092.52
2024-01-07,6,7,1,2024,True,24,False,False,False,False,False,939,1023.6507674390303,82.53,6.75,11.91,11.0,0.91,3093.43
2024-01-08,0,8,1,2024,False,23,False,False,False,False,False,939,1023.6507674390303,82.37,6.75,30.87,9.39,21.48,3114.91
2024-01-09,1,9,1,2024,False,22,False,False,False,False,False,940,1023.6507674390303,82.27,6.75,35.09,11.43,23.66,3138.57
2024-01-10,2,10,1,2024,False,21,False,False,False,False,False,940,1023.6507674390303,82.15,6.75,21.95,9.84,12.11,3150.68
2024-01-11,3,11,1,2024,False,20,False,False,False,False,False,940,1023.6507674390303,81.97,6.75,31.83,10.13,21.7,3172.38
2024-01-12,4,12,1,2024,False,19,False,False,False,False,False,940,1023.6507674390303,81.91,6.75,45.95,11.17,34.78,3207.16
2024-01-13,5,13,1,2024,True,18,False,False,False,False,False,940,1023.6507674390303,81.97,6.75,11.5,9.07,2.43,3209.59
2024-01-14,6,14,1,2024,True,17,False,False,False,False,False,941,1023.6507674390303,81.95,6.75,11.36,9.0,2.36,3211.95
2024-01-15,0,15,1,2024,False,16,False,False,False,True,False,941,1023.6507674390303,81.96,6.75,35.4,68.58,-33.18,3178.77
2024-01-16,1,16,1,2024,False,15,False,False,False,False,False,941,1023.6507674390303,82.05,6.75,37.69,10.79,26.9,3205.67
2024-01-17,2,17,1,2024,False,14,False,False,False,False,False,941,1023.6507674390303,82.16,6.75,22.39,8.7,13.69,3219.36
2024-01-18,3,18,1,2024,False,13,False,False,False,False,False,942,1023.6507674390303,82.15,6.75,23.69,8.42,15.27,3234.63
2024-01-19,4,19,1,2024,False,12,False,False,False,False,False,942,1023.6507674390303,82.26,6.75,33.31,10.8,22.51,3257.14
2024-01-20,5,20,1,2024,True,11,False,False,False,False,False,942,1023.6507674390303,82.27,6.75,9.87,9.37,0.5,3257.64
2024-01-21,6,21,1,2024,True,10,False,False,False,False,False,942,1023.6507674390303,82.2,6.75,14.22,9.56,4.66,3262.3
2024-01-22,0,22,1,2024,False,9,False,False,False,False,False,943,1023.6507674390303,82.15,6.75,30.31,8.27,22.04,3284.34
2024-01-23,1,23,1,2024,False,8,False,False,False,False,False,943,1023.6507674390303,82.04,6.75,22.64,9.3,13.34,3297.68
2024-01-24,2,24,1,2024,False,7,False,False,False,False,False,943,1023.6507674390303,81.96,6.75,25.53,9.95,15.58,3313.26
2024-01-25,3,25,1,2024,False,6,False,False,False,False,False,943,1023.6507674390303,81.94,6.75,19.55,10.93,8.62,3321.88
2024-01-26,4,26,1,2024,False,5,False,False,False,False,True,944,1023.6507674390303,82.0,6.75,7.69,9.23,-1.54,3320.34
2024-01-27,5,27,1,2024,True,4,True,False,False,False,False,944,1023.6507674390303,82.14,6.75,15.74,11.77,3.97,3324.31
2024-01-28,6,28,1,2024,True,3,True,False,False,False,False,944,1023.6507674390303,82.03,6.75,15.08,9.31,5.77,3330.08
2024-01-29,0,29,1,2024,False,2,True,False,False,False,False,944,1023.6507674390303,82.06,6.75,56.48,9.31,47.17,3377.25
2024-01-30,1,30,1,2024,False,1,True,False,False,False,False,945,1023.6507674390303,81.97,6.75,57.71,11.64,46.07,3423.32
2024-01-31,2,31,1,2024,False,0,True,False,False,False,False,945,1023.6507674390303,82.01,6.75,45.1,10.19,34.91,3458.23
2024-02-01,3,1,2,2024,False,28,False,False,False,False,False,945,996.1810301742008,82.0,6.75,21.26,9.16,12.1,3470.33
2024-02-02,4,2,2,2024,False,27,False,False,False,False,False,945,996.1810301742008,81.86,6.75,34.88,9.53,25.35,3495.68
2024-02-03,5,3,2,2024,True,26,False,False,False,False,False,946,996.1810301742008,81.93,6.75,12.07,11.09,0.98,3496.66
2024-02-04,6,4,2,2024,True,25,False,False,False,False,False,946,996.1810301742008,81.88,6.75,11.55,11.21,0.34,3497.0
2024-02-05,0,5,2,2024,False,24,False,False,True,False,False,946,996.1810301742008,81.84,6.75,37.25,285.4,-248.15,3248.85
2024-02-06,1,6,2,2024,False,23,False,False,False,False,False,946,996.1810301742008,81.75,6.75,25.31,9.64,15.67,3264.52
2024-02-07,2,7,2,2024,False,22,False,False,False,False,False,946,996.1810301742008,81.7,6.75,44.81,9.77,35.04,3299.56
2024-02-08,3,8,2,2024,False,21,False,False,False,False,False,947,996.1810301742008,81.74,6.75,26.26,8.78,17.48,3317.04
2024-02-09,4,9,2,2024,False,20,False,False,False,False,False,947,996.1810301742008,81.72,6.75,35.72,9.64,26.08,3343.12
2024-02-10,5,10,2,2024,True,19,False,False,False,False,False,947,996.1810301742008,81.75,6.75,8.06,9.7,-1.64,3341.48
2024-02-11,6,11,2,2024,True,18,False,False,False,False,False,947,996.1810301742008,81.78,6.75,9.24,10.87,-1.63,3339.85
2024-02-12,0,12,2,2024,False,17,False,False,False,False,False,948,996.1810301742008,81.88,6.75,41.01,10.95,30.06,3369.91
2024-02-13,1,13,2,2024,False,16,False,False,False,False,False,948,996.1810301742008,81.85,6.75,29.78,9.39,20.39,3390.3
2024-02-14,2,14,2,2024,False,15,False,False,False,False,False,948,996.1810301742008,81.74,6.75,36.31,9.5,26.81,3417.11
2024-02-15,3,15,2,2024,False,14,False,False,False,True,False,948,996.1810301742008,81.82,6.75,32.57,74.49,-41.92,3375.19
2024-02-16,4,16,2,2024,False,13,False,False,False,False,False,949,996.1810301742008,81.79,6.75,30.63,9.16,21.47,3396.66
2024-02-17,5,17,2,2024,True,12,False,False,False,False,False,949,996.1810301742008,81.88,6.75,13.96,10.3,3.66,3400.32
2024-02-18,6,18,2,2024,True,11,False,False,False,False,False,949,996.1810301742008,81.91,6.75,10.47,9.63,0.84,3401.16
2024-02-19,0,19,2,2024,False,10,False,False,False,False,False,949,996.1810301742008,81.9,6.75,22.65,8.82,13.83,3414.99
2024-02-20,1,20,2,2024,False,9,False,False,False,False,False,950,996.1810301742008,81.93,6.75,27.01,8.84,18.17,3433.16
2024-02-21,2,21,2,2024,False,8,False,False,False,False,False,950,996.1810301742008,82.09,6.75,34.47,11.24,23.23,3456.39
2024-02-22,3,22,2,2024,False,7,False,False,False,False,False,950,996.1810301742008,82.25,6.75,33.52,9.58,23.94,3480.33
2024-02-23,4,23,2,2024,False,6,False,False,False,False,False,950,996.1810301742008,82.26,6.75,23.54,11.46,12.08,3492.41
2024-02-24,5,24,2,2024,True,5,False,False,False,False,False,951,996.1810301742008,82.27,6.75,9.59,9.25,0.34,3492.75
2024-02-25,6,25,2,2024,True,4,True,False,False,False,False,951,996.1810301742008,82.36,6.75,14.27,10.02,4.25,3497.0
2024-02-26,0,26,2,2024,False,3,True,False,False,False,False,951,996.1810301742008,82.29,6.75,42.38,12.37,30.01,3527.01
2024-02-27,1,27,2,2024,False,2,True,False,False,False,False,951,996.1810301742008,82.32,6.75,35.33,8.76,26.57,3553.58
2024-02-28,2,28,2,2024,False,1,True,False,False,False,False,952,996.1810301742008,82.32,6.75,40.42,8.06,32.36,3585.94
2024-02-29,3,29,2,2024,False,0,True,False,False,False,False,952,996.1810301742008,82.34,6.75,39.7,11.08,28.62,3614.56
2024-03-01,4,1,3,2024,False,30,False,False,False,False,False,952,1045.687733556301,82.27,6.75,37.65,8.87,28.78,3643.34
2024-03-02,5,2,3,2024,True,29,False,False,False,False,False,952,1045.687733556301,82.15,6.75,13.27,9.61,3.66,3647.0
2024-03-03,6,3,3,2024,True,28,False,False,False,False,False,952,1045.687733556301,81.98,6.75,11.17,9.09,2.08,3649.08
2024-03-04,0,4,3,2024,False,27,False,False,False,False,False,953,1045.687733556301,81.89,6.75,30.53,9.91,20.62,3669.7
2024-03-05,1,5,3,2024,False,26,False,False,True,False,False,953,1045.687733556301,81.85,6.75,33.6,281.57,-247.97,3421.73
2024-03-06,2,6,3,2024,False,25,False,False,False,False,False,953,1045.687733556301,81.83,6.75,28.29,9.47,18.82,3440.55
2024-03-07,3,7,3,2024,False,24,False,False,False,False,False,953,1045.687733556301,81.99,6.75,26.65,10.09,16.56,3457.11
2024-03-08,4,8,3,2024,False,23,False,False,False,False,False,954,1045.687733556301,82.07,6.75,27.66,8.73,18.93,3476.04
2024-03-09,5,9,3,2024,True,22,False,False,False,False,False,954,1045.687733556301,82.0,6.75,10.23,9.0,1.23,3477.27
2024-03-10,6,10,3,2024,True,21,False,False,False,False,False,954,1045.687733556301,82.03,6.75,9.3,9.32,-0.02,3477.25
2024-03-11,0,11,3,2024,False,20,False,False,False,False,False,954,1045.687733556301,81.99,6.75,33.73,8.37,25.36,3502.61
2024-03-12,1,12,3,2024,False,19,False,False,False,False,False,955,1045.687733556301,81.97,6.75,37.36,9.26,28.1,3530.71
2024-03-13,2,13,3,2024,False,18,False,False,False,False,False,955,1045.687733556301,81.99,6.75,24.62,9.78,14.84,3545.55
2024-03-14,3,14,3,2024,False,17,False,False,False,False,False,955,1045.687733556301,82.03,6.75,32.91,9.29,23.62,3569.17
2024-03-15,4,15,3,2024,False,16,False,False,False,True,False,955,1045.687733556301,82.01,6.75,31.49,67.8,-36.31,3532.86
2024-03-16,5,16,3,2024,True,15,False,False,False,False,False,956,1045.687733556301,82.09,6.75,12.19,9.66,2.53,3535.39
2024-03-17,6,17,3,2024,True,14,False,False,False,False,False,956,1045.687733556301,82.0,6.75,11.44,9.06,2.38,3537.77
2024-03-18,0,18,3,2024,False,13,False,False,False,False,False,956,1045.687733556301,82.0,6.75,25.22,10.37,14.85,3552.62
2024-03-19,1,19,3,2024,False,12,False,False,False,False,False,956,1045.687733556301,82.21,6.75,26.11,11.17,14.94,3567.56
2024-03-20,2,20,3,2024,False,11,False,False,False,False,False,957,1045.687733556301,82.23,6.75,32.94,9.25,23.69,3591.25
2024-03-21,3,21,3,2024,False,10,False,False,False,False,False,957,1045.687733556301,82.34,6.75,39.43,10.17,29.26,3620.51
2024-03-22,4,22,3,2024,False,9,False,False,False,False,False,957,1045.687733556301,82.35,6.75,21.99,9.46,12.53,3633.04
2024-03-23,5,23,3,2024,True,8,False,False,False,False,False,957,1045.687733556301,82.4,6.75,12.2,10.05,2.15,3635.19
2024-03-24,6,24,3,2024,True,7,False,False,False,False,False,958,1045.687733556301,82.39,6.75,14.21,11.34,2.87,3638.06
2024-03-25,0,25,3,2024,False,6,False,True,False,False,True,958,1045.687733556301,82.38,6.75,7.97,10.2,-2.23,3635.83
2024-03-26,1,26,3,2024,False,5,False,True,False,False,False,958,1045.687733556301,82.32,6.75,36.18,8.12,28.06,3663.89
2024-03-27,2,27,3,2024,False,4,True,True,False,False,False,958,1045.687733556301,82.35,6.75,41.86,10.15,31.71,3695.6
2024-03-28,3,28,3,2024,False,3,True,True,False,False,False,958,1045.687733556301,82.28,6.75,46.5,10.97,35.53,3731.13
2024-03-29,4,29,3,2024,False,2,True,True,False,False,False,959,1045.687733556301,82.33,6.75,35.49,9.49,26.0,3757.13
2024-03-30,5,30,3,2024,True,1,True,True,False,False,False,959,1045.687733556301,82.42,6.75,10.9,10.72,0.18,3757.31
2024-03-31,6,31,3,2024,True,0,True,True,False,False,False,959,1045.687733556301,82.45,6.75,19.7,9.06,10.64,3767.95
2024-04-01,0,1,4,2024,False,29,False,False,False,False,False,959,1018.5176884279191,82.43,6.75,26.73,8.46,18.27,3786.22
2024-04-02,1,2,4,2024,False,28,False,False,False,False,False,960,1018.5176884279191,82.46,6.75,29.4,9.97,19.43,3805.65
2024-04-03,2,3,4,2024,False,27,False,False,False,False,False,960,1018.5176884279191,82.44,6.75,24.87,8.25,16.62,3822.27
2024-04-04,3,4,4,2024,False,26,False,False,False,False,False,960,1018.5176884279191,82.51,6.75,24.76,9.6,15.16,3837.43
2024-04-05,4,5,4,2024,False,25,False,False,True,False,False,960,1018.5176884279191,82.37,6.75,30.93,352.38,-321.45,3515.98
2024-04-06,5,6,4,2024,True,24,False,False,False,False,False,961,1018.5176884279191,82.34,6.75,9.8,8.13,1.67,3517.65
2024-04-07,6,7,4,2024,True,23,False,False,False,False,False,961,1018.5176884279191,82.18,6.75,11.96,8.66,3.3,3520.95
2024-04-08,0,8,4,2024,False,22,False,False,False,False,False,961,1018.5176884279191,82.06,6.75,34.62,8.87,25.75,3546.7
2024-04-09,1,9,4,2024,False,21,False,False,False,False,False,961,1018.5176884279191,82.17,6.75,33.81,9.78,24.03,3570.73
2024-04-10,2,10,4,2024,False,20,False,False,False,False,False,962,1018.5176884279191,82.24,6.75,33.31,9.5,23.81,3594.54
2024-04-11,3,11,4,2024,False,19,False,False,False,False,False,962,1018.5176884279191,82.19,6.75,42.39,11.33,31.06,3625.6
2024-04-12,4,12,4,2024,False,18,False,False,False,False,False,962,1018.5176884279191,82.07,6.75,26.33,10.84,15.49,3641.09
2024-04-13,5,13,4,2024,True,17,False,False,False,False,False,962,1018.5176884279191,81.83,6.75,11.06,10.35,0.71,3641.8
2024-04-14,6,14,4,2024,True,16,False,False,False,False,False,963,1018.5176884279191,81.78,6.75,13.7,10.0,3.7,3645.5
2024-04-15,0,15,4,2024,False,15,False,False,False,True,False,963,1018.5176884279191,81.98,6.75,40.07,72.66,-32.59,3612.91
2024-04-16,1,16,4,2024,False,14,False,False,False,False,False,963,1018.5176884279191,82.01,6.75,24.71,9.04,15.67,3628.58
2024-04-17,2,17,4,2024,False,13,False,False,False,False,False,963,1018.5176884279191,81.97,6.75,30.17,10.74,19.43,3648.01
2024-04-18,3,18,4,2024,False,12,False,False,False,False,False,964,1018.5176884279191,82.01,6.75,40.75,8.83,31.92,3679.93
2024-04-19,4,19,4,2024,False,11,False,False,False,False,False,964,1018.5176884279191,81.88,6.75,34.97,10.73,24.24,3704.17
2024-04-20,5,20,4,2024,True,10,False,False,False,False,False,964,1018.5176884279191,81.86,6.75,11.57,11.11,0.46,3704.63
2024-04-21,6,21,4,2024,True,9,False,False,False,False,False,964,1018.5176884279191,81.86,6.75,10.74,10.08,0.66,3705.29
2024-04-22,0,22,4,2024,False,8,False,False,False,False,False,964,1018.5176884279191,81.86,6.75,29.78,9.7,20.08,3725.37
2024-04-23,1,23,4,2024,False,7,False,False,False,False,False,965,1018.5176884279191,81.92,6.75,33.61,10.28,23.33,3748.7
2024-04-24,2,24,4,2024,False,6,False,False,False,False,False,965,1018.5176884279191,81.95,6.75,30.5,7.42,23.08,3771.78
2024-04-25,3,25,4,2024,False,5,False,False,False,False,False,965,1018.5176884279191,82.0,6.75,31.67,10.18,21.49,3793.27
2024-04-26,4,26,4,2024,False,4,True,False,False,False,False,965,1018.5176884279191,81.95,6.75,46.93,9.77,37.16,3830.43
2024-04-27,5,27,4,2024,True,3,True,False,False,False,False,966,1018.5176884279191,82.02,6.75,14.34,9.84,4.5,3834.93
2024-04-28,6,28,4,2024,True,2,True,False,False,False,False,966,1018.5176884279191,82.15,6.75,17.82,10.61,7.21,3842.14
2024-04-29,0,29,4,2024,False,1,True,False,False,False,False,966,1018.5176884279191,82.07,6.75,78.19,9.82,68.37,3910.51
2024-04-30,1,30,4,2024,False,0,True,False,False,False,False,966,1018.5176884279191,82.0,6.75,33.61,8.82,24.79,3935.3
2024-05-01,2,1,5,2024,False,30,False,False,False,False,False,967,1055.2187696020624,82.11,6.75,35.05,10.07,24.98,3960.28
2024-05-02,3,2,5,2024,False,29,False,False,False,False,False,967,1055.2187696020624,82.09,6.75,28.84,10.28,18.56,3978.84
2024-05-03,4,3,5,2024,False,28,False,False,False,False,False,967,1055.2187696020624,82.2,6.75,36.68,10.33,26.35,4005.19
2024-05-04,5,4,5,2024,True,27,False,False,False,False,False,967,1055.2187696020624,82.17,6.75,11.67,10.38,1.29,4006.48
2024-05-05,6,5,5,2024,True,26,False,False,True,False,False,968,1055.2187696020624,82.29,6.75,13.27,344.2,-330.93,3675.55
2024-05-06,0,6,5,2024,False,25,False,False,False,False,False,968,1055.2187696020624,82.3,6.75,40.85,9.17,31.68,3707.23
2024-05-07,1,7,5,2024,False,24,False,False,False,False,False,968,1055.2187696020624,82.32,6.75,34.23,10.4,23.83,3731.06
2024-05-08,2,8,5,2024,False,23,False,False,False,False,False,968,1055.2187696020624,82.44,6.75,40.54,11.63,28.91,3759.97
2024-05-09,3,9,5,2024,False,22,False,False,False,False,False,969,1055.2187696020624,82.41,6.75,21.68,8.6,13.08,3773.05
2024-05-10,4,10,5,2024,False,21,False,False,False,False,False,969,1055.2187696020624,82.34,6.75,44.02,10.42,33.6,3806.65
2024-05-11,5,11,5,2024,True,20,False,False,False,False,False,969,1055.2187696020624,82.3,6.75,12.38,9.65,2.73,3809.38
2024-05-12,6,12,5,2024,True,19,False,False,False,False,False,969,1055.2187696020624,82.34,6.75,14.05,9.86,4.19,3813.57
2024-05-13,0,13,5,2024,False,18,False,False,False,False,False,970,1055.2187696020624,82.21,6.75,26.55,9.36,17.19,3830.76
2024-05-14,1,14,5,2024,False,17,False,False,False,False,False,970,1055.2187696020624,82.26,6.75,28.47,10.07,18.4,3849.16
2024-05-15,2,15,5,2024,False,16,False,False,False,True,False,970,1055.2187696020624,82.22,6.75,33.94,84.44,-50.5,3798.66
2024-05-16,3,16,5,2024,False,15,False,False,False,False,False,970,1055.2187696020624,82.31,6.75,32.96,9.03,23.93,3822.59
2024-05-17,4,17,5,2024,False,14,False,False,False,False,False,970,1055.2187696020624,82.12,6.75,34.79,9.11,25.68,3848.27
2024-05-18,5,18,5,2024,True,13,False,False,False,False,False,971,1055.2187696020624,82.06,6.75,14.07,9.0,5.07,3853.34
2024-05-19,6,19,5,2024,True,12,False,False,False,False,False,971,1055.2187696020624,81.92,6.75,8.42,12.19,-3.77,3849.57
2024-05-20,0,20,5,2024,False,11,False,False,False,False,False,971,1055.2187696020624,81.86,6.75,39.4,9.79,29.61,3879.18
2024-05-21,1,21,5,2024,False,10,False,False,False,False,False,971,1055.2187696020624,81.88,6.75,33.11,10.23,22.88,3902.06
2024-05-22,2,22,5,2024,False,9,False,False,False,False,False,972,1055.2187696020624,81.86,6.75,31.87,9.86,22.01,3924.07
2024-05-23,3,23,5,2024,False,8,False,False,False,False,False,972,1055.2187696020624,81.84,6.75,25.37,9.34,16.03,3940.1
2024-05-24,4,24,5,2024,False,7,False,False,False,False,False,972,1055.2187696020624,81.83,6.75,36.2,10.03,26.17,3966.27
2024-05-25,5,25,5,2024,True,6,False,False,False,False,False,972,1055.2187696020624,81.85,6.75,7.49,13.12,-5.63,3960.64
2024-05-26,6,26,5,2024,True,5,False,False,False,False,False,973,1055.2187696020624,81.76,6.75,13.0,11.81,1.19,3961.83
2024-05-27,0,27,5,2024,False,4,True,False,False,False,False,973,1055.2187696020624,81.82,6.75,36.65,9.43,27.22,3989.05
2024-05-28,1,28,5,2024,False,3,True,False,False,False,False,973,1055.2187696020624,81.87,6.75,48.41,10.96,37.45,4026.5
2024-05-29,2,29,5,2024,False,2,True,False,False,False,False,973,1055.2187696020624,81.91,6.75,46.92,9.46,37.46,4063.96
2024-05-30,3,30,5,2024,False,1,True,False,False,False,False,974,1055.2187696020624,81.95,6.75,59.18,8.61,50.57,4114.53
2024-05-31,4,31,5,2024,False,0,True,False,False,False,False,974,1055.2187696020624,81.97,6.75,46.42,11.39,35.03,4149.56
2024-06-01,5,1,6,2024,True,29,False,False,False,False,False,974,1208.027934979275,82.14,6.75,11.69,12.03,-0.34,4149.22
2024-06-02,6,2,6,2024,True,28,False,False,False,False,False,974,1208.027934979275,82.13,6.75,12.09,11.9,0.19,4149.41
2024-06-03,0,3,6,2024,False,27,False,False,False,False,False,975,1208.027934979275,82.1,6.75,47.6,10.23,37.37,4186.78
2024-06-04,1,4,6,2024,False,26,False,False,False,False,False,975,1208.027934979275,82.04,6.75,41.69,10.55,31.14,4217.92
2024-06-05,2,5,6,2024,False,25,False,False,True,False,False,975,1208.027934979275,81.96,6.75,35.31,334.92,-299.61,3918.31
2024-06-06,3,6,6,2024,False,24,False,False,False,False,False,975,1208.027934979275,81.86,6.75,36.27,11.15,25.12,3943.43
2024-06-07,4,7,6,2024,False,23,False,False,False,False,False,976,1208.027934979275,81.79,6.75,28.55,10.32,18.23,3961.66
2024-06-08,5,8,6,2024,True,22,False,False,False,False,False,976,1208.027934979275,81.79,6.75,14.21,9.13,5.08,3966.74
2024-06-09,6,9,6,2024,True,21,False,False,False,False,False,976,1208.027934979275,81.81,6.75,9.65,10.86,-1.21,3965.53
2024-06-10,0,10,6,2024,False,20,False,False,False,False,False,976,1208.027934979275,81.82,6.75,43.34,11.96,31.38,3996.91
2024-06-11,1,11,6,2024,False,19,False,False,False,False,False,976,1208.027934979275,81.76,6.75,38.74,9.52,29.22,4026.13
2024-06-12,2,12,6,2024,False,18,False,False,False,False,False,977,1208.027934979275,81.83,6.75,58.17,11.46,46.71,4072.84
2024-06-13,3,13,6,2024,False,17,False,False,False,False,False,977,1208.027934979275,81.89,6.75,31.05,11.11,19.94,4092.78
2024-06-14,4,14,6,2024,False,16,False,False,False,False,False,977,1208.027934979275,81.87,6.75,37.16,11.58,25.58,4118.36
2024-06-15,5,15,6,2024,True,15,False,False,False,True,False,977,1208.027934979275,81.82,6.75,18.31,77.19,-58.88,4059.48
2024-06-16,6,16,6,2024,True,14,False,False,False,False,False,978,1208.027934979275,81.87,6.75,16.42,10.04,6.38,4065.86
2024-06-17,0,17,6,2024,False,13,False,False,False,False,False,978,1208.027934979275,81.88,6.75,33.39,9.15,24.24,4090.1
2024-06-18,1,18,6,2024,False,12,False,False,False,False,False,978,1208.027934979275,81.76,6.75,39.41,10.2,29.21,4119.31
2024-06-19,2,19,6,2024,False,11,False,False,False,False,False,978,1208.027934979275,81.76,6.75,37.87,11.76,26.11,4145.42
2024-06-20,3,20,6,2024,False,10,False,False,False,False,False,979,1208.027934979275,81.78,6.75,39.82,10.2,29.62,4175.04
2024-06-21,4,21,6,2024,False,9,False,False,False,False,False,979,1208.027934979275,81.71,6.75,33.38,10.05,23.33,4198.37
2024-06-22,5,22,6,2024,True,8,False,False,False,False,False,979,1208.027934979275,81.72,6.75,13.04,8.98,4.06,4202.43
2024-06-23,6,23,6,2024,True,7,False,False,False,False,False,979,1208.027934979275,81.61,6.75,9.94,12.83,-2.89,4199.54
2024-06-24,0,24,6,2024,False,6,False,True,False,False,False,980,1208.027934979275,81.71,6.75,38.78,11.71,27.07,4226.61
2024-06-25,1,25,6,2024,False,5,False,True,False,False,False,980,1208.027934979275,81.81,6.75,41.05,11.64,29.41,4256.02
2024-06-26,2,26,6,2024,False,4,True,True,False,False,False,980,1208.027934979275,81.79,6.75,52.68,11.88,40.8,4296.82
2024-06-27,3,27,6,2024,False,3,True,True,False,False,False,980,1208.027934979275,81.82,6.75,41.04,11.42,29.62,4326.44
2024-06-28,4,28,6,2024,False,2,True,True,False,False,False,981,1208.027934979275,81.63,6.75,65.57,10.53,55.04,4381.48
2024-06-29,5,29,6,2024,True,1,True,True,False,False,False,981,1208.027934979275,81.54,6.75,20.51,10.62,9.89,4391.37
2024-06-30,6,30,6,2024,True,0,True,True,False,False,False,981,1208.027934979275,81.51,6.75,16.86,10.34,6.52,4397.89
2024-07-01,0,1,7,2024,False,30,False,False,False,False,False,1061,1259.9612575326819,81.43,6.75,37.53,15.8,21.73,4419.62
2024-07-02,1,2,7,2024,False,29,False,False,False,False,False,1062,1259.9612575326819,81.48,6.75,30.13,12.84,17.29,4436.91
2024-07-03,2,3,7,2024,False,28,False,False,False,False,False,1062,1259.9612575326819,81.64,6.75,32.82,11.6,21.22,4458.13
2024-07-04,3,4,7,2024,False,27,False,False,False,False,False,1062,1259.9612575326819,81.55,6.75,35.84,12.73,23.11,4481.24
2024-07-05,4,5,7,2024,False,26,False,False,True,False,False,1062,1259.9612575326819,81.48,6.75,49.25,282.14,-232.89,4248.35
2024-07-06,5,6,7,2024,True,25,False,False,False,False,False,1062,1259.9612575326819,81.5,6.75,12.32,14.12,-1.8,4246.55
2024-07-07,6,7,7,2024,True,24,False,False,False,False,False,1063,1259.9612575326819,81.63,6.75,15.51,11.38,4.13,4250.68
2024-07-08,0,8,7,2024,False,23,False,False,False,False,False,1063,1259.9612575326819,81.53,6.75,35.83,12.79,23.04,4273.72
2024-07-09,1,9,7,2024,False,22,False,False,False,False,False,1063,1259.9612575326819,81.55,6.75,41.28,13.53,27.75,4301.47
2024-07-10,2,10,7,2024,False,21,False,False,False,False,False,1063,1259.9612575326819,81.7,6.75,38.49,12.64,25.85,4327.32
2024-07-11,3,11,7,2024,False,20,False,False,False,False,False,1064,1259.9612575326819,81.57,6.75,46.2,12.29,33.91,4361.23
2024-07-12,4,12,7,2024,False,19,False,False,False,False,False,1064,1259.9612575326819,81.46,6.75,35.86,12.19,23.67,4384.9
2024-07-13,5,13,7,2024,True,18,False,False,False,False,False,1064,1259.9612575326819,81.43,6.75,10.41,12.1,-1.69,4383.21
2024-07-14,6,14,7,2024,True,17,False,False,False,False,False,1064,1259.9612575326819,81.39,6.75,10.77,11.49,-0.72,4382.49
2024-07-15,0,15,7,2024,False,16,False,False,False,True,False,1065,1259.9612575326819,81.45,6.75,35.87,69.01,-33.14,4349.35
2024-07-16,1,16,7,2024,False,15,False,False,False,False,False,1065,1259.9612575326819,81.47,6.75,31.53,14.13,17.4,4366.75
2024-07-17,2,17,7,2024,False,14,False,False,False,False,False,1065,1259.9612575326819,81.33,6.75,42.5,12.05,30.45,4397.2
2024-07-18,3,18,7,2024,False,13,False,False,False,False,False,1065,1259.9612575326819,81.37,6.75,36.3,11.26,25.04,4422.24
2024-07-19,4,19,7,2024,False,12,False,False,False,False,False,1066,1259.9612575326819,81.33,6.75,60.53,11.58,48.95,4471.19
2024-07-20,5,20,7,2024,True,11,False,False,False,False,False,1066,1259.9612575326819,81.43,6.75,10.11,13.61,-3.5,4467.69
2024-07-21,6,21,7,2024,True,10,False,False,False,False,False,1066,1259.9612575326819,81.38,6.75,14.33,13.05,1.28,4468.97
2024-07-22,0,22,7,2024,False,9,False,False,False,False,False,1066,1259.9612575326819,81.33,6.75,32.22,12.9,19.32,4488.29
2024-07-23,1,23,7,2024,False,8,False,False,False,False,False,1067,1259.9612575326819,81.37,6.75,36.12,11.9,24.22,4512.51
2024-07-24,2,24,7,2024,False,7,False,False,False,False,False,1067,1259.9612575326819,81.43,6.75,40.5,12.93,27.57,4540.08
2024-07-25,3,25,7,2024,False,6,False,False,False,False,False,1067,1259.9612575326819,81.47,6.75,25.98,11.45,14.53,4554.61
2024-07-26,4,26,7,2024,False,5,False,False,False,False,False,1067,1259.9612575326819,81.33,6.75,41.2,11.89,29.31,4583.92
2024-07-27,5,27,7,2024,True,4,True,False,False,False,False,1068,1259.9612575326819,81.38,6.75,28.22,13.46,14.76,4598.68
2024-07-28,6,28,7,2024,True,3,True,False,False,False,False,1068,1259.9612575326819,81.29,6.75,18.47,13.33,5.14,4603.82
2024-07-29,0,29,7,2024,False,2,True,False,False,False,False,1068,1259.9612575326819,81.31,6.75,59.98,11.08,48.9,4652.72
2024-07-30,1,30,7,2024,False,1,True,False,False,False,False,1068,1259.9612575326819,81.2,6.75,68.84,11.22,57.62,4710.34
2024-07-31,2,31,7,2024,False,0,True,False,False,False,False,1068,1259.9612575326819,81.23,6.75,55.58,12.35,43.23,4753.57
2024-08-01,3,1,8,2024,False,30,False,False,False,False,False,1069,1242.7518522253438,81.17,6.75,35.07,14.94,20.13,4773.7
2024-08-02,4,2,8,2024,False,29,False,False,False,False,False,1069,1242.7518522253438,81.07,6.75,25.85,10.38,15.47,4789.17
2024-08-03,5,3,8,2024,True,28,False,False,False,False,False,1069,1242.7518522253438,81.12,6.75,15.3,12.93,2.37,4791.54
2024-08-04,6,4,8,2024,True,27,False,False,False,False,False,1069,1242.7518522253438,81.14,6.75,13.35,10.96,2.39,4793.93
2024-08-05,0,5,8,2024,False,26,False,False,True,False,False,1070,1242.7518522253438,81.09,6.75,32.45,293.37,-260.92,4533.01
2024-08-06,1,6,8,2024,False,25,False,False,False,False,False,1070,1242.7518522253438,81.21,6.75,39.84,12.14,27.7,4560.71
2024-08-07,2,7,8,2024,False,24,False,False,False,False,False,1070,1242.7518522253438,81.17,6.75,35.06,12.07,22.99,4583.7
2024-08-08,3,8,8,2024,False,23,False,False,False,False,False,1070,1242.7518522253438,81.18,6.75,35.41,11.93,23.48,4607.18
2024-08-09,4,9,8,2024,False,22,False,False,False,False,False,1071,1242.7518522253438,81.2,6.75,43.43,12.61,30.82,4638.0
2024-08-10,5,10,8,2024,True,21,False,False,False,False,False,1071,1242.7518522253438,81.15,6.75,10.71,11.94,-1.23,4636.77
2024-08-11,6,11,8,2024,True,20,False,False,False,False,False,1071,1242.7518522253438,81.19,6.75,16.46,10.88,5.58,4642.35
2024-08-12,0,12,8,2024,False,19,False,False,False,False,False,1071,1242.7518522253438,81.14,6.75,30.28,13.62,16.66,4659.01
2024-08-13,1,13,8,2024,False,18,False,False,False,False,False,1072,1242.7518522253438,81.11,6.75,34.56,13.59,20.97,4679.98
2024-08-14,2,14,8,2024,False,17,False,False,False,False,False,1072,1242.7518522253438,81.22,6.75,55.04,13.72,41.32,4721.3
2024-08-15,3,15,8,2024,False,16,False,False,False,True,True,1072,1242.7518522253438,81.14,6.75,11.93,62.24,-50.31,4670.99
2024-08-16,4,16,8,2024,False,15,False,False,False,False,False,1072,1242.7518522253438,80.94,6.75,39.63,12.99,26.64,4697.63
2024-08-17,5,17,8,2024,True,14,False,False,False,False,False,1073,1242.7518522253438,81.07,6.75,11.51,13.5,-1.99,4695.64
2024-08-18,6,18,8,2024,True,13,False,False,False,False,False,1073,1242.7518522253438,81.28,6.75,12.39,11.38,1.01,4696.65
2024-08-19,0,19,8,2024,False,12,False,False,False,False,False,1073,1242.7518522253438,81.24,6.75,39.46,12.63,26.83,4723.48
2024-08-20,1,20,8,2024,False,11,False,False,False,False,False,1073,1242.7518522253438,81.09,6.75,39.2,12.47,26.73,4750.21
2024-08-21,2,21,8,2024,False,10,False,False,False,False,False,1074,1242.7518522253438,81.06,6.75,38.31,15.19,23.12,4773.33
2024-08-22,3,22,8,2024,False,9,False,False,False,False,False,1074,1242.7518522253438,81.04,6.75,38.72,15.31,23.41,4796.74
2024-08-23,4,23,8,2024,False,8,False,False,False,False,False,1074,1242.7518522253438,81.03,6.75,37.47,10.7,26.77,4823.51
2024-08-24,5,24,8,2024,True,7,False,False,False,False,False,1074,1242.7518522253438,80.94,6.75,10.51,16.21,-5.7,4817.81
2024-08-25,6,25,8,2024,True,6,False,False,False,False,False,1074,1242.7518522253438,80.98,6.75,12.42,11.53,0.89,4818.7
2024-08-26,0,26,8,2024,False,5,False,False,False,False,False,1075,1242.7518522253438,81.03,6.75,45.91,13.95,31.96,4850.66
2024-08-27,1,27,8,2024,False,4,True,False,False,False,False,1075,1242.7518522253438,80.91,6.75,44.14,13.93,30.21,4880.87
2024-08-28,2,28,8,2024,False,3,True,False,False,False,False,1075,1242.7518522253438,80.96,6.75,54.57,11.45,43.12,4923.99
2024-08-29,3,29,8,2024,False,2,True,False,False,False,False,1075,1242.7518522253438,81.13,6.75,48.72,13.28,35.44,4959.43
2024-08-30,4,30,8,2024,False,1,True,False,False,False,False,1076,1242.7518522253438,81.14,6.75,57.61,12.52,45.09,5004.52
2024-08-31,5,31,8,2024,True,0,True,False,False,False,False,1076,1242.7518522253438,81.11,6.75,18.43,13.38,5.05,5009.57
2024-09-01,6,1,9,2024,True,29,False,False,False,False,False,1076,1245.3784409113684,81.1,6.75,17.82,13.08,4.74,5014.31
2024-09-02,0,2,9,2024,False,28,False,False,False,False,False,1076,1245.3784409113684,81.15,6.75,42.75,14.41,28.34,5042.65
2024-09-03,1,3,9,2024,False,27,False,False,False,False,False,1077,1245.3784409113684,81.01,6.75,30.81,12.89,17.92,5060.57
2024-09-04,2,4,9,2024,False,26,False,False,False,False,False,1077,1245.3784409113684,81.03,6.75,44.03,12.58,31.45,5092.02
2024-09-05,3,5,9,2024,False,25,False,False,True,False,False,1077,1245.3784409113684,80.99,6.75,33.94,349.03,-315.09,4776.93
2024-09-06,4,6,9,2024,False,24,False,False,False,False,False,1077,1245.3784409113684,81.14,6.75,35.17,13.56,21.61,4798.54
2024-09-07,5,7,9,2024,True,23,False,False,False,False,False,1078,1245.3784409113684,81.13,6.75,14.45,13.78,0.67,4799.21
2024-09-08,6,8,9,2024,True,22,False,False,False,False,False,1078,1245.3784409113684,81.26,6.75,12.5,11.98,0.52,4799.73
2024-09-09,0,9,9,2024,False,21,False,False,False,False,False,1078,1245.3784409113684,81.17,6.75,45.83,11.54,34.29,4834.02
2024-09-10,1,10,9,2024,False,20,False,False,False,False,False,1078,1245.3784409113684,81.22,6.75,33.94,12.1,21.84,4855.86
2024-09-11,2,11,9,2024,False,19,False,False,False,False,False,1079,1245.3784409113684,81.25,6.75,34.91,12.05,22.86,4878.72
2024-09-12,3,12,9,2024,False,18,False,False,False,False,False,1079,1245.3784409113684,81.18,6.75,34.67,13.87,20.8,4899.52
2024-09-13,4,13,9,2024,False,17,False,False,False,False,False,1079,1245.3784409113684,81.19,6.75,35.24,14.13,21.11,4920.63
2024-09-14,5,14,9,2024,True,16,False,False,False,False,False,1079,1245.3784409113684,81.29,6.75,16.65,12.62,4.03,4924.66
2024-09-15,6,15,9,2024,True,15,False,False,False,True,False,1080,1245.3784409113684,81.26,6.75,15.29,84.03,-68.74,4855.92
2024-09-16,0,16,9,2024,False,14,False,False,False,False,False,1080,1245.3784409113684,81.13,6.75,53.09,14.71,38.38,4894.3
2024-09-17,1,17,9,2024,False,13,False,False,False,False,False,1080,1245.3784409113684,81.12,6.75,58.69,13.15,45.54,4939.84
2024-09-18,2,18,9,2024,False,12,False,False,False,False,False,1080,1245.3784409113684,81.05,6.75,32.41,11.82,20.59,4960.43
2024-09-19,3,19,9,2024,False,11,False,False,False,False,False,1080,1245.3784409113684,81.03,6.75,39.52,15.02,24.5,4984.93
2024-09-20,4,20,9,2024,False,10,False,False,False,False,False,1081,1245.3784409113684,81.02,6.75,31.58,12.76,18.82,5003.75
2024-09-21,5,21,9,2024,True,9,False,False,False,False,False,1081,1245.3784409113684,80.88,6.75,11.87,13.01,-1.14,5002.61
2024-09-22,6,22,9,2024,True,8,False,False,False,False,False,1081,1245.3784409113684,80.75,6.75,12.19,12.41,-0.22,5002.39
2024-09-23,0,23,9,2024,False,7,False,False,False,False,False,1081,1245.3784409113684,80.79,6.75,32.26,11.75,20.51,5022.9
2024-09-24,1,24,9,2024,False,6,False,True,False,False,False,1082,1245.3784409113684,80.75,6.75,32.29,11.1,21.19,5044.09
2024-09-25,2,25,9,2024,False,5,False,True,False,False,False,1082,1245.3784409113684,80.54,6.75,38.02,13.69,24.33,5068.42
2024-09-26,3,26,9,2024,False,4,True,True,False,False,False,1082,1245.3784409113684,80.61,6.75,45.45,11.89,33.56,5101.98
2024-09-27,4,27,9,2024,False,3,True,True,False,False,False,1082,1245.3784409113684,80.63,6.75,65.84,17.45,48.39,5150.37
2024-09-28,5,28,9,2024,True,2,True,True,False,False,False,1083,1245.3784409113684,80.57,6.75,16.79,11.54,5.25,5155.62
2024-09-29,6,29,9,2024,True,1,True,True,False,False,False,1083,1245.3784409113684,80.47,6.75,32.84,11.35,21.49,5177.11
2024-09-30,0,30,9,2024,False,0,True,True,False,False,False,1083,1245.3784409113684,80.53,6.75,52.17,13.54,38.63,5215.74
2024-10-01,1,1,10,2024,False,30,False,False,False,False,False,1083,1378.9767613899014,80.56,6.75,43.77,14.84,28.93,5244.67
2024-10-02,2,2,10,2024,False,29,False,False,False,False,False,1084,1378.9767613899014,80.75,6.75,34.22,12.83,21.39,5266.06
2024-10-03,3,3,10,2024,False,28,False,False,False,False,False,1084,1378.9767613899014,80.79,6.75,58.74,13.5,45.24,5311.3
2024-10-04,4,4,10,2024,False,27,False,False,False,False,False,1084,1378.9767613899014,80.82,6.75,52.85,10.6,42.25,5353.55
2024-10-05,5,5,10,2024,True,26,False,False,True,False,False,1084,1378.9767613899014,80.8,6.75,15.95,292.26,-276.31,5077.24
2024-10-06,6,6,10,2024,True,25,False,False,False,False,False,1085,1378.9767613899014,80.87,6.75,11.87,11.46,0.41,5077.65
2024-10-07,0,7,10,2024,False,24,False,False,False,False,False,1085,1378.9767613899014,80.92,6.75,44.88,10.56,34.32,5111.97
2024-10-08,1,8,10,2024,False,23,False,False,False,False,False,1085,1378.9767613899014,81.02,6.75,35.31,12.91,22.4,5134.37
2024-10-09,2,9,10,2024,False,22,False,False,False,False,False,1085,1378.9767613899014,80.98,6.75,56.22,10.2,46.02,5180.39
2024-10-10,3,10,10,2024,False,21,False,False,False,False,False,1086,1378.9767613899014,80.94,6.75,49.98,11.19,38.79,5219.18
2024-10-11,4,11,10,2024,False,20,False,False,False,False,False,1086,1378.9767613899014,80.9,6.75,43.96,12.11,31.85,5251.03
2024-10-12,5,12,10,2024,True,19,False,False,False,False,False,1086,1378.9767613899014,80.97,6.75,9.75,11.75,-2.0,5249.03
2024-10-13,6,13,10,2024,True,18,False,False,False,False,False,1086,1378.9767613899014,81.09,6.75,12.67,13.29,-0.62,5248.41
2024-10-14,0,14,10,2024,False,17,False,False,False,False,False,1086,1378.9767613899014,81.05,6.75,48.9,13.17,35.73,5284.14
2024-10-15,1,15,10,2024,False,16,False,False,False,True,False,1087,1378.9767613899014,81.02,6.75,53.75,79.59,-25.84,5258.3
2024-10-16,2,16,10,2024,False,15,False,False,False,False,False,1087,1378.9767613899014,81.04,6.75,52.76,13.78,38.98,5297.28
2024-10-17,3,17,10,2024,False,14,False,False,False,False,False,1087,1378.9767613899014,81.02,6.75,32.44,14.33,18.11,5315.39
2024-10-18,4,18,10,2024,False,13,False,False,False,False,False,1087,1378.9767613899014,81.1,6.75,45.62,12.78,32.84,5348.23
2024-10-19,5,19,10,2024,True,12,False,False,False,False,False,1088,1378.9767613899014,80.92,6.75,18.16,13.19,4.97,5353.2
2024-10-20,6,20,10,2024,True,11,False,False,False,False,False,1088,1378.9767613899014,80.85,6.75,11.22,13.47,-2.25,5350.95
2024-10-21,0,21,10,2024,False,10,False,False,False,False,False,1088,1378.9767613899014,80.79,6.75,43.15,12.98,30.17,5381.12
2024-10-22,1,22,10,2024,False,9,False,False,False,False,False,1088,1378.9767613899014,80.6,6.75,45.39,12.3,33.09,5414.21
2024-10-23,2,23,10,2024,False,8,False,False,False,False,False,1089,1378.9767613899014,80.53,6.75,40.93,12.39,28.54,5442.75
2024-10-24,3,24,10,2024,False,7,False,False,False,False,False,1089,1378.9767613899014,80.45,6.75,30.96,11.8,19.16,5461.91
2024-10-25,4,25,10,2024,False,6,False,False,False,False,False,1089,1378.9767613899014,80.44,6.75,40.75,13.36,27.39,5489.3
2024-10-26,5,26,10,2024,True,5,False,False,False,False,False,1089,1378.9767613899014,80.53,6.75,14.26,12.69,1.57,5490.87
2024-10-27,6,27,10,2024,True,4,True,False,False,False,False,1090,1378.9767613899014,80.51,6.75,21.35,12.0,9.35,5500.22
2024-10-28,0,28,10,2024,False,3,True,False,False,False,False,1090,1378.9767613899014,80.42,6.75,56.61,12.0,44.61,5544.83
2024-10-29,1,29,10,2024,False,2,True,False,False,False,False,1090,1378.9767613899014,80.42,6.75,57.85,11.36,46.49,5591.32
2024-10-30,2,30,10,2024,False,1,True,False,False,False,False,1090,1378.9767613899014,80.5,6.75,62.21,14.14,48.07,5639.39
2024-10-31,3,31,10,2024,False,0,True,False,False,False,True,1091,1378.9767613899014,80.43,6.75,16.96,12.93,4.03,5643.42
2024-11-01,4,1,11,2024,False,29,False,False,False,False,False,1091,1432.5635334668507,80.35,6.75,42.49,11.45,31.04,5674.46
2024-11-02,5,2,11,2024,True,28,False,False,False,False,False,1091,1432.5635334668507,80.4,6.75,14.59,13.53,1.06,5675.52
2024-11-03,6,3,11,2024,True,27,False,False,False,False,False,1091,1432.5635334668507,80.38,6.75,15.97,11.8,4.17,5679.69
2024-11-04,0,4,11,2024,False,26,False,False,False,False,False,1092,1432.5635334668507,80.43,6.75,31.77,10.85,20.92,5700.61
2024-11-05,1,5,11,2024,False,25,False,False,True,False,False,1092,1432.5635334668507,80.43,6.75,48.91,346.09,-297.18,5403.43
2024-11-06,2,6,11,2024,False,24,False,False,False,False,False,1092,1432.5635334668507,80.49,6.75,44.88,11.84,33.04,5436.47
2024-11-07,3,7,11,2024,False,23,False,False,False,False,False,1092,1432.5635334668507,80.4,6.75,45.21,11.99,33.22,5469.69
2024-11-08,4,8,11,2024,False,22,False,False,False,False,False,1092,1432.5635334668507,80.4,6.75,53.36,12.54,40.82,5510.51
2024-11-09,5,9,11,2024,True,21,False,False,False,False,False,1093,1432.5635334668507,80.39,6.75,11.05,14.02,-2.97,5507.54
2024-11-10,6,10,11,2024,True,20,False,False,False,False,False,1093,1432.5635334668507,80.29,6.75,11.01,12.53,-1.52,5506.02
2024-11-11,0,11,11,2024,False,19,False,False,False,False,False,1093,1432.5635334668507,80.16,6.75,47.15,11.09,36.06,5542.08
2024-11-12,1,12,11,2024,False,18,False,False,False,False,False,1093,1432.5635334668507,80.22,6.75,44.83,13.2,31.63,5573.71
2024-11-13,2,13,11,2024,False,17,False,False,False,False,False,1094,1432.5635334668507,80.19,6.75,46.28,11.92,34.36,5608.07
2024-11-14,3,14,11,2024,False,16,False,False,False,False,False,1094,1432.5635334668507,80.11,6.75,41.3,15.12,26.18,5634.25
2024-11-15,4,15,11,2024,False,15,False,False,False,True,False,1094,1432.5635334668507,80.1,6.75,50.59,72.51,-21.92,5612.33
2024-11-16,5,16,11,2024,True,14,False,False,False,False,False,1094,1432.5635334668507,80.19,6.75,18.58,10.01,8.57,5620.9
2024-11-17,6,17,11,2024,True,13,False,False,False,False,False,1095,1432.5635334668507,80.01,6.75,17.14,12.98,4.16,5625.06
2024-11-18,0,18,11,2024,False,12,False,False,False,False,False,1095,1432.5635334668507,79.89,6.75,42.83,15.22,27.61,5652.67
2024-11-19,1,19,11,2024,False,11,False,False,False,False,False,1095,1432.5635334668507,79.82,6.75,30.72,14.66,16.06,5668.73
2024-11-20,2,20,11,2024,False,10,False,False,False,False,False,1095,1432.5635334668507,79.93,6.75,51.55,15.04,36.51,5705.24
2024-11-21,3,21,11,2024,False,9,False,False,False,False,False,1096,1432.5635334668507,79.95,6.75,55.93,11.32,44.61,5749.85
2024-11-22,4,22,11,2024,False,8,False,False,False,False,False,1096,1432.5635334668507,80.02,6.75,50.41,13.74,36.67,5786.52
2024-11-23,5,23,11,2024,True,7,False,False,False,False,False,1096,1432.5635334668507,79.92,6.75,13.41,11.66,1.75,5788.27
2024-11-24,6,24,11,2024,True,6,False,False,False,False,False,1096,1432.5635334668507,79.84,6.75,17.74,12.82,4.92,5793.19
2024-11-25,0,25,11,2024,False,5,False,False,False,False,False,1097,1432.5635334668507,79.87,6.75,52.41,11.05,41.36,5834.55
2024-11-26,1,26,11,2024,False,4,True,False,False,False,False,1097,1432.5635334668507,79.88,6.75,86.17,11.77,74.4,5908.95
2024-11-27,2,27,11,2024,False,3,True,False,False,False,False,1097,1432.5635334668507,79.92,6.75,55.59,11.73,43.86,5952.81
2024-11-28,3,28,11,2024,False,2,True,False,False,False,False,1097,1432.5635334668507,79.9,6.75,62.49,13.73,48.76,6001.57
2024-11-29,4,29,11,2024,False,1,True,False,False,False,False,1098,1432.5635334668507,79.93,6.75,74.46,13.61,60.85,6062.42
2024-11-30,5,30,11,2024,True,0,True,False,False,False,False,1098,1432.5635334668507,79.94,6.75,23.02,12.91,10.11,6072.53
2024-12-01,6,1,12,2024,True,30,False,False,False,False,False,1098,1404.13676294828,80.0,6.75,12.59,10.55,2.04,6074.57
2024-12-02,0,2,12,2024,False,29,False,False,False,False,False,1098,1404.13676294828,80.07,6.75,47.41,11.71,35.7,6110.27
2024-12-03,1,3,12,2024,False,28,False,False,False,False,False,1098,1404.13676294828,79.94,6.75,48.83,11.21,37.62,6147.89
2024-12-04,2,4,12,2024,False,27,False,False,False,False,False,1099,1404.13676294828,79.76,6.75,44.7,13.19,31.51,6179.4
2024-12-05,3,5,12,2024,False,26,False,False,True,False,False,1099,1404.13676294828,79.84,6.75,45.77,351.11,-305.34,5874.06
2024-12-06,4,6,12,2024,False,25,False,False,False,False,False,1099,1404.13676294828,79.93,6.75,41.99,13.44,28.55,5902.61
2024-12-07,5,7,12,2024,True,24,False,False,False,False,False,1099,1404.13676294828,79.85,6.75,20.09,11.21,8.88,5911.49
2024-12-08,6,8,12,2024,True,23,False,False,False,False,False,1100,1404.13676294828,79.7,6.75,13.09,9.2,3.89,5915.38
2024-12-09,0,9,12,2024,False,22,False,False,False,False,False,1100,1404.13676294828,79.71,6.75,39.58,10.14,29.44,5944.82
2024-12-10,1,10,12,2024,False,21,False,False,False,False,False,1100,1404.13676294828,79.78,6.75,44.08,13.95,30.13,5974.95
2024-12-11,2,11,12,2024,False,20,False,False,False,False,False,1100,1404.13676294828,79.93,6.75,51.54,11.62,39.92,6014.87
2024-12-12,3,12,12,2024,False,19,False,False,False,False,False,1101,1404.13676294828,79.97,6.75,33.6,11.24,22.36,6037.23
2024-12-13,4,13,12,2024,False,18,False,False,False,False,False,1101,1404.13676294828,79.94,6.75,34.75,14.27,20.48,6057.71
2024-12-14,5,14,12,2024,True,17,False,False,False,False,False,1101,1404.13676294828,79.87,6.75,10.67,13.74,-3.07,6054.64
2024-12-15,6,15,12,2024,True,16,False,False,False,True,False,1101,1404.13676294828,79.87,6.75,15.49,72.29,-56.8,5997.84
2024-12-16,0,16,12,2024,False,15,False,False,False,False,False,1102,1404.13676294828,79.84,6.75,35.97,11.77,24.2,6022.04
2024-12-17,1,17,12,2024,False,14,False,False,False,False,False,1102,1404.13676294828,79.76,6.75,41.05,11.96,29.09,6051.13
2024-12-18,2,18,12,2024,False,13,False,False,False,False,False,1102,1404.13676294828,79.93,6.75,49.56,12.4,37.16,6088.29
2024-12-19,3,19,12,2024,False,12,False,False,False,False,False,1102,1404.13676294828,80.07,6.75,39.2,14.23,24.97,6113.26
2024-12-20,4,20,12,2024,False,11,False,False,False,False,False,1103,1404.13676294828,80.16,6.75,45.87,12.66,33.21,6146.47
2024-12-21,5,21,12,2024,True,10,False,False,False,False,False,1103,1404.13676294828,80.09,6.75,14.59,13.05,1.54,6148.01
2024-12-22,6,22,12,2024,True,9,False,False,False,False,False,1103,1404.13676294828,80.16,6.75,17.38,13.64,3.74,6151.75
2024-12-23,0,23,12,2024,False,8,False,False,False,False,False,1103,1404.13676294828,80.21,6.75,47.92,10.79,37.13,6188.88
2024-12-24,1,24,12,2024,False,7,False,False,False,False,False,1104,1404.13676294828,80.24,6.75,38.84,13.1,25.74,6214.62
2024-12-25,2,25,12,2024,False,6,False,True,False,False,True,1104,1404.13676294828,80.34,6.75,10.67,11.79,-1.12,6213.5
2024-12-26,3,26,12,2024,False,5,False,True,False,False,False,1104,1404.13676294828,80.39,6.75,53.09,9.44,43.65,6257.15
2024-12-27,4,27,12,2024,False,4,True,True,False,False,False,1104,1404.13676294828,80.45,6.75,68.48,9.82,58.66,6315.81
2024-12-28,5,28,12,2024,True,3,True,True,False,False,False,1104,1404.13676294828,80.5,6.75,17.36,10.97,6.39,6322.2
2024-12-29,6,29,12,2024,True,2,True,True,False,False,False,1105,1404.13676294828,80.53,6.75,25.12,12.82,12.3,6334.5
2024-12-30,0,30,12,2024,False,1,True,True,False,False,False,1105,1404.13676294828,80.39,6.75,52.48,12.29,40.19,6374.69
2024-12-31,1,31,12,2024,False,0,True,True,False,False,False,1105,1404.13676294828,80.39,6.75,82.26,12.38,69.88,6444.57
2025-01-01,2,1,1,2025,False,30,False,False,False,False,False,1105,1263.2918044459223,80.35,6.25,47.6,14.18,33.42,6477.99
2025-01-02,3,2,1,2025,False,29,False,False,False,False,False,1106,1263.2918044459223,80.25,6.25,41.7,10.29,31.41,6509.4
2025-01-03,4,3,1,2025,False,28,False,False,False,False,False,1106,1263.2918044459223,80.38,6.25,40.72,11.65,29.07,6538.47
2025-01-04,5,4,1,2025,True,27,False,False,False,False,False,1106,1263.2918044459223,80.52,6.25,13.34,12.04,1.3,6539.77
2025-01-05,6,5,1,2025,True,26,False,False,True,False,False,1106,1263.2918044459223,80.63,6.25,15.65,289.56,-273.91,6265.86
2025-01-06,0,6,1,2025,False,25,False,False,False,False,False,1107,1263.2918044459223,80.65,6.25,37.03,11.72,25.31,6291.17
2025-01-07,1,7,1,2025,False,24,False,False,False,False,False,1107,1263.2918044459223,80.76,6.25,41.3,9.96,31.34,6322.51
2025-01-08,2,8,1,2025,False,23,False,False,False,False,False,1107,1263.2918044459223,80.76,6.25,46.31,13.46,32.85,6355.36
2025-01-09,3,9,1,2025,False,22,False,False,False,False,False,1107,1263.2918044459223,80.78,6.25,35.78,10.92,24.86,6380.22
2025-01-10,4,10,1,2025,False,21,False,False,False,False,False,1108,1263.2918044459223,80.69,6.25,35.43,14.34,21.09,6401.31
2025-01-11,5,11,1,2025,True,20,False,False,False,False,False,1108,1263.2918044459223,80.72,6.25,11.17,11.66,-0.49,6400.82
2025-01-12,6,12,1,2025,True,19,False,False,False,False,False,1108,1263.2918044459223,80.72,6.25,11.44,12.97,-1.53,6399.29
2025-01-13,0,13,1,2025,False,18,False,False,False,False,False,1108,1263.2918044459223,80.62,6.25,28.48,11.64,16.84,6416.13
2025-01-14,1,14,1,2025,False,17,False,False,False,False,False,1109,1263.2918044459223,80.62,6.25,45.14,11.68,33.46,6449.59
2025-01-15,2,15,1,2025,False,16,False,False,False,True,False,1109,1263.2918044459223,80.61,6.25,54.82,67.64,-12.82,6436.77
2025-01-16,3,16,1,2025,False,15,False,False,False,False,False,1109,1263.2918044459223,80.75,6.25,51.16,11.85,39.31,6476.08
2025-01-17,4,17,1,2025,False,14,False,False,False,False,False,1109,1263.2918044459223,80.82,6.25,29.54,12.09,17.45,6493.53
2025-01-18,5,18,1,2025,True,13,False,False,False,False,False,1110,1263.2918044459223,80.83,6.25,15.78,10.84,4.94,6498.47
2025-01-19,6,19,1,2025,True,12,False,False,False,False,False,1110,1263.2918044459223,80.85,6.25,17.9,11.58,6.32,6504.79
2025-01-20,0,20,1,2025,False,11,False,False,False,False,False,1110,1263.2918044459223,80.85,6.25,36.46,11.03,25.43,6530.22
2025-01-21,1,21,1,2025,False,10,False,False,False,False,False,1110,1263.2918044459223,80.83,6.25,40.31,14.75,25.56,6555.78
2025-01-22,2,22,1,2025,False,9,False,False,False,False,False,1110,1263.2918044459223,80.75,6.25,27.58,11.62,15.96,6571.74
2025-01-23,3,23,1,2025,False,8,False,False,False,False,False,1111,1263.2918044459223,80.73,6.25,41.53,13.69,27.84,6599.58
2025-01-24,4,24,1,2025,False,7,False,False,False,False,False,1111,1263.2918044459223,80.67,6.25,32.69,11.5,21.19,6620.77
2025-01-25,5,25,1,2025,True,6,False,False,False,False,False,1111,1263.2918044459223,80.57,6.25,14.36,12.04,2.32,6623.09
2025-01-26,6,26,1,2025,True,5,False,False,False,False,True,1111,1263.2918044459223,80.62,6.25,2.62,10.28,-7.66,6615.43
2025-01-27,0,27,1,2025,False,4,True,False,False,False,False,1112,1263.2918044459223,80.65,6.25,63.29,11.23,52.06,6667.49
2025-01-28,1,28,1,2025,False,3,True,False,False,False,False,1112,1263.2918044459223,80.5,6.25,69.02,11.99,57.03,6724.52
2025-01-29,2,29,1,2025,False,2,True,False,False,False,False,1112,1263.2918044459223,80.49,6.25,49.85,13.76,36.09,6760.61
2025-01-30,3,30,1,2025,False,1,True,False,False,False,False,1112,1263.2918044459223,80.57,6.25,46.77,12.01,34.76,6795.37
2025-01-31,4,31,1,2025,False,0,True,False,False,False,False,1113,1263.2918044459223,80.66,6.25,38.93,13.5,25.43,6820.8
2025-02-01,5,1,2,2025,True,27,False,False,False,False,False,1113,1211.1966612377942,80.74,6.25,12.66,12.15,0.51,6821.31
2025-02-02,6,2,2,2025,True,26,False,False,False,False,False,1113,1211.1966612377942,80.74,6.25,11.96,13.41,-1.45,6819.86
2025-02-03,0,3,2,2025,False,25,False,False,False,False,False,1113,1211.1966612377942,80.68,6.25,28.71,11.33,17.38,6837.24
2025-02-04,1,4,2,2025,False,24,False,False,False,False,False,1114,1211.1966612377942,80.59,6.25,41.18,14.48,26.7,6863.94
2025-02-05,2,5,2,2025,False,23,False,False,True,False,False,1114,1211.1966612377942,80.62,6.25,35.0,296.65,-261.65,6602.29
2025-02-06,3,6,2,2025,False,22,False,False,False,False,False,1114,1211.1966612377942,80.65,6.25,31.27,10.56,20.71,6623.0
2025-02-07,4,7,2,2025,False,21,False,False,False,False,False,1114,1211.1966612377942,80.75,6.25,34.35,10.11,24.24,6647.24
2025-02-08,5,8,2,2025,True,20,False,False,False,False,False,1115,1211.1966612377942,80.84,6.25,16.11,14.41,1.7,6648.94
2025-02-09,6,9,2,2025,True,19,False,False,False,False,False,1115,1211.1966612377942,80.83,6.25,14.81,12.39,2.42,6651.36
2025-02-10,0,10,2,2025,False,18,False,False,False,False,False,1115,1211.1966612377942,80.73,6.25,37.07,11.04,26.03,6677.39
2025-02-11,1,11,2,2025,False,17,False,False,False,False,False,1115,1211.1966612377942,80.7,6.25,42.42,12.93,29.49,6706.88
2025-02-12,2,12,2,2025,False,16,False,False,False,False,False,1116,1211.1966612377942,80.72,6.25,30.79,12.24,18.55,6725.43
2025-02-13,3,13,2,2025,False,15,False,False,False,False,False,1116,1211.1966612377942,80.7,6.25,38.17,13.91,24.26,6749.69
2025-02-14,4,14,2,2025,False,14,False,False,False,False,False,1116,1211.1966612377942,80.66,6.25,38.97,9.79,29.18,6778.87
2025-02-15,5,15,2,2025,True,13,False,False,False,True,False,1116,1211.1966612377942,80.68,6.25,12.21,69.56,-57.35,6721.52
2025-02-16,6,16,2,2025,True,12,False,False,False,False,False,1116,1211.1966612377942,80.64,6.25,14.37,10.91,3.46,6724.98
2025-02-17,0,17,2,2025,False,11,False,False,False,False,False,1117,1211.1966612377942,80.59,6.25,32.98,9.39,23.59,6748.57
2025-02-18,1,18,2,2025,False,10,False,False,False,False,False,1117,1211.1966612377942,80.61,6.25,41.6,12.71,28.89,6777.46
2025-02-19,2,19,2,2025,False,9,False,False,False,False,False,1117,1211.1966612377942,80.58,6.25,41.91,11.13,30.78,6808.24
2025-02-20,3,20,2,2025,False,8,False,False,False,False,False,1117,1211.1966612377942,80.6,6.25,22.45,12.31,10.14,6818.38
2025-02-21,4,21,2,2025,False,7,False,False,False,False,False,1118,1211.1966612377942,80.62,6.25,47.02,14.49,32.53,6850.91
2025-02-22,5,22,2,2025,True,6,False,False,False,False,False,1118,1211.1966612377942,80.53,6.25,7.67,11.05,-3.38,6847.53
2025-02-23,6,23,2,2025,True,5,False,False,False,False,False,1118,1211.1966612377942,80.49,6.25,11.89,10.97,0.92,6848.45
2025-02-24,0,24,2,2025,False,4,True,False,False,False,False,1118,1211.1966612377942,80.61,6.25,66.18,11.58,54.6,6903.05
2025-02-25,1,25,2,2025,False,3,True,False,False,False,False,1119,1211.1966612377942,80.51,6.25,51.97,12.64,39.33,6942.38
2025-02-26,2,26,2,2025,False,2,True,False,False,False,False,1119,1211.1966612377942,80.34,6.25,42.26,10.83,31.43,6973.81
2025-02-27,3,27,2,2025,False,1,True,False,False,False,False,1119,1211.1966612377942,80.2,6.25,45.19,10.76,34.43,7008.24
2025-02-28,4,28,2,2025,False,0,True,False,False,False,False,1119,1211.1966612377942,80.2,6.25,66.2,12.73,53.47,7061.71
2025-03-01,5,1,3,2025,True,30,False,False,False,False,False,1120,1299.3077296388337,80.2,6.25,11.58,11.77,-0.19,7061.52
2025-03-02,6,2,3,2025,True,29,False,False,False,False,False,1120,1299.3077296388337,80.19,6.25,20.06,9.24,10.82,7072.34
2025-03-03,0,3,3,2025,False,28,False,False,False,False,False,1120,1299.3077296388337,80.29,6.25,46.31,10.03,36.28,7108.62
2025-03-04,1,4,3,2025,False,27,False,False,False,False,False,1120,1299.3077296388337,80.07,6.25,37.74,13.17,24.57,7133.19
2025-03-05,2,5,3,2025,False,26,False,False,True,False,False,1121,1299.3077296388337,80.11,6.25,42.11,324.11,-282.0,6851.19
2025-03-06,3,6,3,2025,False,25,False,False,False,False,False,1121,1299.3077296388337,80.23,6.25,38.95,10.51,28.44,6879.63
2025-03-07,4,7,3,2025,False,24,False,False,False,False,False,1121,1299.3077296388337,80.14,6.25,54.67,11.15,43.52,6923.15
2025-03-08,5,8,3,2025,True,23,False,False,False,False,False,1121,1299.3077296388337,80.11,6.25,18.68,11.36,7.32,6930.47
2025-03-09,6,9,3,2025,True,22,False,False,False,False,False,1122,1299.3077296388337,80.05,6.25,12.01,12.22,-0.21,6930.26
2025-03-10,0,10,3,2025,False,21,False,False,False,False,False,1122,1299.3077296388337,79.98,6.25,43.5,9.91,33.59,6963.85
2025-03-11,1,11,3,2025,False,20,False,False,False,False,False,1122,1299.3077296388337,79.95,6.25,40.04,10.44,29.6,6993.45
2025-03-12,2,12,3,2025,False,19,False,False,False,False,False,1122,1299.3077296388337,80.07,6.25,59.04,11.67,47.37,7040.82
2025-03-13,3,13,3,2025,False,18,False,False,False,False,False,1122,1299.3077296388337,80.21,6.25,36.68,11.24,25.44,7066.26
2025-03-14,4,14,3,2025,False,17,False,False,False,False,True,1123,1299.3077296388337,80.19,6.25,15.61,12.03,3.58,7069.84
2025-03-15,5,15,3,2025,True,16,False,False,False,True,False,1123,1299.3077296388337,80.34,6.25,16.27,63.11,-46.84,7023.0
2025-03-16,6,16,3,2025,True,15,False,False,False,False,False,1123,1299.3077296388337,80.34,6.25,13.28,11.78,1.5,7024.5
2025-03-17,0,17,3,2025,False,14,False,False,False,False,False,1123,1299.3077296388337,80.48,6.25,41.41,12.68,28.73,7053.23
2025-03-18,1,18,3,2025,False,13,False,False,False,False,False,1124,1299.3077296388337,80.47,6.25,40.49,11.94,28.55,7081.78
2025-03-19,2,19,3,2025,False,12,False,False,False,False,False,1124,1299.3077296388337,80.49,6.25,37.19,11.53,25.66,7107.44
2025-03-20,3,20,3,2025,False,11,False,False,False,False,False,1124,1299.3077296388337,80.51,6.25,47.58,11.27,36.31,7143.75
2025-03-21,4,21,3,2025,False,10,False,False,False,False,False,1124,1299.3077296388337,80.77,6.25,37.5,10.46,27.04,7170.79
2025-03-22,5,22,3,2025,True,9,False,False,False,False,False,1125,1299.3077296388337,80.84,6.25,11.06,11.3,-0.24,7170.55
2025-03-23,6,23,3,2025,True,8,False,False,False,False,False,1125,1299.3077296388337,80.78,6.25,15.29,12.91,2.38,7172.93
2025-03-24,0,24,3,2025,False,7,False,False,False,False,False,1125,1299.3077296388337,80.86,6.25,33.81,11.25,22.56,7195.49
2025-03-25,1,25,3,2025,False,6,False,True,False,False,False,1125,1299.3077296388337,80.83,6.25,40.85,10.42,30.43,7225.92
2025-03-26,2,26,3,2025,False,5,False,True,False,False,False,1126,1299.3077296388337,80.79,6.25,39.71,10.85,28.86,7254.78
2025-03-27,3,27,3,2025,False,4,True,True,False,False,False,1126,1299.3077296388337,80.86,6.25,57.98,11.63,46.35,7301.13
2025-03-28,4,28,3,2025,False,3,True,True,False,False,False,1126,1299.3077296388337,80.86,6.25,97.23,10.98,86.25,7387.38
2025-03-29,5,29,3,2025,True,2,True,True,False,False,False,1126,1299.3077296388337,80.89,6.25,23.98,11.96,12.02,7399.4
2025-03-30,6,30,3,2025,True,1,True,True,False,False,False,1127,1299.3077296388337,80.89,6.25,24.81,12.02,12.79,7412.19
2025-03-31,0,31,3,2025,False,0,True,True,False,False,False,1127,1299.3077296388337,80.92,6.25,49.26,12.47,36.79,7448.98
2025-04-01,1,1,4,2025,False,29,False,False,False,False,False,1127,1301.136101609102,80.95,6.25,41.64,13.3,28.34,7477.32
2025-04-02,2,2,4,2025,False,28,False,False,False,False,False,1127,1301.136101609102,80.79,6.25,48.69,12.75,35.94,7513.26
2025-04-03,3,3,4,2025,False,27,False,False,False,False,False,1128,1301.136101609102,80.85,6.25,38.95,10.52,28.43,7541.69
2025-04-04,4,4,4,2025,False,26,False,False,False,False,False,1128,1301.136101609102,80.77,6.25,55.16,10.55,44.61,7586.3
2025-04-05,5,5,4,2025,True,25,False,False,True,False,False,1128,1301.136101609102,80.65,6.25,13.2,309.2,-296.0,7290.3
2025-04-06,6,6,4,2025,True,24,False,False,False,False,False,1128,1301.136101609102,80.65,6.25,15.57,11.04,4.53,7294.83
2025-04-07,0,7,4,2025,False,23,False,False,False,False,False,1128,1301.136101609102,80.66,6.25,42.15,10.31,31.84,7326.67
2025-04-08,1,8,4,2025,False,22,False,False,False,False,False,1129,1301.136101609102,80.6,6.25,48.25,11.06,37.19,7363.86
2025-04-09,2,9,4,2025,False,21,False,False,False,False,False,1129,1301.136101609102,80.67,6.25,41.74,11.02,30.72,7394.58
2025-04-10,3,10,4,2025,False,20,False,False,False,False,False,1129,1301.136101609102,80.56,6.25,44.61,10.81,33.8,7428.38
2025-04-11,4,11,4,2025,False,19,False,False,False,False,False,1129,1301.136101609102,80.53,6.25,44.89,11.2,33.69,7462.07
2025-04-12,5,12,4,2025,True,18,False,False,False,False,False,1130,1301.136101609102,80.48,6.25,14.36,13.02,1.34,7463.41
2025-04-13,6,13,4,2025,True,17,False,False,False,False,False,1130,1301.136101609102,80.48,6.25,17.89,11.8,6.09,7469.5
2025-04-14,0,14,4,2025,False,16,False,False,False,False,False,1130,1301.136101609102,80.5,6.25,48.89,14.81,34.08,7503.58
2025-04-15,1,15,4,2025,False,15,False,False,False,True,False,1130,1301.136101609102,80.42,6.25,46.1,72.8,-26.7,7476.88
2025-04-16,2,16,4,2025,False,14,False,False,False,False,False,1131,1301.136101609102,80.48,6.25,43.35,11.25,32.1,7508.98
2025-04-17,3,17,4,2025,False,13,False,False,False,False,False,1131,1301.136101609102,80.48,6.25,54.06,11.58,42.48,7551.46
2025-04-18,4,18,4,2025,False,12,False,False,False,False,False,1131,1301.136101609102,80.33,6.25,44.89,11.88,33.01,7584.47
2025-04-19,5,19,4,2025,True,11,False,False,False,False,False,1131,1301.136101609102,80.17,6.25,15.51,12.09,3.42,7587.89
2025-04-20,6,20,4,2025,True,10,False,False,False,False,False,1132,1301.136101609102,80.17,6.25,16.71,14.26,2.45,7590.34
2025-04-21,0,21,4,2025,False,9,False,False,False,False,False,1132,1301.136101609102,80.15,6.25,63.57,10.65,52.92,7643.26
2025-04-22,1,22,4,2025,False,8,False,False,False,False,False,1132,1301.136101609102,80.15,6.25,36.8,12.63,24.17,7667.43
2025-04-23,2,23,4,2025,False,7,False,False,False,False,False,1132,1301.136101609102,80.14,6.25,53.8,11.83,41.97,7709.4
2025-04-24,3,24,4,2025,False,6,False,False,False,False,False,1133,1301.136101609102,80.16,6.25,33.31,9.91,23.4,7732.8
2025-04-25,4,25,4,2025,False,5,False,False,False,False,False,1133,1301.136101609102,80.24,6.25,48.71,12.53,36.18,7768.98
2025-04-26,5,26,4,2025,True,4,True,False,False,False,False,1133,1301.136101609102,80.15,6.25,31.56,13.17,18.39,7787.37
2025-04-27,6,27,4,2025,True,3,True,False,False,False,False,1133,1301.136101609102,80.05,6.25,25.96,10.65,15.31,7802.68
2025-04-28,0,28,4,2025,False,2,True,False,False,False,False,1134,1301.136101609102,79.97,6.25,70.04,11.6,58.44,7861.12
2025-04-29,1,29,4,2025,False,1,True,False,False,False,False,1134,1301.136101609102,79.99,6.25,61.4,9.77,51.63,7912.75
2025-04-30,2,30,4,2025,False,0,True,False,False,False,False,1134,1301.136101609102,80.09,6.25,68.3,10.24,58.06,7970.81
2025-05-01,3,1,5,2025,False,30,False,False,False,False,False,1134,1308.3183152898996,80.06,6.25,45.01,13.3,31.71,8002.52
2025-05-02,4,2,5,2025,False,29,False,False,False,False,False,1134,1308.3183152898996,79.86,6.25,40.89,11.43,29.46,8031.98
2025-05-03,5,3,5,2025,True,28,False,False,False,False,False,1135,1308.3183152898996,79.72,6.25,15.65,10.73,4.92,8036.9
2025-05-04,6,4,5,2025,True,27,False,False,False,False,False,1135,1308.3183152898996,79.65,6.25,17.08,12.26,4.82,8041.72
2025-05-05,0,5,5,2025,False,26,False,False,True,False,False,1135,1308.3183152898996,79.61,6.25,41.02,296.11,-255.09,7786.63
2025-05-06,1,6,5,2025,False,25,False,False,False,False,False,1135,1308.3183152898996,79.58,6.25,40.74,11.43,29.31,7815.94
2025-05-07,2,7,5,2025,False,24,False,False,False,False,False,1136,1308.3183152898996,79.58,6.25,36.87,12.92,23.95,7839.89
2025-05-08,3,8,5,2025,False,23,False,False,False,False,False,1136,1308.3183152898996,79.55,6.25,50.53,10.68,39.85,7879.74
2025-05-09,4,9,5,2025,False,22,False,False,False,False,False,1136,1308.3183152898996,79.64,6.25,51.96,10.96,41.0,7920.74
2025-05-10,5,10,5,2025,True,21,False,False,False,False,False,1136,1308.3183152898996,79.58,6.25,17.19,12.18,5.01,7925.75
2025-05-11,6,11,5,2025,True,20,False,False,False,False,False,1137,1308.3183152898996,79.51,6.25,19.61,13.23,6.38,7932.13
2025-05-12,0,12,5,2025,False,19,False,False,False,False,False,1137,1308.3183152898996,79.55,6.25,47.85,13.59,34.26,7966.39
2025-05-13,1,13,5,2025,False,18,False,False,False,False,False,1137,1308.3183152898996,79.43,6.25,50.54,11.23,39.31,8005.7
2025-05-14,2,14,5,2025,False,17,False,False,False,False,False,1137,1308.3183152898996,79.46,6.25,49.75,13.19,36.56,8042.26
2025-05-15,3,15,5,2025,False,16,False,False,False,True,False,1138,1308.3183152898996,79.47,6.25,46.33,66.59,-20.26,8022.0
2025-05-16,4,16,5,2025,False,15,False,False,False,False,False,1138,1308.3183152898996,79.46,6.25,42.81,14.43,28.38,8050.38
2025-05-17,5,17,5,2025,True,14,False,False,False,False,False,1138,1308.3183152898996,79.58,6.25,24.56,10.73,13.83,8064.21
2025-05-18,6,18,5,2025,True,13,False,False,False,False,False,1138,1308.3183152898996,79.53,6.25,15.2,13.72,1.48,8065.69
2025-05-19,0,19,5,2025,False,12,False,False,False,False,False,1139,1308.3183152898996,79.7,6.25,41.78,11.26,30.52,8096.21
2025-05-20,1,20,5,2025,False,11,False,False,False,False,False,1139,1308.3183152898996,79.68,6.25,50.93,14.71,36.22,8132.43
2025-05-21,2,21,5,2025,False,10,False,False,False,False,False,1139,1308.3183152898996,79.58,6.25,49.28,12.76,36.52,8168.95
2025-05-22,3,22,5,2025,False,9,False,False,False,False,False,1139,1308.3183152898996,79.58,6.25,36.58,10.87,25.71,8194.66
2025-05-23,4,23,5,2025,False,8,False,False,False,False,False,1140,1308.3183152898996,79.5,6.25,57.65,11.43,46.22,8240.88
2025-05-24,5,24,5,2025,True,7,False,False,False,False,False,1140,1308.3183152898996,79.44,6.25,16.21,13.02,3.19,8244.07
2025-05-25,6,25,5,2025,True,6,False,False,False,False,False,1140,1308.3183152898996,79.47,6.25,13.5,13.37,0.13,8244.2
2025-05-26,0,26,5,2025,False,5,False,False,False,False,False,1140,1308.3183152898996,79.51,6.25,58.34,11.95,46.39,8290.59
2025-05-27,1,27,5,2025,False,4,True,False,False,False,False,1140,1308.3183152898996,79.46,6.25,76.44,12.09,64.35,8354.94
2025-05-28,2,28,5,2025,False,3,True,False,False,False,False,1141,1308.3183152898996,79.54,6.25,54.39,13.0,41.39,8396.33
2025-05-29,3,29,5,2025,False,2,True,False,False,False,False,1141,1308.3183152898996,79.64,6.25,94.04,12.21,81.83,8478.16
2025-05-30,4,30,5,2025,False,1,True,False,False,False,False,1141,1308.3183152898996,79.75,6.25,76.89,10.59,66.3,8544.46
2025-05-31,5,31,5,2025,True,0,True,False,False,False,False,1141,1308.3183152898996,79.79,6.25,23.86,11.11,12.75,8557.21
2025-06-01,6,1,6,2025,True,29,False,False,False,False,False,1142,1314.7705250751972,79.9,6.25,22.06,12.86,9.2,8566.41
2025-06-02,0,2,6,2025,False,28,False,False,False,False,False,1142,1314.7705250751972,79.75,6.25,48.71,14.19,34.52,8600.93
2025-06-03,1,3,6,2025,False,27,False,False,False,False,False,1142,1314.7705250751972,79.73,6.25,47.09,14.77,32.32,8633.25
2025-06-04,2,4,6,2025,False,26,False,False,False,False,False,1142,1314.7705250751972,79.66,6.25,42.03,13.58,28.45,8661.7
2025-06-05,3,5,6,2025,False,25,False,False,True,False,False,1143,1314.7705250751972,79.67,6.25,52.56,321.68,-269.12,8392.58
2025-06-06,4,6,6,2025,False,24,False,False,False,False,False,1143,1314.7705250751972,79.62,6.25,51.57,13.55,38.02,8430.6
2025-06-07,5,7,6,2025,True,23,False,False,False,False,False,1143,1314.7705250751972,79.61,6.25,16.61,11.76,4.85,8435.45
2025-06-08,6,8,6,2025,True,22,False,False,False,False,False,1143,1314.7705250751972,79.76,6.25,14.37,12.38,1.99,8437.44
2025-06-09,0,9,6,2025,False,21,False,False,False,False,False,1144,1314.7705250751972,79.75,6.25,48.45,11.59,36.86,8474.3
2025-06-10,1,10,6,2025,False,20,False,False,False,False,False,1144,1314.7705250751972,79.78,6.25,46.74,11.11,35.63,8509.93
2025-06-11,2,11,6,2025,False,19,False,False,False,False,False,1144,1314.7705250751972,79.76,6.25,37.23,13.01,24.22,8534.15
2025-06-12,3,12,6,2025,False,18,False,False,False,False,False,1144,1314.7705250751972,79.77,6.25,36.32,12.82,23.5,8557.65
2025-06-13,4,13,6,2025,False,17,False,False,False,False,False,1145,1314.7705250751972,79.77,6.25,52.4,13.49,38.91,8596.56
2025-06-14,5,14,6,2025,True,16,False,False,False,False,False,1145,1314.7705250751972,79.8,6.25,10.37,13.3,-2.93,8593.63
2025-06-15,6,15,6,2025,True,15,False,False,False,True,False,1145,1314.7705250751972,79.9,6.25,17.19,74.38,-57.19,8536.44
2025-06-16,0,16,6,2025,False,14,False,False,False,False,False,1145,1314.7705250751972,80.03,6.25,43.43,13.32,30.11,8566.55
2025-06-17,1,17,6,2025,False,13,False,False,False,False,False,1146,1314.7705250751972,80.05,6.25,59.9,12.55,47.35,8613.9
2025-06-18,2,18,6,2025,False,12,False,False,False,False,False,1146,1314.7705250751972,80.1,6.25,43.31,13.14,30.17,8644.07
2025-06-19,3,19,6,2025,False,11,False,False,False,False,False,1146,1314.7705250751972,80.01,6.25,53.3,11.72,41.58,8685.65
2025-06-20,4,20,6,2025,False,10,False,False,False,False,False,1146,1314.7705250751972,80.0,6.25,44.07,13.08,30.99,8716.64
2025-06-21,5,21,6,2025,True,9,False,False,False,False,False,1146,1314.7705250751972,80.08,6.25,16.91,13.48,3.43,8720.07
2025-06-22,6,22,6,2025,True,8,False,False,False,False,False,1147,1314.7705250751972,80.14,6.25,18.92,11.8,7.12,8727.19
2025-06-23,0,23,6,2025,False,7,False,False,False,False,False,1147,1314.7705250751972,80.16,6.25,43.55,12.68,30.87,8758.06
2025-06-24,1,24,6,2025,False,6,False,True,False,False,False,1147,1314.7705250751972,80.23,6.25,56.63,11.85,44.78,8802.84
2025-06-25,2,25,6,2025,False,5,False,True,False,False,False,1147,1314.7705250751972,80.27,6.25,39.58,11.97,27.61,8830.45
2025-06-26,3,26,6,2025,False,4,True,True,False,False,False,1148,1314.7705250751972,80.37,6.25,72.37,11.28,61.09,8891.54
2025-06-27,4,27,6,2025,False,3,True,True,False,False,False,1148,1314.7705250751972,80.39,6.25,81.03,14.33,66.7,8958.24
2025-06-28,5,28,6,2025,True,2,True,True,False,False,False,1148,1314.7705250751972,80.36,6.25,27.05,14.05,13.0,8971.24
2025-06-29,6,29,6,2025,True,1,True,True,False,False,False,1148,1314.7705250751972,80.39,6.25,33.92,13.33,20.59,8991.83
2025-06-30,0,30,6,2025,False,0,True,True,False,False,False,1149,1314.7705250751972,80.15,6.25,59.82,15.39,44.43,9036.26
2025-07-01,1,1,7,2025,False,30,False,False,False,False,False,1149,1363.5411900217616,80.19,6.25,38.3,12.9,25.4,9061.66
2025-07-02,2,2,7,2025,False,29,False,False,False,False,False,1149,1363.5411900217616,79.89,6.25,41.04,17.8,23.24,9084.9
2025-07-03,3,3,7,2025,False,28,False,False,False,False,False,1149,1363.5411900217616,79.76,6.25,55.28,12.85,42.43,9127.33
2025-07-04,4,4,7,2025,False,27,False,False,False,False,False,1150,1363.5411900217616,79.79,6.25,53.69,13.5,40.19,9167.52
2025-07-05,5,5,7,2025,True,26,False,False,True,False,False,1150,1363.5411900217616,79.83,6.25,17.5,300.94,-283.44,8884.08
2025-07-06,6,6,7,2025,True,25,False,False,False,False,False,1150,1363.5411900217616,79.74,6.25,14.04,13.66,0.38,8884.46
2025-07-07,0,7,7,2025,False,24,False,False,False,False,False,1150,1363.5411900217616,79.68,6.25,56.35,14.3,42.05,8926.51
2025-07-08,1,8,7,2025,False,23,False,False,False,False,False,1151,1363.5411900217616,79.79,6.25,39.38,13.02,26.36,8952.87
2025-07-09,2,9,7,2025,False,22,False,False,False,False,False,1151,1363.5411900217616,79.75,6.25,60.47,15.73,44.74,8997.61
2025-07-10,3,10,7,2025,False,21,False,False,False,False,False,1151,1363.5411900217616,79.93,6.25,82.1,13.49,68.61,9066.22
2025-07-11,4,11,7,2025,False,20,False,False,False,False,False,1151,1363.5411900217616,79.93,6.25,52.43,13.53,38.9,9105.12
2025-07-12,5,12,7,2025,True,19,False,False,False,False,False,1152,1363.5411900217616,79.96,6.25,19.08,12.03,7.05,9112.17
2025-07-13,6,13,7,2025,True,18,False,False,False,False,False,1152,1363.5411900217616,80.09,6.25,15.72,13.74,1.98,9114.15
2025-07-14,0,14,7,2025,False,17,False,False,False,False,False,1152,1363.5411900217616,80.1,6.25,35.44,13.0,22.44,9136.59
2025-07-15,1,15,7,2025,False,16,False,False,False,True,False,1152,1363.5411900217616,80.02,6.25,44.04,68.86,-24.82,9111.77
2025-07-16,2,16,7,2025,False,15,False,False,False,False,False,1152,1363.5411900217616,80.01,6.25,40.32,12.19,28.13,9139.9
2025-07-17,3,17,7,2025,False,14,False,False,False,False,False,1153,1363.5411900217616,80.01,6.25,37.83,17.23,20.6,9160.5
2025-07-18,4,18,7,2025,False,13,False,False,False,False,False,1153,1363.5411900217616,79.9,6.25,66.93,12.85,54.08,9214.58
2025-07-19,5,19,7,2025,True,12,False,False,False,False,False,1153,1363.5411900217616,79.88,6.25,18.05,11.4,6.65,9221.23
2025-07-20,6,20,7,2025,True,11,False,False,False,False,False,1153,1363.5411900217616,79.82,6.25,18.4,12.3,6.1,9227.33
2025-07-21,0,21,7,2025,False,10,False,False,False,False,False,1154,1363.5411900217616,79.9,6.25,46.43,13.13,33.3,9260.63
2025-07-22,1,22,7,2025,False,9,False,False,False,False,False,1154,1363.5411900217616,79.9,6.25,47.58,13.94,33.64,9294.27
2025-07-23,2,23,7,2025,False,8,False,False,False,False,False,1154,1363.5411900217616,79.88,6.25,58.39,13.95,44.44,9338.71
2025-07-24,3,24,7,2025,False,7,False,False,False,False,False,1154,1363.5411900217616,79.87,6.25,48.8,14.13,34.67,9373.38
2025-07-25,4,25,7,2025,False,6,False,False,False,False,False,1155,1363.5411900217616,79.89,6.25,54.01,12.39,41.62,9415.0
2025-07-26,5,26,7,2025,True,5,False,False,False,False,False,1155,1363.5411900217616,79.93,6.25,16.59,13.67,2.92,9417.92
2025-07-27,6,27,7,2025,True,4,True,False,False,False,False,1155,1363.5411900217616,79.85,6.25,23.42,12.1,11.32,9429.24
2025-07-28,0,28,7,2025,False,3,True,False,False,False,False,1155,1363.5411900217616,79.77,6.25,55.25,12.42,42.83,9472.07
2025-07-29,1,29,7,2025,False,2,True,False,False,False,False,1156,1363.5411900217616,79.86,6.25,49.86,12.07,37.79,9509.86
2025-07-30,2,30,7,2025,False,1,True,False,False,False,False,1156,1363.5411900217616,79.83,6.25,67.9,11.74,56.16,9566.02
2025-07-31,3,31,7,2025,False,0,True,False,False,False,False,1156,1363.5411900217616,79.71,6.25,71.9,14.71,57.19,9623.21
2025-08-01,4,1,8,2025,False,30,False,False,False,False,False,1156,1305.8396245903846,79.75,6.25,37.3,14.57,22.73,9645.94
2025-08-02,5,2,8,2025,True,29,False,False,False,False,False,1157,1305.8396245903846,79.79,6.25,16.35,15.0,1.35,9647.29
2025-08-03,6,3,8,2025,True,28,False,False,False,False,False,1157,1305.8396245903846,79.66,6.25,16.61,13.66,2.95,9650.24
2025-08-04,0,4,8,2025,False,27,False,False,False,False,False,1157,1305.8396245903846,79.68,6.25,31.89,14.71,17.18,9667.42
2025-08-05,1,5,8,2025,False,26,False,False,True,False,False,1157,1305.8396245903846,79.74,6.25,39.87,262.96,-223.09,9444.33
2025-08-06,2,6,8,2025,False,25,False,False,False,False,False,1158,1305.8396245903846,79.77,6.25,50.59,14.85,35.74,9480.07
2025-08-07,3,7,8,2025,False,24,False,False,False,False,False,1158,1305.8396245903846,79.82,6.25,50.4,13.86,36.54,9516.61
2025-08-08,4,8,8,2025,False,23,False,False,False,False,False,1158,1305.8396245903846,79.71,6.25,38.19,14.5,23.69,9540.3
2025-08-09,5,9,8,2025,True,22,False,False,False,False,False,1158,1305.8396245903846,79.74,6.25,16.93,14.15,2.78,9543.08
2025-08-10,6,10,8,2025,True,21,False,False,False,False,False,1158,1305.8396245903846,79.71,6.25,19.78,12.34,7.44,9550.52
2025-08-11,0,11,8,2025,False,20,False,False,False,False,False,1159,1305.8396245903846,79.67,6.25,54.07,11.74,42.33,9592.85
2025-08-12,1,12,8,2025,False,19,False,False,False,False,False,1159,1305.8396245903846,79.74,6.25,46.21,12.7,33.51,9626.36
2025-08-13,2,13,8,2025,False,18,False,False,False,False,False,1159,1305.8396245903846,79.86,6.25,43.21,14.42,28.79,9655.15
2025-08-14,3,14,8,2025,False,17,False,False,False,False,False,1159,1305.8396245903846,80.0,6.25,41.98,14.61,27.37,9682.52
2025-08-15,4,15,8,2025,False,16,False,False,False,True,True,1160,1305.8396245903846,80.11,6.25,12.79,64.23,-51.44,9631.08
2025-08-16,5,16,8,2025,True,15,False,False,False,False,False,1160,1305.8396245903846,80.1,6.25,17.04,12.37,4.67,9635.75
2025-08-17,6,17,8,2025,True,14,False,False,False,False,False,1160,1305.8396245903846,80.13,6.25,18.43,12.69,5.74,9641.49
2025-08-18,0,18,8,2025,False,13,False,False,False,False,False,1160,1305.8396245903846,80.19,6.25,48.14,13.17,34.97,9676.46
2025-08-19,1,19,8,2025,False,12,False,False,False,False,False,1161,1305.8396245903846,80.2,6.25,54.48,11.92,42.56,9719.02
2025-08-20,2,20,8,2025,False,11,False,False,False,False,False,1161,1305.8396245903846,80.21,6.25,47.82,11.85,35.97,9754.99
2025-08-21,3,21,8,2025,False,10,False,False,False,False,False,1161,1305.8396245903846,80.28,6.25,54.14,12.58,41.56,9796.55
2025-08-22,4,22,8,2025,False,9,False,False,False,False,False,1161,1305.8396245903846,80.27,6.25,54.99,13.77,41.22,9837.77
2025-08-23,5,23,8,2025,True,8,False,False,False,False,False,1162,1305.8396245903846,80.21,6.25,14.24,12.15,2.09,9839.86
2025-08-24,6,24,8,2025,True,7,False,False,False,False,False,1162,1305.8396245903846,80.18,6.25,11.88,13.51,-1.63,9838.23
2025-08-25,0,25,8,2025,False,6,False,False,False,False,False,1162,1305.8396245903846,80.23,6.25,62.07,15.19,46.88,9885.11
2025-08-26,1,26,8,2025,False,5,False,False,False,False,False,1162,1305.8396245903846,80.23,6.25,49.23,12.0,37.23,9922.34
2025-08-27,2,27,8,2025,False,4,True,False,False,False,False,1163,1305.8396245903846,80.26,6.25,50.06,13.4,36.66,9959.0
2025-08-28,3,28,8,2025,False,3,True,False,False,False,False,1163,1305.8396245903846,80.31,6.25,59.95,15.16,44.79,10003.79
2025-08-29,4,29,8,2025,False,2,True,False,False,False,False,1163,1305.8396245903846,80.28,6.25,78.32,13.12,65.2,10068.99
2025-08-30,5,30,8,2025,True,1,True,False,False,False,False,1163,1305.8396245903846,80.34,6.25,22.69,12.92,9.77,10078.76
2025-08-31,6,31,8,2025,True,0,True,False,False,False,False,1164,1305.8396245903846,80.37,6.25,21.76,15.38,6.38,10085.14
2025-09-01,0,1,9,2025,False,29,False,False,False,False,False,1164,1309.1939317732115,80.27,6.25,60.65,13.41,47.24,10132.38
2025-09-02,1,2,9,2025,False,28,False,False,False,False,False,1164,1309.1939317732115,80.39,6.25,39.03,15.44,23.59,10155.97
2025-09-03,2,3,9,2025,False,27,False,False,False,False,False,1164,1309.1939317732115,80.35,6.25,40.82,14.43,26.39,10182.36
2025-09-04,3,4,9,2025,False,26,False,False,False,False,False,1164,1309.1939317732115,80.22,6.25,48.96,13.36,35.6,10217.96
2025-09-05,4,5,9,2025,False,25,False,False,True,False,False,1165,1309.1939317732115,80.13,6.25,50.56,329.26,-278.7,9939.26
2025-09-06,5,6,9,2025,True,24,False,False,False,False,False,1165,1309.1939317732115,80.05,6.25,18.04,14.29,3.75,9943.01
2025-09-07,6,7,9,2025,True,23,False,False,False,False,False,1165,1309.1939317732115,80.06,6.25,19.44,15.33,4.11,9947.12
2025-09-08,0,8,9,2025,False,22,False,False,False,False,False,1165,1309.1939317732115,80.03,6.25,48.85,13.1,35.75,9982.87
2025-09-09,1,9,9,2025,False,21,False,False,False,False,False,1166,1309.1939317732115,80.01,6.25,51.47,13.91,37.56,10020.43
2025-09-10,2,10,9,2025,False,20,False,False,False,False,False,1166,1309.1939317732115,80.06,6.25,44.98,13.77,31.21,10051.64
2025-09-11,3,11,9,2025,False,19,False,False,False,False,False,1166,1309.1939317732115,80.08,6.25,47.67,14.86,32.81,10084.45
2025-09-12,4,12,9,2025,False,18,False,False,False,False,False,1166,1309.1939317732115,80.11,6.25,48.05,12.5,35.55,10120.0
2025-09-13,5,13,9,2025,True,17,False,False,False,False,False,1167,1309.1939317732115,80.14,6.25,17.15,15.35,1.8,10121.8
2025-09-14,6,14,9,2025,True,16,False,False,False,False,False,1167,1309.1939317732115,80.19,6.25,18.96,14.53,4.43,10126.23
2025-09-15,0,15,9,2025,False,15,False,False,False,True,False,1167,1309.1939317732115,80.02,6.25,52.08,64.75,-12.67,10113.56
2025-09-16,1,16,9,2025,False,14,False,False,False,False,False,1167,1309.1939317732115,79.99,6.25,47.51,15.64,31.87,10145.43
2025-09-17,2,17,9,2025,False,13,False,False,False,False,False,1168,1309.1939317732115,79.82,6.25,40.74,17.35,23.39,10168.82
2025-09-18,3,18,9,2025,False,12,False,False,False,False,False,1168,1309.1939317732115,79.82,6.25,47.71,15.34,32.37,10201.19
2025-09-19,4,19,9,2025,False,11,False,False,False,False,False,1168,1309.1939317732115,79.82,6.25,46.89,16.0,30.89,10232.08
2025-09-20,5,20,9,2025,True,10,False,False,False,False,False,1168,1309.1939317732115,79.9,6.25,17.08,13.99,3.09,10235.17
2025-09-21,6,21,9,2025,True,9,False,False,False,False,False,1169,1309.1939317732115,80.0,6.25,24.54,11.76,12.78,10247.95
2025-09-22,0,22,9,2025,False,8,False,False,False,False,False,1169,1309.1939317732115,80.02,6.25,42.89,11.55,31.34,10279.29
2025-09-23,1,23,9,2025,False,7,False,False,False,False,False,1169,1309.1939317732115,79.98,6.25,50.85,14.25,36.6,10315.89
2025-09-24,2,24,9,2025,False,6,False,True,False,False,False,1169,1309.1939317732115,80.01,6.25,57.13,13.09,44.04,10359.93
2025-09-25,3,25,9,2025,False,5,False,True,False,False,False,1170,1309.1939317732115,79.97,6.25,47.97,12.68,35.29,10395.22
2025-09-26,4,26,9,2025,False,4,True,True,False,False,False,1170,1309.1939317732115,79.97,6.25,104.1,13.81,90.29,10485.51
2025-09-27,5,27,9,2025,True,3,True,True,False,False,False,1170,1309.1939317732115,80.05,6.25,22.35,14.78,7.57,10493.08
2025-09-28,6,28,9,2025,True,2,True,True,False,False,False,1170,1309.1939317732115,80.01,6.25,25.36,12.02,13.34,10506.42
2025-09-29,0,29,9,2025,False,1,True,True,False,False,False,1170,1309.1939317732115,80.07,6.25,59.19,13.29,45.9,10552.32
2025-09-30,1,30,9,2025,False,0,True,True,False,False,False,1171,1309.1939317732115,80.13,6.25,64.15,16.18,47.97,10600.29
2025-10-01,2,1,10,2025,False,30,False,False,False,False,False,1171,1447.655681793803,80.05,6.25,54.5,12.37,42.13,10642.42
2025-10-02,3,2,10,2025,False,29,False,False,False,False,False,1171,1447.655681793803,80.13,6.25,60.69,15.03,45.66,10688.08
2025-10-03,4,3,10,2025,False,28,False,False,False,False,False,1171,1447.655681793803,80.18,6.25,55.2,13.12,42.08,10730.16
2025-10-04,5,4,10,2025,True,27,False,False,False,False,False,1172,1447.655681793803,80.19,6.25,22.88,14.56,8.32,10738.48
2025-10-05,6,5,10,2025,True,26,False,False,True,False,False,1172,1447.655681793803,80.13,6.25,17.93,350.18,-332.25,10406.23
2025-10-06,0,6,10,2025,False,25,False,False,False,False,False,1172,1447.655681793803,80.06,6.25,49.09,14.85,34.24,10440.47
2025-10-07,1,7,10,2025,False,24,False,False,False,False,False,1172,1447.655681793803,80.02,6.25,84.79,15.1,69.69,10510.16
2025-10-08,2,8,10,2025,False,23,False,False,False,False,False,1173,1447.655681793803,80.06,6.25,55.95,12.3,43.65,10553.81
2025-10-09,3,9,10,2025,False,22,False,False,False,False,False,1173,1447.655681793803,79.98,6.25,45.79,15.42,30.37,10584.18
2025-10-10,4,10,10,2025,False,21,False,False,False,False,False,1173,1447.655681793803,80.02,6.25,45.99,12.67,33.32,10617.5
2025-10-11,5,11,10,2025,True,20,False,False,False,False,False,1173,1447.655681793803,79.92,6.25,15.39,14.16,1.23,10618.73
2025-10-12,6,12,10,2025,True,19,False,False,False,False,False,1174,1447.655681793803,79.9,6.25,21.59,14.17,7.42,10626.15
2025-10-13,0,13,10,2025,False,18,False,False,False,False,False,1174,1447.655681793803,79.91,6.25,48.81,14.5,34.31,10660.46
2025-10-14,1,14,10,2025,False,17,False,False,False,False,False,1174,1447.655681793803,80.11,6.25,53.32,14.28,39.04,10699.5
2025-10-15,2,15,10,2025,False,16,False,False,False,True,False,1174,1447.655681793803,80.0,6.25,51.52,67.84,-16.32,10683.18
2025-10-16,3,16,10,2025,False,15,False,False,False,False,False,1175,1447.655681793803,80.12,6.25,59.45,12.08,47.37,10730.55
2025-10-17,4,17,10,2025,False,14,False,False,False,False,False,1175,1447.655681793803,80.13,6.25,44.75,15.08,29.67,10760.22
2025-10-18,5,18,10,2025,True,13,False,False,False,False,False,1175,1447.655681793803,80.16,6.25,15.03,14.08,0.95,10761.17
2025-10-19,6,19,10,2025,True,12,False,False,False,False,False,1175,1447.655681793803,80.17,6.25,18.99,15.5,3.49,10764.66
2025-10-20,0,20,10,2025,False,11,False,False,False,False,True,1176,1447.655681793803,80.21,6.25,14.52,13.77,0.75,10765.41
2025-10-21,1,21,10,2025,False,10,False,False,False,False,False,1176,1447.655681793803,80.19,6.25,55.33,12.02,43.31,10808.72
2025-10-22,2,22,10,2025,False,9,False,False,False,False,False,1176,1447.655681793803,80.31,6.25,45.05,15.24,29.81,10838.53
2025-10-23,3,23,10,2025,False,8,False,False,False,False,False,1176,1447.655681793803,80.27,6.25,58.87,13.33,45.54,10884.07
2025-10-24,4,24,10,2025,False,7,False,False,False,False,False,1176,1447.655681793803,80.36,6.25,45.58,14.31,31.27,10915.34
2025-10-25,5,25,10,2025,True,6,False,False,False,False,False,1177,1447.655681793803,80.31,6.25,16.61,12.98,3.63,10918.97
2025-10-26,6,26,10,2025,True,5,False,False,False,False,False,1177,1447.655681793803,80.31,6.25,15.39,16.32,-0.93,10918.04
2025-10-27,0,27,10,2025,False,4,True,False,False,False,False,1177,1447.655681793803,80.22,6.25,95.51,12.68,82.83,11000.87
2025-10-28,1,28,10,2025,False,3,True,False,False,False,False,1177,1447.655681793803,80.26,6.25,84.69,13.38,71.31,11072.18
2025-10-29,2,29,10,2025,False,2,True,False,False,False,False,1178,1447.655681793803,80.37,6.25,84.26,14.01,70.25,11142.43
2025-10-30,3,30,10,2025,False,1,True,False,False,False,False,1178,1447.655681793803,80.37,6.25,94.59,12.42,82.17,11224.6
2025-10-31,4,31,10,2025,False,0,True,False,False,False,False,1178,1447.655681793803,80.35,6.25,125.37,14.32,111.05,11335.65
2025-11-01,5,1,11,2025,True,29,False,False,False,False,False,1178,1489.3994855643873,80.26,6.25,13.8,15.83,-2.03,11333.62
2025-11-02,6,2,11,2025,True,28,False,False,False,False,False,1179,1489.3994855643873,80.24,6.25,16.43,12.84,3.59,11337.21
2025-11-03,0,3,11,2025,False,27,False,False,False,False,False,1179,1489.3994855643873,80.12,6.25,47.99,14.03,33.96,11371.17
2025-11-04,1,4,11,2025,False,26,False,False,False,False,False,1179,1489.3994855643873,80.04,6.25,46.0,10.25,35.75,11406.92
2025-11-05,2,5,11,2025,False,25,False,False,True,False,False,1179,1489.3994855643873,80.06,6.25,44.16,312.27,-268.11,11138.81
2025-11-06,3,6,11,2025,False,24,False,False,False,False,False,1180,1489.3994855643873,80.17,6.25,50.8,13.08,37.72,11176.53
2025-11-07,4,7,11,2025,False,23,False,False,False,False,False,1180,1489.3994855643873,80.39,6.25,43.07,12.44,30.63,11207.16
2025-11-08,5,8,11,2025,True,22,False,False,False,False,False,1180,1489.3994855643873,80.35,6.25,19.93,15.04,4.89,11212.05
2025-11-09,6,9,11,2025,True,21,False,False,False,False,False,1180,1489.3994855643873,80.46,6.25,18.94,13.07,5.87,11217.92
2025-11-10,0,10,11,2025,False,20,False,False,False,False,False,1181,1489.3994855643873,80.48,6.25,58.47,13.27,45.2,11263.12
2025-11-11,1,11,11,2025,False,19,False,False,False,False,False,1181,1489.3994855643873,80.47,6.25,58.75,13.01,45.74,11308.86
2025-11-12,2,12,11,2025,False,18,False,False,False,False,False,1181,1489.3994855643873,80.5,6.25,59.77,11.15,48.62,11357.48
2025-11-13,3,13,11,2025,False,17,False,False,False,False,False,1181,1489.3994855643873,80.51,6.25,50.13,12.06,38.07,11395.55
2025-11-14,4,14,11,2025,False,16,False,False,False,False,False,1182,1489.3994855643873,80.52,6.25,78.55,14.89,63.66,11459.21
2025-11-15,5,15,11,2025,True,15,False,False,False,True,False,1182,1489.3994855643873,80.48,6.25,19.58,59.54,-39.96,11419.25
2025-11-16,6,16,11,2025,True,14,False,False,False,False,False,1182,1489.3994855643873,80.37,6.25,13.42,12.52,0.9,11420.15
2025-11-17,0,17,11,2025,False,13,False,False,False,False,False,1182,1489.3994855643873,80.25,6.25,44.77,12.99,31.78,11451.93
2025-11-18,1,18,11,2025,False,12,False,False,False,False,False,1182,1489.3994855643873,80.3,6.25,39.2,16.1,23.1,11475.03
2025-11-19,2,19,11,2025,False,11,False,False,False,False,False,1183,1489.3994855643873,80.28,6.25,53.79,14.61,39.18,11514.21
2025-11-20,3,20,11,2025,False,10,False,False,False,False,False,1183,1489.3994855643873,80.23,6.25,52.46,12.8,39.66,11553.87
2025-11-21,4,21,11,2025,False,9,False,False,False,False,False,1183,1489.3994855643873,80.23,6.25,49.28,15.42,33.86,11587.73
2025-11-22,5,22,11,2025,True,8,False,False,False,False,False,1183,1489.3994855643873,80.3,6.25,26.95,12.57,14.38,11602.11
2025-11-23,6,23,11,2025,True,7,False,False,False,False,False,1184,1489.3994855643873,80.31,6.25,20.72,14.98,5.74,11607.85
2025-11-24,0,24,11,2025,False,6,False,False,False,False,False,1184,1489.3994855643873,80.26,6.25,61.1,11.82,49.28,11657.13
2025-11-25,1,25,11,2025,False,5,False,False,False,False,False,1184,1489.3994855643873,80.36,6.25,45.34,15.08,30.26,11687.39
2025-11-26,2,26,11,2025,False,4,True,False,False,False,False,1184,1489.3994855643873,80.48,6.25,64.95,13.01,51.94,11739.33
2025-11-27,3,27,11,2025,False,3,True,False,False,False,False,1185,1489.3994855643873,80.52,6.25,78.26,12.23,66.03,11805.36
2025-11-28,4,28,11,2025,False,2,True,False,False,False,False,1185,1489.3994855643873,80.6,6.25,80.21,13.27,66.94,11872.3
2025-11-29,5,29,11,2025,True,1,True,False,False,False,False,1185,1489.3994855643873,80.7,6.25,19.48,13.94,5.54,11877.84
2025-11-30,6,30,11,2025,True,0,True,False,False,False,False,1185,1489.3994855643873,80.79,6.25,26.34,12.9,13.44,11891.28
2025-12-01,0,1,12,2025,False,30,False,False,False,False,False,1186,1508.2243073180223,80.84,6.25,54.43,13.79,40.64,11931.92
2025-12-02,1,2,12,2025,False,29,False,False,False,False,False,1186,1508.2243073180223,80.89,6.25,52.23,12.31,39.92,11971.84
2025-12-03,2,3,12,2025,False,28,False,False,False,False,False,1186,1508.2243073180223,80.93,6.25,46.9,13.88,33.02,12004.86
2025-12-04,3,4,12,2025,False,27,False,False,False,False,False,1186,1508.2243073180223,80.84,6.25,49.27,13.64,35.63,12040.49
2025-12-05,4,5,12,2025,False,26,False,False,True,False,False,1187,1508.2243073180223,80.9,6.25,52.59,311.16,-258.57,11781.92
2025-12-06,5,6,12,2025,True,25,False,False,False,False,False,1187,1508.2243073180223,80.79,6.25,19.32,12.49,6.83,11788.75
2025-12-07,6,7,12,2025,True,24,False,False,False,False,False,1187,1508.2243073180223,80.72,6.25,21.19,13.26,7.93,11796.68
2025-12-08,0,8,12,2025,False,23,False,False,False,False,False,1187,1508.2243073180223,80.83,6.25,65.96,13.8,52.16,11848.84
2025-12-09,1,9,12,2025,False,22,False,False,False,False,False,1188,1508.2243073180223,80.89,6.25,51.49,16.06,35.43,11884.27
2025-12-10,2,10,12,2025,False,21,False,False,False,False,False,1188,1508.2243073180223,81.01,6.25,50.02,14.36,35.66,11919.93
2025-12-11,3,11,12,2025,False,20,False,False,False,False,False,1188,1508.2243073180223,80.99,6.25,58.75,14.41,44.34,11964.27
2025-12-12,4,12,12,2025,False,19,False,False,False,False,False,1188,1508.2243073180223,80.9,6.25,60.61,17.8,42.81,12007.08
2025-12-13,5,13,12,2025,True,18,False,False,False,False,False,1188,1508.2243073180223,80.88,6.25,17.57,13.76,3.81,12010.89
2025-12-14,6,14,12,2025,True,17,False,False,False,False,False,1189,1508.2243073180223,80.89,6.25,21.91,13.73,8.18,12019.07
2025-12-15,0,15,12,2025,False,16,False,False,False,True,False,1189,1508.2243073180223,80.9,6.25,64.77,78.41,-13.64,12005.43
2025-12-16,1,16,12,2025,False,15,False,False,False,False,False,1189,1508.2243073180223,80.99,6.25,68.51,11.82,56.69,12062.12
2025-12-17,2,17,12,2025,False,14,False,False,False,False,False,1189,1508.2243073180223,80.96,6.25,74.78,12.51,62.27,12124.39
2025-12-18,3,18,12,2025,False,13,False,False,False,False,False,1190,1508.2243073180223,80.99,6.25,46.46,12.44,34.02,12158.41
2025-12-19,4,19,12,2025,False,12,False,False,False,False,False,1190,1508.2243073180223,80.91,6.25,54.43,13.97,40.46,12198.87
2025-12-20,5,20,12,2025,True,11,False,False,False,False,False,1190,1508.2243073180223,80.94,6.25,19.04,12.86,6.18,12205.05
2025-12-21,6,21,12,2025,True,10,False,False,False,False,False,1190,1508.2243073180223,80.94,6.25,18.67,13.27,5.4,12210.45
2025-12-22,0,22,12,2025,False,9,False,False,False,False,False,1191,1508.2243073180223,80.88,6.25,48.31,14.61,33.7,12244.15
2025-12-23,1,23,12,2025,False,8,False,False,False,False,False,1191,1508.2243073180223,80.86,6.25,41.56,14.28,27.28,12271.43
2025-12-24,2,24,12,2025,False,7,False,False,False,False,False,1191,1508.2243073180223,80.85,6.25,55.21,12.89,42.32,12313.75
2025-12-25,3,25,12,2025,False,6,False,True,False,False,True,1191,1508.2243073180223,80.83,6.25,11.82,12.25,-0.43,12313.32
2025-12-26,4,26,12,2025,False,5,False,True,False,False,False,1192,1508.2243073180223,80.97,6.25,55.14,14.69,40.45,12353.77
2025-12-27,5,27,12,2025,True,4,True,True,False,False,False,1192,1508.2243073180223,80.96,6.25,23.89,14.17,9.72,12363.49
2025-12-28,6,28,12,2025,True,3,True,True,False,False,False,1192,1508.2243073180223,80.94,6.25,22.61,11.17,11.44,12374.93
2025-12-29,0,29,12,2025,False,2,True,True,False,False,False,1192,1508.2243073180223,80.77,6.25,82.12,12.71,69.41,12444.34
2025-12-30,1,30,12,2025,False,1,True,True,False,False,False,1193,1508.2243073180223,80.7,6.25,80.9,13.34,67.56,12511.9
2025-12-31,2,31,12,2025,False,0,True,True,False,False,False,1193,1508.2243073180223,80.68,6.25,87.38,14.19,73.19,12585.09
