date,dow,dom,month,year,is_weekend,days_to_month_end,is_month_end_window,is_quarter_end,is_payroll_day,is_contractor_day,is_holiday,headcount,billed_lakh,fx_inr_usd,interest_rate,target_net,target_inflow,target_outflow,inflow_lag_1,outflow_lag_1,net_lag_1,inflow_lag_7,outflow_lag_7,net_lag_7,inflow_lag_14,outflow_lag_14,net_lag_14,inflow_lag_30,outflow_lag_30,net_lag_30,inflow_rollmean_7,inflow_rollstd_7,net_rollmean_7,net_rollmin_7,net_rollmax_7,inflow_rollmean_30,inflow_rollstd_30,net_rollmean_30,net_rollmin_30,net_rollmax_30,inflow_same_dow_last_week,inflow_same_date_last_year,dow_sin,dow_cos,doy,doy_sin,doy_cos,month_sin,month_cos,billed_lag_1,headcount_lag_1,billed_lag_7,headcount_lag_7,fx_change_7d,post_mar2025
2024-01-01,0,1,1,2024,False,30,False,False,False,False,False,938,1023.6507674390303,82.42,6.75,15.44,26.08,10.64,19.81,10.8,9.01,8.24,10.38,-2.14,39.08,11.79,27.29,10.09,12.1,-2.01,31.705714285714286,16.99673287933387,20.720000000000006,-2.14,40.63,29.456,14.503935161617829,6.6400000000000015,-278.99,41.82,8.24,9.28,0.0,1.0,1,0.017201575418260506,0.9998520419557735,0.49999999999999994,0.8660254037844387,1175.4447983857235,937.0,1175.4447983857235,936.0,0.0008500303582270607,0
2024-01-02,1,2,1,2024,False,29,False,False,False,False,False,938,1023.6507674390303,82.49,6.75,28.03,36.46,8.43,26.08,10.64,15.44,36.68,11.86,24.82,42.36,9.3,33.06,9.97,11.47,-1.5,34.254285714285714,13.957530652116178,23.231428571428577,2.53,40.63,29.989,14.05456444448344,7.221666666666668,-278.99,41.82,36.68,38.48,0.7818314824680298,0.6234898018587336,2,0.03439806061360801,0.9994082116062598,0.49999999999999994,0.8660254037844387,1023.6507674390303,938.0,1175.4447983857235,936.0,0.0015784361340456243,0
2024-01-03,2,3,1,2024,False,28,False,False,False,False,False,938,1023.6507674390303,82.46,6.75,16.81,25.93,9.12,36.46,8.43,28.03,47.74,10.62,37.12,31.84,11.33,20.51,26.79,9.32,17.47,34.222857142857144,13.951404605852103,23.690000000000005,2.53,40.63,30.872,13.57751117308222,8.206000000000001,-278.99,41.82,47.74,29.13,0.9749279121818236,-0.22252093395631434,3,0.051584366869408364,0.9986686402879997,0.49999999999999994,0.8660254037844387,1023.6507674390303,938.0,1175.4447983857235,936.0,0.00048531909730642475,0
2024-01-04,3,4,1,2024,False,27,False,False,False,False,False,938,1023.6507674390303,82.5,6.75,17.76,28.97,11.21,25.93,9.12,16.81,44.04,10.97,33.07,43.14,10.2,32.94,37.56,316.55,-278.99,31.107142857142854,12.81896214504868,20.788571428571434,2.53,40.63,30.84333333333333,13.587331151336972,8.184000000000001,-278.99,41.82,44.04,37.84,0.43388373911755823,-0.900968867902419,4,0.06875540848113941,0.9976335468520451,0.49999999999999994,0.8660254037844387,1023.6507674390303,938.0,1175.4447983857235,937.0,0.0007278020378458372,0
2024-01-05,4,5,1,2024,False,26,False,False,True,False,False,939,1023.6507674390303,82.48,6.75,-290.28,28.66,318.94,28.97,11.21,17.76,50.11,9.48,40.63,28.77,10.64,18.13,45.1,10.7,34.4,28.95428571428571,11.480561625551932,18.601428571428578,2.53,40.63,30.557000000000002,13.531301680637156,18.075666666666667,-24.83,41.82,50.11,30.34,-0.433883739117558,-0.9009688679024191,5,0.08590610426133272,0.9963032375991965,0.49999999999999994,0.8660254037844387,1023.6507674390303,938.0,1175.4447983857235,937.0,0.0,0
2024-01-06,5,6,1,2024,True,25,False,False,False,False,False,939,1023.6507674390303,82.47,6.75,6.06,14.25,8.19,28.66,318.94,-290.28,15.32,12.79,2.53,13.68,10.77,2.91,36.74,8.55,28.19,25.889999999999997,6.802122217857217,-28.67142857142856,-290.28,28.03,30.009,13.25203727994174,7.253000000000003,-290.28,41.82,15.32,30.21,-0.9749279121818236,-0.2225209339563146,6,0.10303137904317879,0.9946781061893646,0.49999999999999994,0.8660254037844387,1023.6507674390303,939.0,1175.4447983857235,937.0,0.0006066488716329754,0
2024-01-07,6,7,1,2024,True,24,False,False,False,False,False,939,1023.6507674390303,82.53,6.75,0.91,11.91,11.0,14.25,8.19,6.06,19.81,10.8,9.01,13.31,11.37,1.94,24.52,10.74,13.78,25.737142857142853,7.085364526698014,-28.167142857142846,-290.28,28.03,29.259333333333334,13.492089619434449,6.515333333333335,-290.28,41.82,19.81,10.34,-0.7818314824680299,0.6234898018587334,7,0.1201261651823505,0.9927586335250793,0.49999999999999994,0.8660254037844387,1023.6507674390303,939.0,1175.4447983857235,937.0,0.0014561339643248683,0
2024-01-08,0,8,1,2024,False,23,False,False,False,False,False,939,1023.6507674390303,82.37,6.75,21.48,30.87,9.39,11.91,11.0,0.91,26.08,10.64,15.44,8.24,10.38,-2.14,12.46,12.87,-0.41,24.608571428571427,8.644434488099707,-29.324285714285704,-290.28,28.03,28.839,13.836851931682677,6.086333333333335,-290.28,41.82,26.08,10.51,0.0,1.0,8,0.13718540405660057,0.9905453876091833,0.49999999999999994,0.8660254037844387,1023.6507674390303,939.0,1023.6507674390303,938.0,-0.0006066488716330865,0
2024-01-09,1,9,1,2024,False,22,False,False,False,False,False,940,1023.6507674390303,82.27,6.75,23.66,35.09,11.43,30.87,9.39,21.48,36.46,8.43,28.03,36.68,11.86,24.82,12.52,10.93,1.59,25.29285714285714,8.96400341046662,-28.461428571428563,-290.28,28.03,29.452666666666666,13.489269537068285,6.816000000000002,-290.28,41.82,36.46,40.88,0.7818314824680298,0.6234898018587336,9,0.1542040475626894,0.988039023376751,0.49999999999999994,0.8660254037844387,1023.6507674390303,939.0,1023.6507674390303,938.0,-0.002666989938174269,0
2024-01-10,2,10,1,2024,False,21,False,False,False,False,False,940,1023.6507674390303,82.15,6.75,12.11,21.95,9.84,35.09,11.43,23.66,25.93,9.12,16.81,47.74,10.62,37.12,53.71,11.89,41.82,25.09714285714286,8.69032932687386,-29.08571428571427,-290.28,23.66,30.205,13.137122382118498,7.5516666666666685,-290.28,41.82,25.93,19.76,0.9749279121818236,-0.22252093395631434,10,0.17117705961019986,0.985240282501282,0.49999999999999994,0.8660254037844387,1023.6507674390303,940.0,1023.6507674390303,938.0,-0.003759398496240407,0
2024-01-11,3,11,1,2024,False,20,False,False,False,False,False,940,1023.6507674390303,81.97,6.75,21.7,31.83,10.13,21.95,9.84,12.11,28.97,11.21,17.76,44.04,10.97,33.07,28.33,10.45,17.88,24.528571428571432,8.756701107478449,-29.757142857142846,-290.28,23.66,29.146333333333335,12.43877737736625,6.5613333333333355,-290.28,40.63,28.97,20.93,0.43388373911755823,-0.900968867902419,11,0.18809941761179758,0.9821499931752291,0.49999999999999994,0.8660254037844387,1023.6507674390303,940.0,1023.6507674390303,938.0,-0.006424242424242443,0
2024-01-12,4,12,1,2024,False,19,False,False,False,False,False,940,1023.6507674390303,81.91,6.75,34.78,45.95,11.17,31.83,10.13,21.7,28.66,318.94,-290.28,50.11,9.48,40.63,34.33,10.19,24.14,24.937142857142856,9.059938767794764,-29.19428571428571,-290.28,23.66,29.262999999999998,12.44726757163998,6.688666666666668,-290.28,40.63,28.66,27.21,-0.433883739117558,-0.9009688679024191,12,0.20496611396949532,0.9787690698649216,0.49999999999999994,0.8660254037844387,1023.6507674390303,940.0,1023.6507674390303,939.0,-0.006910766246362887,0
2024-01-13,5,13,1,2024,True,18,False,False,False,False,False,940,1023.6507674390303,81.97,6.75,2.43,11.5,9.07,45.95,11.17,34.78,14.25,8.19,6.06,15.32,12.79,2.53,50.07,10.66,39.41,27.407142857142862,12.093173989604937,17.242857142857147,0.91,34.78,29.650333333333332,12.786550445638213,7.043333333333336,-290.28,40.63,14.25,30.08,-0.9749279121818236,-0.2225209339563146,13,0.22177215755648186,0.975098513039961,0.49999999999999994,0.8660254037844387,1023.6507674390303,940.0,1023.6507674390303,939.0,-0.00606281071904935,0
2024-01-14,6,14,1,2024,True,17,False,False,False,False,False,941,1023.6507674390303,81.95,6.75,2.36,11.36,9.0,11.5,9.07,2.43,11.91,11.0,0.91,19.81,10.8,9.01,39.94,64.77,-24.83,27.014285714285716,12.624814001458747,16.72428571428572,0.91,34.78,28.36466666666667,12.600306436704262,5.810666666666668,-290.28,40.63,11.91,11.89,-0.7818314824680299,0.6234898018587334,14,0.23851257519407648,0.9711394088771653,0.49999999999999994,0.8660254037844387,1023.6507674390303,940.0,1023.6507674390303,939.0,-0.0070277474857627364,0
2024-01-15,0,15,1,2024,False,16,False,False,False,True,False,941,1023.6507674390303,81.96,6.75,-33.18,35.4,68.58,11.36,9.0,2.36,30.87,9.39,21.48,26.08,10.64,15.44,14.27,9.33,4.94,26.935714285714287,12.735708143042622,16.931428571428576,2.36,34.78,27.412,12.774175295601628,6.717000000000002,-290.28,40.63,30.87,11.44,0.0,1.0,15,0.2551824131233728,0.9668929289391521,0.49999999999999994,0.8660254037844387,1023.6507674390303,941.0,1023.6507674390303,939.0,-0.004977540366638444,0
2024-01-16,1,16,1,2024,False,15,False,False,False,False,False,941,1023.6507674390303,82.05,6.75,26.9,37.69,10.79,35.4,68.58,-33.18,35.09,11.43,23.66,36.46,8.43,28.03,13.16,11.66,1.5,27.582857142857144,13.079395646442949,9.122857142857146,-33.18,34.78,28.116333333333333,12.605992686385143,5.446333333333336,-290.28,40.63,35.09,28.0,0.7818314824680298,0.6234898018587336,16,0.2717767384711357,0.9623603298276545,0.49999999999999994,0.8660254037844387,1023.6507674390303,941.0,1023.6507674390303,940.0,-0.0026741217940926543,0
2024-01-17,2,17,1,2024,False,14,False,False,False,False,False,941,1023.6507674390303,82.16,6.75,13.69,22.39,8.7,37.69,10.79,26.9,21.95,9.84,12.11,25.93,9.12,16.81,39.08,11.79,27.29,27.954285714285714,13.361979465561813,9.585714285714289,-33.18,34.78,28.934,12.3962262333174,6.293000000000003,-290.28,40.63,21.95,36.05,0.9749279121818236,-0.22252093395631434,17,0.2882906407095177,0.9575429528116719,0.49999999999999994,0.8660254037844387,1023.6507674390303,941.0,1023.6507674390303,940.0,0.00012172854534386879,0
2024-01-18,3,18,1,2024,False,13,False,False,False,False,False,942,1023.6507674390303,82.15,6.75,15.27,23.69,8.42,22.39,8.7,13.69,31.83,10.13,21.7,28.97,11.21,17.76,42.36,9.3,33.06,28.017142857142858,13.330023398686293,9.811428571428577,-33.18,34.78,28.377666666666663,12.299318367245029,5.83966666666667,-290.28,40.63,31.83,36.12,0.43388373911755823,-0.900968867902419,18,0.3047192331091634,0.9524422234305676,0.49999999999999994,0.8660254037844387,1023.6507674390303,941.0,1023.6507674390303,940.0,0.002195925338538629,0
2024-01-19,4,19,1,2024,False,12,False,False,False,False,False,942,1023.6507674390303,82.26,6.75,22.51,33.31,10.8,23.69,8.42,15.27,45.95,11.17,34.78,28.66,318.94,-290.28,31.84,11.33,20.51,26.854285714285716,13.296978174436054,8.892857142857148,-33.18,34.78,27.755333333333333,12.036973709863886,5.246666666666668,-290.28,40.63,45.95,31.02,-0.433883739117558,-0.9009688679024191,19,0.321057654185271,0.9470596510722283,0.49999999999999994,0.8660254037844387,1023.6507674390303,942.0,1023.6507674390303,940.0,0.004272982541814185,0
2024-01-20,5,20,1,2024,True,11,False,False,False,False,False,942,1023.6507674390303,82.27,6.75,0.5,9.87,9.37,33.31,10.8,22.51,11.5,9.07,2.43,14.25,8.19,6.06,43.14,10.2,32.94,25.048571428571428,10.9168332230115,7.140000000000003,-33.18,26.9,27.804333333333336,12.057150027332725,5.313333333333335,-290.28,40.63,11.5,35.68,-0.9749279121818236,-0.2225209339563146,20,0.3373010691361842,0.9413968285264122,0.49999999999999994,0.8660254037844387,1023.6507674390303,942.0,1023.6507674390303,940.0,0.0036598755642307523,0
2024-01-21,6,21,1,2024,True,10,False,False,False,False,False,942,1023.6507674390303,82.2,6.75,4.66,14.22,9.56,9.87,9.37,0.5,11.36,9.0,2.36,11.91,11.0,0.91,28.77,10.64,18.13,24.815714285714286,11.265797585528299,6.864285714285718,-33.18,26.9,26.69533333333333,12.12781406614518,4.232000000000002,-290.28,40.63,11.36,11.03,-0.7818314824680299,0.6234898018587334,21,0.3534446712740877,0.9354554315134164,0.49999999999999994,0.8660254037844387,1023.6507674390303,942.0,1023.6507674390303,941.0,0.003050640634533197,0
2024-01-22,0,22,1,2024,False,9,False,False,False,False,False,943,1023.6507674390303,82.15,6.75,22.04,30.31,8.27,14.22,9.56,4.66,35.4,68.58,-33.18,30.87,9.39,21.48,13.68,10.77,2.91,25.224285714285717,10.735871113767555,7.192857142857146,-33.18,26.9,26.21033333333333,12.331212565410334,3.783000000000002,-290.28,40.63,35.4,9.49,0.0,1.0,22,0.3694836834473831,0.9292372181882051,0.49999999999999994,0.8660254037844387,1023.6507674390303,942.0,1023.6507674390303,941.0,0.002318204001952262,0
2024-01-23,1,23,1,2024,False,8,False,False,False,False,False,943,1023.6507674390303,82.04,6.75,13.34,22.64,9.3,30.31,8.27,22.04,37.69,10.79,26.9,35.09,11.43,23.66,13.31,11.37,1.94,24.497142857142858,10.08440828587332,15.081428571428576,0.5,26.9,26.764666666666667,12.12049382553009,4.420666666666668,-290.28,40.63,37.69,34.02,0.7818314824680298,0.6234898018587336,23,0.38541335945432564,0.9227440286201427,0.49999999999999994,0.8660254037844387,1023.6507674390303,943.0,1023.6507674390303,941.0,-0.00012187690432652332,0
2024-01-24,2,24,1,2024,False,7,False,False,False,False,False,943,1023.6507674390303,81.96,6.75,15.58,25.53,9.95,22.64,9.3,13.34,22.39,8.7,13.69,21.95,9.84,12.11,8.24,10.38,-2.14,22.34714285714286,8.238241548384194,13.144285714285717,0.5,22.51,27.075666666666667,11.880682577434156,4.800666666666669,-290.28,40.63,22.39,30.61,0.9749279121818236,-0.22252093395631434,24,0.4012289854475009,0.9159777842484877,0.49999999999999994,0.8660254037844387,1023.6507674390303,943.0,1023.6507674390303,941.0,-0.0024342745861734016,0
2024-01-25,3,25,1,2024,False,6,False,False,False,False,False,943,1023.6507674390303,81.94,6.75,8.62,19.55,10.93,25.53,9.95,15.58,23.69,8.42,15.27,31.83,10.13,21.7,36.68,11.86,24.82,22.795714285714286,8.325983139431345,13.41428571428572,0.5,22.51,27.651999999999997,11.34264136360877,5.3913333333333355,-290.28,40.63,23.69,30.01,0.43388373911755823,-0.900968867902419,25,0.4169258813287287,0.908940487313808,0.49999999999999994,0.8660254037844387,1023.6507674390303,943.0,1023.6507674390303,942.0,-0.0025562994522216886,0
2024-01-26,4,26,1,2024,False,5,False,False,False,False,True,944,1023.6507674390303,82.0,6.75,-1.54,7.69,9.23,19.55,10.93,8.62,33.31,10.8,22.51,45.95,11.17,34.78,47.74,10.62,37.12,22.204285714285714,8.398594837119779,12.464285714285719,0.5,22.51,27.081,11.303594591529526,4.851333333333335,-290.28,40.63,33.31,9.78,-0.433883739117558,-0.9009688679024191,26,0.4324994021339788,0.901634220265486,0.49999999999999994,0.8660254037844387,1023.6507674390303,943.0,1023.6507674390303,942.0,-0.003160709944079798,0
2024-01-27,5,27,1,2024,True,4,True,False,False,False,False,944,1023.6507674390303,82.14,6.75,3.97,15.74,11.77,7.69,9.23,-1.54,9.87,9.37,0.5,11.5,9.07,2.43,44.04,10.97,33.07,18.544285714285714,8.334434308223605,9.028571428571432,-1.54,22.04,25.746,11.143447309115565,3.562666666666668,-290.28,40.63,9.87,27.99,-0.9749279121818236,-0.2225209339563146,27,0.44794493940789115,0.8940611451454876,0.49999999999999994,0.8660254037844387,1023.6507674390303,944.0,1023.6507674390303,942.0,-0.0015801628783274069,0
2024-01-28,6,28,1,2024,True,3,True,False,False,False,False,944,1023.6507674390303,82.03,6.75,5.77,15.08,9.31,15.74,11.77,3.97,14.22,9.56,4.66,11.36,9.0,2.36,50.11,9.48,40.63,19.382857142857144,7.577105239438298,9.52428571428572,-1.54,22.04,24.802666666666667,10.731631277911946,2.5926666666666685,-290.28,40.63,14.22,11.8,-0.7818314824680299,0.6234898018587334,28,0.4632579225674917,0.88622350294858,0.49999999999999994,0.8660254037844387,1023.6507674390303,944.0,1023.6507674390303,942.0,-0.002068126520681335,0
2024-01-29,0,29,1,2024,False,2,True,False,False,False,False,944,1023.6507674390303,82.06,6.75,47.17,56.48,9.31,15.08,9.31,5.77,30.31,8.27,22.04,35.4,68.58,-33.18,15.32,12.79,2.53,19.505714285714284,7.48586413881266,9.682857142857147,-1.54,22.04,23.635,9.74331804631896,1.4306666666666683,-290.28,34.78,30.31,12.3,0.0,1.0,29,0.4784338202547012,0.8781236129591848,0.49999999999999994,0.8660254037844387,1023.6507674390303,944.0,1023.6507674390303,943.0,-0.0010955569080950411,0
2024-01-30,1,30,1,2024,False,1,True,False,False,False,False,945,1023.6507674390303,81.97,6.75,46.07,57.71,11.64,56.48,9.31,47.17,22.64,9.3,13.34,37.69,10.79,26.9,19.81,10.8,9.01,23.244285714285713,15.752014534806705,13.272857142857147,-1.54,47.17,25.006999999999998,11.304894316942635,2.9186666666666685,-290.28,47.17,22.64,40.75,0.7818314824680298,0.6234898018587336,30,0.49346814167723735,0.8697638720650646,0.49999999999999994,0.8660254037844387,1023.6507674390303,944.0,1023.6507674390303,943.0,-0.0008532423208191808,0
2024-01-31,2,31,1,2024,False,0,True,False,False,False,False,945,1023.6507674390303,82.01,6.75,34.91,45.1,10.19,57.71,11.64,46.07,25.53,9.95,15.58,22.39,8.7,13.69,26.08,10.64,15.44,28.254285714285714,20.414763332078138,17.94857142857143,-1.54,47.17,26.270333333333333,12.731735392001926,4.154000000000002,-290.28,47.17,25.53,41.56,0.9749279121818236,-0.22252093395631434,31,0.5083564379375122,0.8611467540480452,0.49999999999999994,0.8660254037844387,1023.6507674390303,945.0,1023.6507674390303,943.0,0.0006100536847244431,0
2024-02-01,3,1,2,2024,False,28,False,False,False,False,False,945,996.1810301742008,82.0,6.75,12.1,21.26,9.16,45.1,10.19,34.91,19.55,10.93,8.62,23.69,8.42,15.27,36.46,8.43,28.03,31.050000000000004,21.300311421823558,20.710000000000004,-1.54,47.17,26.904333333333334,13.187346255572734,4.803000000000001,-290.28,47.17,19.55,20.78,0.43388373911755823,-0.900968867902419,32,0.5230943033491326,0.8522748088519838,0.8660254037844386,0.5000000000000001,1023.6507674390303,945.0,1023.6507674390303,943.0,0.0007322431047107614,0
2024-02-02,4,2,2,2024,False,27,False,False,False,False,False,945,996.1810301742008,81.86,6.75,25.35,34.88,9.53,21.26,9.16,12.1,7.69,9.23,-1.54,33.31,10.8,22.51,25.93,9.12,16.81,31.294285714285714,21.15575560546339,21.20714285714286,-1.54,47.17,26.39766666666667,13.099254172854954,4.272000000000002,-290.28,47.17,7.69,22.83,-0.433883739117558,-0.9009688679024191,33,0.5376773767406141,0.8431506618282,0.8660254037844386,0.5000000000000001,996.1810301742008,945.0,1023.6507674390303,944.0,-0.0017073170731707332,0
2024-02-03,5,3,2,2024,True,26,False,False,False,False,False,946,996.1810301742008,81.93,6.75,0.98,12.07,11.09,34.88,9.53,25.35,15.74,11.77,3.97,9.87,9.37,0.5,28.97,11.21,17.76,35.17857142857143,18.4186376881059,25.04857142857143,3.97,47.17,26.696,13.189840029355945,4.556666666666668,-290.28,47.17,15.74,23.35,-0.9749279121818236,-0.2225209339563146,34,0.5521013427459208,0.8337770129585915,0.8660254037844386,0.5000000000000001,996.1810301742008,945.0,1023.6507674390303,944.0,-0.0025566106647186837,0
2024-02-04,6,4,2,2024,True,25,False,False,False,False,False,946,996.1810301742008,81.88,6.75,0.34,11.55,11.21,12.07,11.09,0.98,15.08,9.31,5.77,14.22,9.56,4.66,28.66,318.94,-290.28,34.65428571428571,19.103669679883392,24.621428571428577,0.98,47.17,26.13266666666667,13.447744313692064,3.9973333333333354,-290.28,47.17,15.08,14.85,-0.7818314824680299,0.6234898018587334,35,0.5663619330814524,0.8241566360566663,0.8660254037844386,0.5000000000000001,996.1810301742008,946.0,1023.6507674390303,944.0,-0.0018285992929416572,0
2024-02-05,0,5,2,2024,False,24,False,False,True,False,False,946,996.1810301742008,81.84,6.75,-248.15,37.25,285.4,11.55,11.21,0.34,56.48,9.31,47.17,30.31,8.27,22.04,14.25,8.19,6.06,34.15,19.742409511843636,23.845714285714287,0.34,47.17,25.562333333333335,13.697371175756217,13.684666666666667,-33.18,47.17,56.48,13.2,0.0,1.0,36,0.580454927809098,0.8142923779467267,0.8660254037844386,0.5000000000000001,996.1810301742008,946.0,1023.6507674390303,944.0,-0.002680965147453085,0
2024-02-06,1,6,2,2024,False,23,False,False,False,False,False,946,996.1810301742008,81.75,6.75,15.67,25.31,9.64,37.25,285.4,-248.15,57.71,11.64,46.07,22.64,9.3,13.34,11.91,11.0,0.91,31.40285714285714,17.30476785386591,-18.342857142857138,-248.15,46.07,26.329,13.686037019909936,5.211000000000001,-248.15,47.17,57.71,25.31,0.7818314824680298,0.6234898018587336,37,0.5943761565849831,0.804187157621448,0.8660254037844386,0.5000000000000001,996.1810301742008,946.0,1023.6507674390303,945.0,-0.002683908747102559,0
2024-02-07,2,7,2,2024,False,22,False,False,False,False,False,946,996.1810301742008,81.7,6.75,35.04,44.81,9.77,25.31,9.64,15.67,45.1,10.19,34.91,25.53,9.95,15.58,30.87,9.39,21.48,26.774285714285718,12.85704328003768,-22.685714285714287,-248.15,34.91,26.775666666666666,13.415207706781597,5.703000000000001,-248.15,47.17,45.1,25.53,0.9749279121818236,-0.22252093395631434,38,0.6081214998935418,0.7938439653781019,0.8660254037844386,0.5000000000000001,996.1810301742008,946.0,1023.6507674390303,945.0,-0.003780026825996874,0
2024-02-08,3,8,2,2024,False,21,False,False,False,False,False,947,996.1810301742008,81.74,6.75,17.48,26.26,8.78,44.81,9.77,35.04,21.26,9.16,12.1,19.55,10.93,8.62,35.09,11.43,23.66,26.732857142857142,12.78843581037926,-22.667142857142856,-248.15,35.04,27.240333333333336,13.797878768337817,6.155000000000002,-248.15,47.17,21.26,22.17,0.43388373911755823,-0.900968867902419,39,0.6216868902665479,0.7832658619336791,0.8660254037844386,0.5000000000000001,996.1810301742008,946.0,996.1810301742008,945.0,-0.003170731707317187,0
2024-02-09,4,9,2,2024,False,20,False,False,False,False,False,947,996.1810301742008,81.72,6.75,26.08,35.72,9.64,26.26,8.78,17.48,34.88,9.53,25.35,7.69,9.23,-1.54,21.95,9.84,12.11,27.447142857142858,12.569570019542859,-21.898571428571426,-248.15,35.04,26.946,13.718609460045204,5.949000000000002,-248.15,47.17,34.88,19.34,-0.433883739117558,-0.9009688679024191,40,0.6350683134867438,0.7724559775191742,0.8660254037844386,0.5000000000000001,996.1810301742008,947.0,996.1810301742008,945.0,-0.0017102369899828496,0
2024-02-10,5,10,2,2024,True,19,False,False,False,False,False,947,996.1810301742008,81.75,6.75,-1.64,8.06,9.7,35.72,9.64,26.08,12.07,11.09,0.98,15.74,11.77,3.97,31.83,10.13,21.7,27.567142857142862,12.65606931381899,-21.794285714285714,-248.15,35.04,27.405000000000005,13.775928218303926,6.414666666666668,-248.15,47.17,12.07,26.69,-0.9749279121818236,-0.2225209339563146,41,0.6482618097757122,0.7614175109532997,0.8660254037844386,0.5000000000000001,996.1810301742008,947.0,996.1810301742008,946.0,-0.0021969974368364342,0
2024-02-11,6,11,2,2024,True,18,False,False,False,False,False,947,996.1810301742008,81.78,6.75,-1.63,9.24,10.87,8.06,9.7,-1.64,11.55,11.21,0.34,15.08,9.31,5.77,45.95,11.17,34.78,26.994285714285716,13.534687358958907,-22.16857142857143,-248.15,35.04,26.612666666666666,14.189996946205934,5.6366666666666685,-248.15,47.17,11.55,7.97,-0.7818314824680299,0.6234898018587334,42,0.6612634749656386,0.7501537286959042,0.8660254037844386,0.5000000000000001,996.1810301742008,947.0,996.1810301742008,946.0,-0.001221299462628167,0
2024-02-12,0,12,2,2024,False,17,False,False,False,False,False,948,996.1810301742008,81.88,6.75,30.06,41.01,10.95,9.24,10.87,-1.63,37.25,285.4,-248.15,56.48,9.31,47.17,11.5,9.07,2.43,26.664285714285715,13.994361789833864,-22.45,-248.15,35.04,25.389,14.047064572480927,4.423000000000002,-248.15,47.17,37.25,9.4,0.0,1.0,43,0.6740694616546161,0.7386679638813748,0.8660254037844386,0.5000000000000001,996.1810301742008,947.0,996.1810301742008,946.0,0.0004887585532746819,0
2024-02-13,1,13,2,2024,False,16,False,False,False,False,False,948,996.1810301742008,81.85,6.75,20.39,29.78,9.39,41.01,10.95,30.06,25.31,9.64,15.67,57.71,11.64,46.07,11.36,9.0,2.36,27.201428571428576,14.530287251773371,17.294285714285714,-1.64,35.04,26.372666666666664,14.074143554106929,5.344000000000002,-248.15,47.17,25.31,20.44,0.7818314824680298,0.6234898018587336,44,0.6866759803451553,0.726963615332308,0.8660254037844386,0.5000000000000001,996.1810301742008,948.0,996.1810301742008,946.0,0.0012232415902140303,0
2024-02-14,2,14,2,2024,False,15,False,False,False,False,False,948,996.1810301742008,81.74,6.75,26.81,36.31,9.5,29.78,9.39,20.39,44.81,9.77,35.04,45.1,10.19,34.91,35.4,68.58,-33.18,27.84,14.531532380768848,17.96857142857143,-1.64,35.04,26.986666666666668,13.795656321224218,5.945000000000001,-248.15,47.17,44.81,23.77,0.9749279121818236,-0.22252093395631434,45,0.6990793005655562,0.7150441465537444,0.8660254037844386,0.5000000000000001,996.1810301742008,948.0,996.1810301742008,946.0,0.0004895960832311808,0
2024-02-15,3,15,2,2024,False,14,False,False,False,True,False,948,996.1810301742008,81.82,6.75,-41.92,32.57,74.49,36.31,9.5,26.81,26.26,8.78,17.48,21.26,9.16,12.1,37.69,10.79,26.9,26.625714285714285,13.168340641025935,16.792857142857144,-1.64,30.06,27.017,13.815778872798642,7.944666666666667,-248.15,47.17,26.26,28.0,0.43388373911755823,-0.900968867902419,46,0.7112757519738152,0.7029130847082615,0.8660254037844386,0.5000000000000001,996.1810301742008,948.0,996.1810301742008,947.0,0.0009787129924150317,0
2024-02-16,4,16,2,2024,False,13,False,False,False,False,False,949,996.1810301742008,81.79,6.75,21.47,30.63,9.16,32.57,74.49,-41.92,35.72,9.64,26.08,34.88,9.53,25.35,22.39,8.7,13.69,27.52714285714286,13.353800600435468,8.307142857142857,-41.92,30.06,26.846333333333337,13.710612170576278,5.650666666666668,-248.15,47.17,35.72,29.12,-0.433883739117558,-0.9009688679024191,47,0.7232617254437388,0.6905740195722294,0.8660254037844386,0.5000000000000001,996.1810301742008,948.0,996.1810301742008,947.0,0.0008565834557023866,0
2024-02-17,5,17,2,2024,True,12,False,False,False,False,False,949,996.1810301742008,81.88,6.75,3.66,13.96,10.3,30.63,9.16,21.47,8.06,9.7,-1.64,12.07,11.09,0.98,23.69,8.42,15.27,26.800000000000004,12.966287055283024,7.648571428571428,-41.92,30.06,27.121000000000002,13.700792413529264,5.910000000000001,-248.15,47.17,8.06,29.39,-0.9749279121818236,-0.2225209339563146,48,0.7350336741329412,0.6780306024735382,0.8660254037844386,0.5000000000000001,996.1810301742008,949.0,996.1810301742008,947.0,0.0015902140672783283,0
2024-02-18,6,18,2,2024,True,11,False,False,False,False,False,949,996.1810301742008,81.91,6.75,0.84,10.47,9.63,13.96,10.3,3.66,9.24,10.87,-1.63,11.55,11.21,0.34,33.31,10.8,22.51,27.642857142857146,11.672280146120723,8.405714285714284,-41.92,30.06,26.796666666666667,13.89855371620728,5.5230000000000015,-248.15,47.17,9.24,7.52,-0.7818314824680299,0.6234898018587334,49,0.746588114532413,0.6652865452111116,0.8660254037844386,0.5000000000000001,996.1810301742008,949.0,996.1810301742008,947.0,0.0015896307165566004,0
2024-02-19,0,19,2,2024,False,10,False,False,False,False,False,949,996.1810301742008,81.9,6.75,13.83,22.65,8.82,10.47,9.63,0.84,41.01,10.95,30.06,37.25,285.4,-248.15,9.87,9.37,0.5,27.81857142857143,11.353989649122516,8.758571428571427,-41.92,30.06,26.03533333333333,14.152703831675655,4.800666666666668,-248.15,47.17,41.01,11.13,0.0,1.0,50,0.7579216274973472,0.6523456189565257,0.8660254037844386,0.5000000000000001,996.1810301742008,949.0,996.1810301742008,948.0,0.00024425989252585545,0
2024-02-20,1,20,2,2024,False,9,False,False,False,False,False,950,996.1810301742008,81.93,6.75,18.17,27.01,8.84,22.65,8.82,13.83,29.78,9.39,20.39,25.31,9.64,15.67,14.22,9.56,4.66,25.195714285714285,9.815151309994937,6.4399999999999995,-41.92,26.81,26.461333333333336,13.838190467048037,5.245000000000001,-248.15,47.17,29.78,23.6,0.7818314824680298,0.6234898018587336,51,0.7690308592589181,0.6392116531380588,0.8660254037844386,0.5000000000000001,996.1810301742008,949.0,996.1810301742008,948.0,0.0009773976786806582,0
2024-02-21,2,21,2,2024,False,8,False,False,False,False,False,950,996.1810301742008,82.09,6.75,23.23,34.47,11.24,27.01,8.84,18.17,36.31,9.5,26.81,44.81,9.77,35.04,30.31,8.27,22.04,24.8,9.654040604845209,6.122857142857143,-41.92,26.81,26.887666666666668,13.643702521887063,5.695333333333335,-248.15,47.17,36.31,30.55,0.9749279121818236,-0.22252093395631434,52,0.7799125224167177,0.6258885343075018,0.8660254037844386,0.5000000000000001,996.1810301742008,950.0,996.1810301742008,948.0,0.004281869341815625,0
2024-02-22,3,22,2,2024,False,7,False,False,False,False,False,950,996.1810301742008,82.25,6.75,23.94,33.52,9.58,34.47,11.24,23.23,32.57,74.49,-41.92,26.26,8.78,17.48,22.64,9.3,13.34,24.53714285714286,9.307238606385381,5.611428571428571,-41.92,23.23,27.026333333333334,13.700705364004607,5.735000000000001,-248.15,47.17,32.57,27.21,0.43388373911755823,-0.900968867902419,53,0.7905633969115482,0.612380204990065,0.8660254037844386,0.5000000000000001,996.1810301742008,950.0,996.1810301742008,948.0,0.005255438768027476,0
2024-02-23,4,23,2,2024,False,6,False,False,False,False,False,950,996.1810301742008,82.26,6.75,12.08,23.54,11.46,33.52,9.58,23.94,30.63,9.16,21.47,35.72,9.64,26.08,25.53,9.95,15.58,24.672857142857143,9.449727887238721,15.02,0.84,23.94,27.389,13.724572061665977,6.088333333333335,-248.15,47.17,30.63,21.28,-0.433883739117558,-0.9009688679024191,54,0.8009803309782905,0.5986906625177214,0.8660254037844386,0.5000000000000001,996.1810301742008,950.0,996.1810301742008,949.0,0.0057464237681867925,0
2024-02-24,5,24,2,2024,True,5,False,False,False,False,False,951,996.1810301742008,82.27,6.75,0.34,9.59,9.25,23.54,11.46,12.08,13.96,10.3,3.66,8.06,9.7,-1.64,19.55,10.93,8.62,23.66,9.077433558005255,13.678571428571429,0.84,23.94,27.32266666666667,13.738668542960543,5.971666666666668,-248.15,47.17,13.96,37.34,-0.9749279121818236,-0.2225209339563146,55,0.8111602420785621,0.5848239578463322,0.8660254037844386,0.5000000000000001,996.1810301742008,950.0,996.1810301742008,949.0,0.004763067904250073,0
2024-02-25,6,25,2,2024,True,4,True,False,False,False,False,951,996.1810301742008,82.36,6.75,4.25,14.27,10.02,9.59,9.25,0.34,10.47,9.63,0.84,9.24,10.87,-1.63,7.69,9.23,-1.54,23.035714285714285,9.96281060936597,13.204285714285716,0.34,23.94,26.990666666666666,14.049795417171316,5.695666666666669,-248.15,47.17,10.47,14.77,-0.7818314824680299,0.6234898018587334,56,0.8211001178128892,0.5707841943569036,0.8660254037844386,0.5000000000000001,996.1810301742008,951.0,996.1810301742008,949.0,0.005493834696618238,0
2024-02-26,0,26,2,2024,False,3,True,False,False,False,False,951,996.1810301742008,82.29,6.75,30.01,42.38,12.37,14.27,10.02,4.25,22.65,8.82,13.83,41.01,10.95,30.06,15.74,11.77,3.97,23.57857142857143,9.241422020034626,13.691428571428572,0.34,23.94,27.21,13.787003125132527,5.888666666666668,-248.15,47.17,22.65,15.45,0.0,1.0,57,0.8307970168121247,0.5565755266413303,0.8660254037844386,0.5000000000000001,996.1810301742008,951.0,996.1810301742008,949.0,0.004761904761904745,0
2024-02-27,1,27,2,2024,False,2,True,False,False,False,False,951,996.1810301742008,82.32,6.75,26.57,35.33,8.76,42.38,12.37,30.01,27.01,8.84,18.17,29.78,9.39,20.39,15.08,9.31,5.77,26.39714285714286,11.61496407554456,16.002857142857145,0.34,30.01,28.098000000000003,13.880368026523085,6.756666666666669,-248.15,47.17,27.01,38.54,0.7818314824680298,0.6234898018587336,58,0.8402480696078469,0.5422021592729844,0.8660254037844386,0.5000000000000001,996.1810301742008,951.0,996.1810301742008,950.0,0.004760161113145145,0
2024-02-28,2,28,2,2024,False,1,True,False,False,False,False,952,996.1810301742008,82.32,6.75,32.36,40.42,8.06,35.33,8.76,26.57,34.47,11.24,23.23,36.31,9.5,26.81,56.48,9.31,47.17,27.585714285714285,12.103551623583972,17.202857142857145,0.34,30.01,28.773,13.716889450852067,7.450000000000001,-248.15,47.17,34.47,52.08,0.9749279121818236,-0.22252093395631434,59,0.8494504794814806,0.527668345562516,0.8660254037844386,0.5000000000000001,996.1810301742008,951.0,996.1810301742008,950.0,0.002801802899256689,0
2024-02-29,3,29,2,2024,False,0,True,False,False,False,False,952,996.1810301742008,82.34,6.75,28.62,39.7,11.08,40.42,8.06,32.36,33.52,9.58,23.94,32.57,74.49,-41.92,57.71,11.64,46.07,28.435714285714287,12.853299002127649,18.50714285714286,0.34,32.36,28.23766666666667,12.88652856690844,6.956333333333335,-248.15,46.07,33.52,36.84,0.43388373911755823,-0.900968867902419,60,0.8584015232918917,0.512978386299228,0.8660254037844386,0.5000000000000001,996.1810301742008,952.0,996.1810301742008,950.0,0.0010942249240122326,0
2024-03-01,4,1,3,2024,False,30,False,False,False,False,False,952,1045.687733556301,82.27,6.75,28.78,37.65,8.87,39.7,11.08,28.62,23.54,11.46,12.08,30.63,9.16,21.47,45.1,10.19,34.91,29.318571428571428,13.458713941249417,19.17571428571429,0.34,32.36,27.637333333333334,11.843477161052325,6.374666666666669,-248.15,35.04,23.54,29.34,-0.433883739117558,-0.9009688679024191,61,0.8670985522812081,0.4981366284784055,1.0,6.123233995736766e-17,996.1810301742008,952.0,996.1810301742008,950.0,0.00012156576707988975,0
2024-03-02,5,2,3,2024,True,29,False,False,False,False,False,952,1045.687733556301,82.15,6.75,3.66,13.27,9.61,37.65,8.87,28.78,9.59,9.25,0.34,13.96,10.3,3.66,21.26,9.16,12.1,31.334285714285716,13.505560406912501,21.56142857142857,0.34,32.36,27.389000000000003,11.538883693692036,6.170333333333335,-248.15,35.04,9.59,35.17,-0.9749279121818236,-0.2225209339563146,62,0.8755389928586302,0.4831474640149687,1.0,6.123233995736766e-17,1045.687733556301,952.0,996.1810301742008,951.0,-0.0014586118876868115,0
2024-03-03,6,3,3,2024,True,28,False,False,False,False,False,952,1045.687733556301,81.98,6.75,2.08,11.17,9.09,13.27,9.61,3.66,14.27,10.02,4.25,10.47,9.63,0.84,34.88,9.53,25.35,31.860000000000003,12.556345009595773,22.035714285714285,3.66,32.36,27.122666666666667,11.775021468121105,5.889000000000001,-248.15,35.04,14.27,15.23,-0.7818314824680299,0.6234898018587334,63,0.8837203473619977,0.4680153284438345,1.0,6.123233995736766e-17,1045.687733556301,952.0,996.1810301742008,951.0,-0.004613890237979534,0
2024-03-04,0,4,3,2024,False,27,False,False,False,False,False,953,1045.687733556301,81.89,6.75,20.62,30.53,9.91,11.17,9.09,2.08,42.38,12.37,30.01,22.65,8.82,13.83,12.07,11.09,0.98,31.417142857142856,13.312061841660409,21.725714285714286,2.08,32.36,26.332333333333334,12.02935394926851,5.113333333333334,-248.15,35.04,42.38,15.31,0.0,1.0,64,0.8916401947968874,0.45274469960737107,1.0,6.123233995736766e-17,1045.687733556301,952.0,996.1810301742008,951.0,-0.004860857941426766,0
2024-03-05,1,5,3,2024,False,26,False,False,True,False,False,953,1045.687733556301,81.85,6.75,-247.97,33.6,281.57,30.53,9.91,20.62,35.33,8.76,26.57,27.01,8.84,18.17,11.55,11.21,0.34,29.724285714285713,12.408386756736848,20.384285714285717,2.08,32.36,26.947666666666667,11.743380434227138,5.768000000000002,-248.15,35.04,35.33,24.64,0.7818314824680298,0.6234898018587336,65,0.8992961915530253,0.4373400963303323,1.0,6.123233995736766e-17,1045.687733556301,953.0,996.1810301742008,951.0,-0.005709426627793945,0
2024-03-06,2,6,3,2024,False,25,False,False,False,False,False,953,1045.687733556301,81.83,6.75,18.82,28.29,9.47,33.6,281.57,-247.97,40.42,8.06,32.36,34.47,11.24,23.23,37.25,285.4,-248.15,29.47714285714286,12.294835927176537,-18.835714285714282,-247.97,32.36,27.682666666666666,11.432351534535474,-2.5089999999999986,-248.15,35.04,40.42,26.01,0.9749279121818236,-0.22252093395631434,66,0.9066860720977985,0.4218060770826634,1.0,6.123233995736766e-17,1045.687733556301,953.0,996.1810301742008,952.0,-0.005952380952380931,0
2024-03-07,3,7,3,2024,False,24,False,False,False,False,False,953,1045.687733556301,81.99,6.75,16.56,26.65,10.09,28.29,9.47,18.82,39.7,11.08,28.62,33.52,9.58,23.94,25.31,9.64,15.67,27.744285714285713,11.310920765854071,-20.770000000000003,-247.97,28.78,27.384,11.289940777462958,6.3900000000000015,-247.97,35.04,39.7,10.04,0.43388373911755823,-0.900968867902419,67,0.9138076496466615,0.40614723863057883,1.0,6.123233995736766e-17,1045.687733556301,953.0,996.1810301742008,952.0,-0.00425066796210849,0
2024-03-08,4,8,3,2024,False,23,False,False,False,False,False,954,1045.687733556301,82.07,6.75,18.93,27.66,8.73,26.65,10.09,16.56,37.65,8.87,28.78,23.54,11.46,12.08,44.81,9.77,35.04,25.88,10.012916657997312,-22.49285714285714,-247.97,28.78,27.428666666666672,11.28410164280071,6.419666666666669,-247.97,35.04,37.65,25.4,-0.433883739117558,-0.9009688679024191,68,0.9206588168102428,0.3903682146763026,1.0,6.123233995736766e-17,1045.687733556301,953.0,1045.687733556301,952.0,-0.0024310198128114635,0
2024-03-09,5,9,3,2024,True,22,False,False,False,False,False,954,1045.687733556301,82.0,6.75,1.23,10.23,9.0,27.66,8.73,18.93,13.27,9.61,3.66,9.59,9.25,0.34,26.26,8.78,17.48,24.45285714285714,8.678799291541262,-23.9,-247.97,20.62,26.857000000000003,10.797088097228373,5.882666666666668,-247.97,32.36,13.27,24.22,-0.9749279121818236,-0.2225209339563146,69,0.9272375462179537,0.374473674486883,1.0,6.123233995736766e-17,1045.687733556301,954.0,1045.687733556301,952.0,-0.0018259281801583649,0
2024-03-10,6,10,3,2024,True,21,False,False,False,False,False,954,1045.687733556301,82.03,6.75,-0.02,9.3,9.32,10.23,9.0,1.23,11.17,9.09,2.08,14.27,10.02,4.25,35.72,9.64,26.08,24.018571428571427,9.379432158667578,-24.247142857142855,-247.97,20.62,26.32266666666667,11.216169957064107,5.341000000000002,-247.97,32.36,11.17,9.85,-0.7818314824680299,0.6234898018587334,70,0.9335418911179212,0.35846832151248087,1.0,6.123233995736766e-17,1045.687733556301,954.0,1045.687733556301,952.0,0.0006099048548426911,0
2024-03-11,0,11,3,2024,False,20,False,False,False,False,False,954,1045.687733556301,81.99,6.75,25.36,33.73,8.37,9.3,9.32,-0.02,30.53,9.91,20.62,42.38,12.37,30.01,8.06,9.7,-1.64,23.75142857142857,9.822537738234834,-24.547142857142855,-247.97,20.62,25.442,11.486822555162654,4.471000000000002,-247.97,32.36,30.53,11.6,0.0,1.0,71,0.9395699859530622,0.342356891994542,1.0,6.123233995736766e-17,1045.687733556301,954.0,1045.687733556301,953.0,0.0012211503236048138,0
2024-03-12,1,12,3,2024,False,19,False,False,False,False,False,955,1045.687733556301,81.97,6.75,28.1,37.36,9.26,33.73,8.37,25.36,33.6,281.57,-247.97,35.33,8.76,26.57,9.24,10.87,-1.63,24.208571428571425,10.255514660531711,-23.87,-247.97,25.36,26.297666666666668,11.096842882280678,5.371000000000001,-247.97,32.36,33.6,30.17,0.7818314824680298,0.6234898018587336,72,0.945320046913132,0.3261441535642696,1.0,6.123233995736766e-17,1045.687733556301,954.0,1045.687733556301,953.0,0.0014660965180208763,0
2024-03-13,2,13,3,2024,False,18,False,False,False,False,False,955,1045.687733556301,81.99,6.75,14.84,24.62,9.78,37.36,9.26,28.1,28.29,9.47,18.82,40.42,8.06,32.36,41.01,10.95,30.06,24.745714285714286,10.907145757320222,15.56857142857143,-0.02,28.1,27.235000000000003,10.789699989437576,6.362000000000001,-247.97,32.36,28.29,27.33,0.9749279121818236,-0.22252093395631434,73,0.9507903724625832,0.3098349038318025,1.0,6.123233995736766e-17,1045.687733556301,955.0,1045.687733556301,953.0,0.001955273127214996,0
2024-03-14,3,14,3,2024,False,17,False,False,False,False,False,955,1045.687733556301,82.03,6.75,23.62,32.91,9.29,24.62,9.78,14.84,26.65,10.09,16.56,39.7,11.08,28.62,29.78,9.39,20.39,24.22142857142857,10.79602307730556,15.0,-0.02,28.1,26.68866666666667,10.478622485584763,5.8546666666666685,-247.97,32.36,26.65,27.22,0.43388373911755823,-0.900968867902419,74,0.9559793438440766,0.2934339689665273,1.0,6.123233995736766e-17,1045.687733556301,955.0,1045.687733556301,953.0,0.00048786437370429425,0
2024-03-15,4,15,3,2024,False,16,False,False,False,True,False,955,1045.687733556301,82.01,6.75,-36.31,31.49,67.8,32.91,9.29,23.62,27.66,8.73,18.93,37.65,8.87,28.78,36.31,9.5,26.81,25.115714285714287,11.279182678933871,16.00857142857143,-0.02,28.1,26.793,10.525939109548911,5.962333333333335,-247.97,32.36,27.66,27.03,-0.433883739117558,-0.9009688679024191,75,0.9608854255574977,0.27694620226893646,1.0,6.123233995736766e-17,1045.687733556301,955.0,1045.687733556301,954.0,-0.0007310832216399499,0
2024-03-16,5,16,3,2024,True,15,False,False,False,False,False,956,1045.687733556301,82.09,6.75,2.53,12.19,9.66,31.49,67.8,-36.31,10.23,9.0,1.23,13.27,9.61,3.66,32.57,74.49,-41.92,25.662857142857145,11.513632085902511,8.117142857142856,-36.31,28.1,26.632333333333335,10.411831030241471,3.858333333333335,-247.97,32.36,10.23,26.23,-0.9749279121818236,-0.2225209339563146,76,0.9655071658143364,0.2603764827344581,1.0,6.123233995736766e-17,1045.687733556301,955.0,1045.687733556301,954.0,0.001097560975609868,0
2024-03-17,6,17,3,2024,True,14,False,False,False,False,False,956,1045.687733556301,82.0,6.75,2.38,11.44,9.06,12.19,9.66,2.53,9.3,9.32,-0.02,11.17,9.09,2.08,30.63,9.16,21.47,25.942857142857143,11.091876478284629,8.302857142857142,-36.31,28.1,25.952999999999996,10.672654115170664,5.340000000000002,-247.97,32.36,9.3,16.22,-0.7818314824680299,0.6234898018587334,77,0.969843196967294,0.24372971360968387,1.0,6.123233995736766e-17,1045.687733556301,956.0,1045.687733556301,954.0,-0.00036571985858835365,0
2024-03-18,0,18,3,2024,False,13,False,False,False,False,False,956,1045.687733556301,82.0,6.75,14.85,25.22,10.37,11.44,9.06,2.38,33.73,8.37,25.36,30.53,9.91,20.62,13.96,10.3,3.66,26.24857142857143,10.5741216003528,8.645714285714286,-36.31,28.1,25.313333333333333,10.954039511029517,4.703666666666668,-247.97,32.36,33.73,11.35,0.0,1.0,78,0.9738922359149924,0.22701082094141847,1.0,6.123233995736766e-17,1045.687733556301,956.0,1045.687733556301,954.0,0.00012196609342618459,0
2024-03-19,1,19,3,2024,False,12,False,False,False,False,False,956,1045.687733556301,82.21,6.75,14.94,26.11,11.17,25.22,10.37,14.85,37.36,9.26,28.1,33.6,281.57,-247.97,10.47,9.63,0.84,25.032857142857143,10.046663980787708,7.144285714285714,-36.31,28.1,25.68866666666667,10.742475709435718,5.076666666666668,-247.97,32.36,37.36,36.05,0.7818314824680298,0.6234898018587336,79,0.9776530844816641,0.2102247521189836,1.0,6.123233995736766e-17,1045.687733556301,956.0,1045.687733556301,955.0,0.0029279004513846907,0
2024-03-20,2,20,3,2024,False,11,False,False,False,False,False,957,1045.687733556301,82.23,6.75,23.69,32.94,9.25,26.11,11.17,14.94,24.62,9.78,14.84,28.29,9.47,18.82,22.65,8.82,13.83,23.425714285714285,8.531648643224145,5.264285714285713,-36.31,23.62,26.21,10.350810063251936,5.546666666666668,-247.97,32.36,24.62,28.14,0.9749279121818236,-0.22252093395631434,80,0.981124629771712,0.19337647441020586,1.0,6.123233995736766e-17,1045.687733556301,956.0,1045.687733556301,955.0,0.0029271862422248773,0
2024-03-21,3,21,3,2024,False,10,False,False,False,False,False,957,1045.687733556301,82.34,6.75,29.26,39.43,10.17,32.94,9.25,23.69,32.91,9.29,23.62,26.65,10.09,16.56,27.01,8.84,18.17,24.61428571428571,9.27308445114651,6.528571428571428,-36.31,23.69,26.553,10.399152203507958,5.875333333333335,-247.97,32.36,32.91,29.72,0.43388373911755823,-0.900968867902419,81,0.984305844499033,0.17647097349152166,1.0,6.123233995736766e-17,1045.687733556301,957.0,1045.687733556301,955.0,0.0037791052054125807,0
2024-03-22,4,22,3,2024,False,9,False,False,False,False,False,957,1045.687733556301,82.35,6.75,12.53,21.99,9.46,39.43,10.17,29.26,31.49,67.8,-36.31,27.66,8.73,18.93,34.47,11.24,23.23,25.545714285714286,10.492490738845659,7.334285714285714,-36.31,29.26,26.967,10.661880260519503,6.245000000000002,-247.97,32.36,31.49,27.03,-0.433883739117558,-0.9009688679024191,82,0.9871957872910085,0.15951325197263655,1.0,6.123233995736766e-17,1045.687733556301,957.0,1045.687733556301,955.0,0.004145835873673898,0
2024-03-23,5,23,3,2024,True,8,False,False,False,False,False,957,1045.687733556301,82.4,6.75,2.15,12.2,10.05,21.99,9.46,12.53,12.19,9.66,2.53,10.23,9.0,1.23,33.52,9.58,23.94,24.18857142857143,10.205961376521445,14.311428571428573,2.38,29.26,26.551,10.60234012880632,5.888333333333335,-247.97,32.36,12.19,19.07,-0.9749279121818236,-0.2225209339563146,83,0.9897936029670716,0.14250832791617088,1.0,6.123233995736766e-17,1045.687733556301,957.0,1045.687733556301,956.0,0.0037763430381290153,0
2024-03-24,6,24,3,2024,True,7,False,False,False,False,False,958,1045.687733556301,82.39,6.75,2.87,14.21,11.34,12.2,10.05,2.15,11.44,9.06,2.38,9.3,9.32,-0.02,23.54,11.46,12.08,24.189999999999998,10.20400248268622,14.257142857142856,2.15,29.26,25.840333333333334,10.831167824236772,5.162000000000003,-247.97,32.36,11.44,8.39,-0.7818314824680299,0.6234898018587334,84,0.992098522791769,0.12546123335273648,1.0,6.123233995736766e-17,1045.687733556301,957.0,1045.687733556301,956.0,0.004756097560975725,0
2024-03-25,0,25,3,2024,False,6,False,True,False,False,True,958,1045.687733556301,82.38,6.75,-2.23,7.97,10.2,14.21,11.34,2.87,25.22,10.37,14.85,33.73,8.37,25.36,9.59,9.25,0.34,24.585714285714285,9.66671067313464,14.327142857142857,2.15,29.26,25.529333333333334,11.031589729228664,4.855000000000001,-247.97,32.36,25.22,7.76,0.0,1.0,85,0.9941098647022418,0.10837701279187609,1.0,6.123233995736766e-17,1045.687733556301,958.0,1045.687733556301,956.0,0.004634146341463419,0
2024-03-26,1,26,3,2024,False,5,False,True,False,False,False,958,1045.687733556301,82.32,6.75,28.06,36.18,8.12,7.97,10.2,-2.23,26.11,11.17,14.94,37.36,9.26,28.1,14.27,10.02,4.25,22.12142857142857,11.502481512803254,11.887142857142857,-2.23,29.26,25.47533333333333,11.115946213880553,4.769333333333335,-247.97,32.36,26.11,29.72,0.7818314824680298,0.6234898018587336,86,0.9958270335100595,0.09126072172931188,1.0,6.123233995736766e-17,1045.687733556301,958.0,1045.687733556301,956.0,0.0013380367351902844,0
2024-03-27,2,27,3,2024,False,4,True,True,False,False,False,958,1045.687733556301,82.35,6.75,31.71,41.86,10.15,36.18,8.12,28.06,32.94,9.25,23.69,24.62,9.78,14.84,42.38,12.37,30.01,23.560000000000002,12.656294876463642,13.76142857142857,-2.23,29.26,26.205666666666666,11.074033524680491,5.5630000000000015,-247.97,32.36,32.94,35.93,0.9749279121818236,-0.22252093395631434,87,0.9972495210773451,0.07411742515094437,1.0,6.123233995736766e-17,1045.687733556301,958.0,1045.687733556301,957.0,0.0014593214155416145,0
2024-03-28,3,28,3,2024,False,3,True,True,False,False,False,958,1045.687733556301,82.28,6.75,35.53,46.5,10.97,41.86,10.15,31.71,39.43,10.17,29.26,32.91,9.29,23.62,35.33,8.76,26.57,24.834285714285716,14.12226239800462,14.907142857142857,-2.23,31.71,26.188333333333333,11.0482209781308,5.619666666666669,-247.97,32.36,39.43,56.56,0.43388373911755823,-0.900968867902419,88,0.998376906467142,0.056952196034039754,1.0,6.123233995736766e-17,1045.687733556301,958.0,1045.687733556301,957.0,-0.0007286859363614395,0
2024-03-29,4,29,3,2024,False,2,True,True,False,False,False,959,1045.687733556301,82.33,6.75,26.0,35.49,9.49,46.5,10.97,35.53,21.99,9.46,12.53,31.49,67.8,-36.31,40.42,8.06,32.36,25.844285714285714,15.523409051217733,15.802857142857144,-2.23,35.53,26.56066666666667,11.54401947967547,5.918333333333336,-247.97,35.53,21.99,44.2,-0.433883739117558,-0.9009688679024191,89,0.9992088560679753,0.03977011384605572,1.0,6.123233995736766e-17,1045.687733556301,958.0,1045.687733556301,957.0,-0.00024286581663623963,0
2024-03-30,5,30,3,2024,True,1,True,True,False,False,False,959,1045.687733556301,82.42,6.75,0.18,10.9,10.72,35.49,9.49,26.0,12.2,10.05,2.15,12.19,9.66,2.53,39.7,11.08,28.62,27.77285714285714,15.800875201799977,17.72714285714286,-2.23,35.53,26.396333333333335,11.373758206816545,5.706333333333335,-247.97,35.53,12.2,56.21,-0.9749279121818236,-0.2225209339563146,90,0.9997451236925734,0.022576263041545485,1.0,6.123233995736766e-17,1045.687733556301,959.0,1045.687733556301,957.0,0.00024271844660184172,0
2024-03-31,6,31,3,2024,True,0,True,True,False,False,False,959,1045.687733556301,82.45,6.75,10.64,19.7,9.06,10.9,10.72,0.18,14.21,11.34,2.87,11.44,9.06,2.38,37.65,8.87,28.78,27.587142857142858,16.020528200078925,17.445714285714285,-2.23,35.53,25.436333333333334,11.427446839271148,4.7583333333333355,-247.97,35.53,14.21,11.71,-0.7818314824680299,0.6234898018587334,91,0.9999855506507186,0.005375731557583884,1.0,6.123233995736766e-17,1045.687733556301,959.0,1045.687733556301,958.0,0.000728243718898014,0
2024-04-01,0,1,4,2024,False,29,False,False,False,False,False,959,1018.5176884279192,82.43,6.75,18.27,26.73,8.46,19.7,9.06,10.64,7.97,10.2,-2.23,25.22,10.37,14.85,13.27,9.61,3.66,28.37142857142857,15.377999900909783,18.555714285714288,-2.23,35.53,24.838000000000005,11.234186556498306,4.153666666666669,-247.97,35.53,7.97,12.52,0.0,1.0,92,0.9999300657962057,-0.011826390691832589,0.8660254037844387,-0.4999999999999998,1045.687733556301,959.0,1045.687733556301,958.0,0.0006069434328721535,0
2024-04-02,1,2,4,2024,False,28,False,False,False,False,False,960,1018.5176884279192,82.46,6.75,19.43,29.4,9.97,26.73,8.46,18.27,36.18,8.12,28.06,26.11,11.17,14.94,11.17,9.09,2.08,31.05142857142857,12.616764546390181,21.48428571428571,0.18,35.53,25.286666666666665,11.023053376770285,4.640666666666669,-247.97,35.53,36.18,26.42,0.7818314824680298,0.6234898018587336,93,0.9995786855478958,-0.029025013321975237,0.8660254037844387,-0.4999999999999998,1018.5176884279192,959.0,1045.687733556301,958.0,0.001700680272108901,0
2024-04-03,2,3,4,2024,False,27,False,False,False,False,False,960,1018.5176884279192,82.44,6.75,16.62,24.87,8.25,29.4,9.97,19.43,41.86,10.15,31.71,32.94,9.25,23.69,30.53,9.91,20.62,30.082857142857144,12.416081929344337,20.25142857142857,0.18,35.53,25.894333333333336,10.716221890628978,5.219000000000002,-247.97,35.53,41.86,34.14,0.9749279121818236,-0.22252093395631434,94,0.9989315138848577,-0.046215046983708354,0.8660254037844387,-0.4999999999999998,1018.5176884279192,960.0,1045.687733556301,958.0,0.0010928961748635224,0
2024-04-04,3,4,4,2024,False,26,False,False,False,False,False,960,1018.5176884279192,82.51,6.75,15.16,24.76,9.6,24.87,8.25,16.62,46.5,10.97,35.53,39.43,10.17,29.26,33.6,281.57,-247.97,27.655714285714286,11.344530043362843,18.095714285714287,0.18,35.53,25.70566666666667,10.681561516781239,5.085666666666668,-247.97,35.53,46.5,35.42,0.43388373911755823,-0.900968867902419,95,0.9979887423155984,-0.06339140486951038,0.8660254037844387,-0.4999999999999998,1018.5176884279192,960.0,1045.687733556301,958.0,0.0027953330092367334,0
2024-04-05,4,5,4,2024,False,25,False,False,True,False,False,960,1018.5176884279192,82.37,6.75,-321.45,30.93,352.38,24.76,9.6,15.16,35.49,9.49,26.0,21.99,9.46,12.53,28.29,9.47,18.82,24.55,7.723880717187007,15.185714285714285,0.18,26.0,25.411,10.577702426363203,13.856666666666671,-36.31,35.53,35.49,28.0,-0.433883739117558,-0.9009688679024191,96,0.9967506498213929,-0.08054900421874167,0.8660254037844387,-0.4999999999999998,1018.5176884279192,960.0,1045.687733556301,959.0,0.0004858496295396808,0
2024-04-06,5,6,4,2024,True,24,False,False,False,False,False,961,1018.5176884279192,82.34,6.75,1.67,9.8,8.13,30.93,352.38,-321.45,10.9,10.72,0.18,12.2,10.05,2.15,26.65,10.09,16.56,23.898571428571426,6.782333493647115,-34.449999999999996,-321.45,19.43,25.499000000000002,10.613401206607339,2.5143333333333353,-321.45,35.53,10.9,34.36,-0.9749279121818236,-0.2225209339563146,97,0.9952176027737294,-0.09768276782171598,0.8660254037844387,-0.4999999999999998,1018.5176884279192,960.0,1045.687733556301,959.0,-0.0009706381946129605,0
2024-04-07,6,7,4,2024,True,23,False,False,False,False,False,961,1018.5176884279192,82.18,6.75,3.3,11.96,8.66,9.8,8.13,1.67,19.7,9.06,10.64,14.21,11.34,2.87,27.66,8.73,18.93,23.74142857142857,7.137159632448153,-34.23714285714286,-321.45,19.43,24.93733333333333,10.98957811412418,2.018000000000003,-321.45,35.53,19.7,12.04,-0.7818314824680299,0.6234898018587334,98,0.9933900548258936,-0.11478762552212701,0.8660254037844387,-0.4999999999999998,1018.5176884279192,961.0,1045.687733556301,959.0,-0.003274711946634312,0
2024-04-08,0,8,4,2024,False,22,False,False,False,False,False,961,1018.5176884279192,82.06,6.75,25.75,34.62,8.87,11.96,8.66,3.3,26.73,8.46,18.27,7.97,10.2,-2.23,10.23,9.0,1.23,22.635714285714283,8.362066844073995,-35.285714285714285,-321.45,19.43,24.413999999999998,11.226716779859231,1.4970000000000028,-321.45,35.53,26.73,9.85,0.0,1.0,99,0.9912685467787256,-0.13185851571739118,0.8660254037844387,-0.4999999999999998,1018.5176884279192,961.0,1018.5176884279192,959.0,-0.004488657042339028,0
2024-04-09,1,9,4,2024,False,21,False,False,False,False,False,961,1018.5176884279192,82.17,6.75,24.03,33.81,9.78,34.62,8.87,25.75,29.4,9.97,19.43,36.18,8.12,28.06,9.3,9.32,-0.02,23.762857142857143,9.4649506325279,-34.21714285714285,-321.45,25.75,25.226999999999997,11.045803431542506,2.3143333333333365,-321.45,35.53,29.4,25.38,0.7818314824680298,0.6234898018587336,100,0.9888537064205885,-0.1488903868564548,0.8660254037844387,-0.4999999999999998,1018.5176884279192,961.0,1018.5176884279192,960.0,-0.0035168566577733484,0
2024-04-10,2,10,4,2024,False,20,False,False,False,False,False,962,1018.5176884279192,82.24,6.75,23.81,33.31,9.5,33.81,9.78,24.03,24.87,8.25,16.62,41.86,10.15,31.71,33.73,8.37,25.36,24.392857142857142,10.03245685144922,-33.559999999999995,-321.45,25.75,26.044,10.729041027944232,3.1160000000000023,-321.45,35.53,24.87,25.1,0.9749279121818236,-0.22252093395631434,101,0.986146248341595,-0.16587819893463143,0.8660254037844387,-0.4999999999999998,1018.5176884279192,961.0,1018.5176884279192,960.0,-0.002426006792819013,0
2024-04-11,3,11,4,2024,False,19,False,False,False,False,False,962,1018.5176884279192,82.19,6.75,31.06,42.39,11.33,33.31,9.5,23.81,24.76,9.6,15.16,46.5,10.97,35.53,37.36,9.26,28.1,25.59857142857143,10.590976392778003,-32.53285714285714,-321.45,25.75,26.029999999999998,10.718935227614418,3.064333333333336,-321.45,35.53,24.76,31.55,0.43388373911755823,-0.900968867902419,102,0.9831469737221499,-0.1828169249850199,0.8660254037844387,-0.4999999999999998,1018.5176884279192,962.0,1018.5176884279192,960.0,-0.0038783177796631874,0
2024-04-12,4,12,4,2024,False,18,False,False,False,False,False,962,1018.5176884279192,82.07,6.75,15.49,26.33,10.84,42.39,11.33,31.06,30.93,352.38,-321.45,35.49,9.49,26.0,24.62,9.78,14.84,28.11714285714286,12.31434896680254,-30.26142857142857,-321.45,31.06,26.197666666666667,10.939345212496093,3.163000000000003,-321.45,35.53,30.93,32.95,-0.433883739117558,-0.9009688679024191,103,0.9798567700958665,-0.1997015525660636,0.8660254037844387,-0.4999999999999998,1018.5176884279192,962.0,1018.5176884279192,960.0,-0.0036421027072964796,0
2024-04-13,5,13,4,2024,True,17,False,False,False,False,False,962,1018.5176884279192,81.83,6.75,0.71,11.06,10.35,26.33,10.84,15.49,9.8,8.13,1.67,10.9,10.72,0.18,32.91,9.29,23.62,27.46,12.261851409962537,17.872857142857143,1.67,31.06,26.254666666666665,10.935295506573757,3.1846666666666694,-321.45,35.53,9.8,26.94,-0.9749279121818236,-0.2225209339563146,104,0.9762766110869321,-0.21652708524481437,0.8660254037844387,-0.4999999999999998,1018.5176884279192,962.0,1018.5176884279192,961.0,-0.0061938304590721804,0
2024-04-14,6,14,4,2024,True,16,False,False,False,False,False,963,1018.5176884279192,81.78,6.75,3.7,13.7,10.0,11.06,10.35,0.71,11.96,8.66,3.3,19.7,9.06,10.64,31.49,67.8,-36.31,27.639999999999997,11.965057459118208,17.735714285714284,0.71,31.06,25.526333333333334,11.201154953791635,2.4210000000000025,-321.45,35.53,11.96,10.93,-0.7818314824680299,0.6234898018587334,105,0.9724075561219968,-0.23328854407545518,0.8660254037844387,-0.4999999999999998,1018.5176884279192,962.0,1018.5176884279192,961.0,-0.0048673643222195695,0
2024-04-15,0,15,4,2024,False,15,False,False,False,True,False,963,1018.5176884279192,81.98,6.75,-32.59,40.07,72.66,13.7,10.0,3.7,34.62,8.87,25.75,26.73,8.46,18.27,12.19,9.66,2.53,27.888571428571428,11.597444299746154,17.79285714285714,0.71,31.06,24.933333333333334,11.344537902880196,3.7546666666666697,-321.45,35.53,34.62,12.05,0.0,1.0,106,0.9682507501166718,-0.2499809690726521,0.8660254037844387,-0.4999999999999998,1018.5176884279192,963.0,1018.5176884279192,961.0,-0.0009748964172556773,0
2024-04-16,1,16,4,2024,False,14,False,False,False,False,False,963,1018.5176884279192,82.01,6.75,15.67,24.71,9.04,40.07,72.66,-32.59,33.81,9.78,24.03,29.4,9.97,19.43,11.44,9.06,2.38,28.66714285714286,12.287094468432755,9.458571428571428,-32.59,31.06,25.862666666666666,11.406401691165806,2.5840000000000023,-321.45,35.53,33.81,34.72,0.7818314824680298,0.6234898018587336,107,0.9638074231367307,-0.26659942067929354,0.8660254037844387,-0.4999999999999998,1018.5176884279192,963.0,1018.5176884279192,961.0,-0.00194718267007421,0
2024-04-17,2,17,4,2024,False,13,False,False,False,False,False,963,1018.5176884279192,81.97,6.75,19.43,30.17,10.74,24.71,9.04,15.67,33.31,9.5,23.81,24.87,8.25,16.62,25.22,10.37,14.85,27.367142857142856,12.132711587942355,8.264285714285714,-32.59,31.06,26.305,11.080457400617396,3.0270000000000024,-321.45,35.53,33.31,41.08,0.9749279121818236,-0.22252093395631434,108,0.9590788900341131,-0.28313898122818354,0.8660254037844387,-0.4999999999999998,1018.5176884279192,963.0,1018.5176884279192,962.0,-0.003283073929961078,0
2024-04-18,3,18,4,2024,False,12,False,False,False,False,False,964,1018.5176884279192,82.01,6.75,31.92,40.75,8.83,30.17,10.74,19.43,42.39,11.33,31.06,24.76,9.6,15.16,26.11,11.17,14.94,26.91857142857143,11.932770603917367,7.638571428571427,-32.59,31.06,26.469999999999995,11.100580599913352,3.179666666666669,-321.45,35.53,42.39,39.1,0.43388373911755823,-0.900968867902419,109,0.9540665500578387,-0.2995947563972602,0.8660254037844387,-0.4999999999999998,1018.5176884279192,963.0,1018.5176884279192,962.0,-0.002190047451028021,0
2024-04-19,4,19,4,2024,False,11,False,False,False,False,False,964,1018.5176884279192,81.88,6.75,24.24,34.97,10.73,40.75,8.83,31.92,26.33,10.84,15.49,30.93,352.38,-321.45,32.94,9.25,23.69,26.684285714285714,11.58954393284864,7.761428571428572,-32.59,31.92,26.958000000000002,11.4019179874749,3.7456666666666694,-321.45,35.53,26.33,25.94,-0.433883739117558,-0.9009688679024191,110,0.9487718864399473,-0.31596187665790293,0.8660254037844387,-0.4999999999999998,1018.5176884279192,964.0,1018.5176884279192,962.0,-0.0023150968685268225,0
2024-04-20,5,20,4,2024,True,10,False,False,False,False,False,964,1018.5176884279192,81.86,6.75,0.46,11.57,11.11,34.97,10.73,24.24,11.06,10.35,0.71,9.8,8.13,1.67,39.43,10.17,29.26,27.91857142857143,11.998392154189434,9.01142857142857,-32.59,31.92,27.025666666666666,11.444587241418407,3.7640000000000025,-321.45,35.53,11.06,42.06,-0.9749279121818236,-0.2225209339563146,111,0.9431964659565866,-0.33223549871590435,0.8660254037844387,-0.4999999999999998,1018.5176884279192,964.0,1018.5176884279192,962.0,0.0003666137113527146,0
2024-04-21,6,21,4,2024,True,9,False,False,False,False,False,964,1018.5176884279192,81.86,6.75,0.66,10.74,10.08,11.57,11.11,0.46,13.7,10.0,3.7,11.96,8.66,3.3,21.99,9.46,12.53,27.99142857142857,11.879924843437122,8.975714285714284,-32.59,31.92,26.096999999999998,11.533334341571956,2.8040000000000025,-321.45,35.53,13.7,9.88,-0.7818314824680299,0.6234898018587334,112,0.9373419384643772,-0.3484108069446808,0.8660254037844387,-0.4999999999999998,1018.5176884279192,964.0,1018.5176884279192,963.0,0.0009782342871116345,0
2024-04-22,0,22,4,2024,False,8,False,False,False,False,False,964,1018.5176884279192,81.86,6.75,20.08,29.78,9.7,10.74,10.08,0.66,40.07,72.66,-32.59,34.62,8.87,25.75,12.2,10.05,2.15,27.568571428571428,12.509402368580515,8.541428571428572,-32.59,31.92,25.722,11.850021795411367,2.408333333333336,-321.45,35.53,40.07,13.12,0.0,1.0,113,0.9312100364121947,-0.3644830148102912,0.8660254037844387,-0.4999999999999998,1018.5176884279192,964.0,1018.5176884279192,963.0,-0.0014637716516223698,0
2024-04-23,1,23,4,2024,False,7,False,False,False,False,False,965,1018.5176884279192,81.92,6.75,23.33,33.61,10.28,29.78,9.7,20.08,24.71,9.04,15.67,33.81,9.78,24.03,14.21,11.34,2.87,26.09857142857143,11.3459925797194,16.065714285714286,0.46,31.92,26.308,11.590109457696228,3.0060000000000024,-321.45,35.53,24.71,31.45,0.7818314824680298,0.6234898018587336,114,0.9248025743285089,-0.38044736628785164,0.8660254037844387,-0.4999999999999998,1018.5176884279192,964.0,1018.5176884279192,963.0,-0.0010974271430314042,0
2024-04-24,2,24,4,2024,False,6,False,False,False,False,False,965,1018.5176884279192,81.95,6.75,23.08,30.5,7.42,33.61,10.28,23.33,30.17,10.74,19.43,33.31,9.5,23.81,7.97,10.2,-2.23,27.370000000000005,11.658809258810846,17.16,0.46,31.92,26.954666666666665,11.431958752529702,3.6880000000000024,-321.45,35.53,30.17,28.85,0.9749279121818236,-0.22252093395631434,115,0.9181214482844365,-0.39629913726891813,0.8660254037844387,-0.4999999999999998,1018.5176884279192,965.0,1018.5176884279192,963.0,-0.00024399170428202055,0
2024-04-25,3,25,4,2024,False,5,False,False,False,False,False,965,1018.5176884279192,82.0,6.75,21.49,31.67,10.18,30.5,7.42,23.08,40.75,8.83,31.92,42.39,11.33,31.06,36.18,8.12,28.06,27.41714285714286,11.672677091232785,17.681428571428572,0.46,31.92,27.70566666666667,10.86790995461452,4.531666666666669,-321.45,35.53,40.75,32.54,0.43388373911755823,-0.900968867902419,116,0.9111686353326631,-0.41203363695942635,0.8660254037844387,-0.4999999999999998,1018.5176884279192,965.0,1018.5176884279192,964.0,-0.00012193634922574859,0
2024-04-26,4,26,4,2024,False,4,True,False,False,False,False,965,1018.5176884279192,81.95,6.75,37.16,46.93,9.77,31.67,10.18,21.49,34.97,10.73,24.24,26.33,10.84,15.49,41.86,10.15,31.71,26.12,10.376672555946506,16.19142857142857,0.46,24.24,27.555333333333333,10.777460750561108,4.3126666666666695,-321.45,35.53,34.97,43.68,-0.433883739117558,-0.9009688679024191,117,0.9039461929224011,-0.42764620926777464,0.8660254037844387,-0.4999999999999998,1018.5176884279192,965.0,1018.5176884279192,964.0,0.000854909623839939,0
2024-04-27,5,27,4,2024,True,3,True,False,False,False,False,966,1018.5176884279192,82.02,6.75,4.5,14.34,9.84,46.93,9.77,37.16,11.57,11.11,0.46,11.06,10.35,0.71,46.5,10.97,35.53,27.82857142857143,12.782482060188773,18.037142857142857,0.46,37.16,27.724333333333334,11.045912860399559,4.494333333333334,-321.45,37.16,11.57,34.02,-0.9749279121818236,-0.2225209339563146,118,0.8964562582905575,-0.44313223418263453,0.8660254037844387,-0.4999999999999998,1018.5176884279192,965.0,1018.5176884279192,964.0,0.001954556559980336,0
2024-04-28,6,28,4,2024,True,2,True,False,False,False,False,966,1018.5176884279192,82.15,6.75,7.21,17.82,10.61,14.34,9.84,4.5,10.74,10.08,0.66,13.7,10.0,3.7,35.49,9.49,26.0,28.224285714285717,12.226033503884057,18.61428571428571,0.66,37.16,26.65233333333333,10.716556215801651,3.4600000000000017,-321.45,37.16,10.74,18.77,-0.7818314824680299,0.6234898018587334,119,0.8887010478292915,-0.45848712914008766,0.8660254037844387,-0.4999999999999998,1018.5176884279192,966.0,1018.5176884279192,964.0,0.0035426337649646644,0
2024-04-29,0,29,4,2024,False,1,True,False,False,False,False,966,1018.5176884279192,82.07,6.75,68.37,78.19,9.82,17.82,10.61,7.21,29.78,9.7,20.08,40.07,72.66,-32.59,10.9,10.72,0.18,29.235714285714288,10.741224103336432,19.55,4.5,37.16,26.063333333333333,10.699646895022338,2.8336666666666686,-321.45,37.16,29.78,20.72,0.0,1.0,120,0.8806828564301475,-0.47370635037968,0.8660254037844387,-0.4999999999999998,1018.5176884279192,966.0,1018.5176884279192,964.0,0.0025653554849742743,0
2024-04-30,1,30,4,2024,False,0,True,False,False,False,False,966,1018.5176884279192,82.0,6.75,24.79,33.61,8.82,78.19,9.82,68.37,33.61,10.28,23.33,24.71,9.04,15.67,19.7,9.06,10.64,36.151428571428575,21.423038555545332,26.448571428571427,4.5,68.37,28.306333333333335,13.965872315764237,5.106666666666668,-321.45,68.37,33.61,25.12,0.7818314824680298,0.6234898018587336,121,0.8724040568049612,-0.48878539428899265,0.8660254037844387,-0.4999999999999998,1018.5176884279192,966.0,1018.5176884279192,965.0,0.0009765625,0
2024-05-01,2,1,5,2024,False,30,False,False,False,False,False,967,1055.2187696020624,82.11,6.75,24.98,35.05,10.07,33.61,8.82,24.79,30.5,7.42,23.08,30.17,10.74,19.43,26.73,8.46,18.27,36.151428571428575,21.423038555545332,26.657142857142855,4.5,68.37,28.769999999999996,13.901044862738273,5.578333333333336,-321.45,68.37,30.5,30.61,0.9749279121818236,-0.22252093395631434,122,0.8638670987837349,-0.503719798736334,0.49999999999999994,-0.8660254037844387,1018.5176884279192,966.0,1018.5176884279192,965.0,0.0019524100061012462,0
2024-05-02,3,2,5,2024,False,29,False,False,False,False,False,967,1055.2187696020624,82.09,6.75,18.56,28.84,10.28,35.05,10.07,24.98,31.67,10.18,21.49,40.75,8.83,31.92,29.4,9.97,19.43,36.80142857142857,21.291612142321412,26.928571428571427,4.5,68.37,29.047333333333334,13.941876619672149,5.802000000000002,-321.45,68.37,31.67,25.44,0.43388373911755823,-0.900968867902419,123,0.8550745085896932,-0.518505144391157,0.49999999999999994,-0.8660254037844387,1055.2187696020624,967.0,1018.5176884279192,965.0,0.001097560975609868,0
2024-05-03,4,3,5,2024,False,28,False,False,False,False,False,967,1055.2187696020624,82.2,6.75,26.35,36.68,10.33,28.84,10.28,18.56,46.93,9.77,37.16,34.97,10.73,24.24,24.87,8.25,16.62,36.39714285714286,21.431694375609336,26.509999999999998,4.5,68.37,29.028666666666663,13.941763044235445,5.7730000000000015,-321.45,68.37,46.93,25.89,-0.433883739117558,-0.9009688679024191,124,0.8460288880917339,-0.533137056031809,0.49999999999999994,-0.8660254037844387,1055.2187696020624,967.0,1018.5176884279192,965.0,0.003050640634533197,0
2024-05-04,5,4,5,2024,True,27,False,False,False,False,False,967,1055.2187696020624,82.17,6.75,1.29,11.67,10.38,36.68,10.33,26.35,14.34,9.84,4.5,11.57,11.11,0.46,24.76,9.6,15.16,34.93285714285714,20.936551542128218,24.965714285714288,4.5,68.37,29.422333333333334,13.986950983545054,6.097333333333335,-321.45,68.37,14.34,33.33,-0.9749279121818236,-0.2225209339563146,125,0.8367329140344921,-0.5476112038402312,0.49999999999999994,-0.8660254037844387,1055.2187696020624,967.0,1018.5176884279192,966.0,0.001828822238478578,0
2024-05-05,6,5,5,2024,True,26,False,False,True,False,False,968,1055.2187696020624,82.29,6.75,-330.93,13.27,344.2,11.67,10.38,1.29,17.82,10.61,7.21,10.74,10.08,0.66,30.93,352.38,-321.45,34.551428571428566,21.39357958872354,24.507142857142856,1.29,68.37,28.985999999999997,14.337202054746271,5.6350000000000025,-321.45,68.37,17.82,10.08,-0.7818314824680299,0.6234898018587334,126,0.8271893372462497,-0.5619233046832195,0.49999999999999994,-0.8660254037844387,1055.2187696020624,967.0,1018.5176884279192,966.0,0.001704199634814385,0
2024-05-06,0,6,5,2024,False,25,False,False,False,False,False,968,1055.2187696020624,82.3,6.75,31.68,40.85,9.17,13.27,344.2,-330.93,78.19,9.82,68.37,29.78,9.7,20.08,9.8,8.13,1.67,33.901428571428575,22.0458328855829,-23.798571428571428,-330.93,68.37,28.397333333333332,14.614498217897172,5.319000000000002,-330.93,68.37,78.19,13.88,0.0,1.0,127,0.8174009818249189,-0.5760691233798758,0.49999999999999994,-0.8660254037844387,1055.2187696020624,968.0,1018.5176884279192,966.0,0.002802485682953604,0
2024-05-07,1,7,5,2024,False,24,False,False,False,False,False,968,1055.2187696020624,82.32,6.75,23.83,34.23,10.4,40.85,9.17,31.68,33.61,8.82,24.79,33.61,10.28,23.33,11.96,8.66,3.3,28.56714285714286,11.573931504730398,-29.04,-330.93,31.68,29.432333333333336,14.349089285851326,6.3193333333333355,-330.93,68.37,33.61,26.58,0.7818314824680298,0.6234898018587336,128,0.8073707443023492,-0.5900444739548627,0.49999999999999994,-0.8660254037844387,1055.2187696020624,968.0,1018.5176884279192,966.0,0.0039024390243902474,0
2024-05-08,2,8,5,2024,False,23,False,False,False,False,False,968,1055.2187696020624,82.44,6.75,28.91,40.54,11.63,34.23,10.4,23.83,35.05,10.07,24.98,30.5,7.42,23.08,34.62,8.87,25.75,28.655714285714286,11.621230366794027,-29.177142857142858,-330.93,31.68,30.174666666666667,13.98545789896341,7.0036666666666685,-330.93,68.37,35.05,34.7,0.9749279121818236,-0.22252093395631434,129,0.7971015927871943,-0.6038452208771035,0.49999999999999994,-0.8660254037844387,1055.2187696020624,968.0,1055.2187696020624,967.0,0.004018998903909443,0
2024-05-09,3,9,5,2024,False,22,False,False,False,False,False,969,1055.2187696020624,82.41,6.75,13.08,21.68,8.6,40.54,11.63,28.91,28.84,10.28,18.56,31.67,10.18,21.49,33.81,9.78,24.03,29.439999999999998,12.29065769870218,-28.61571428571429,-330.93,31.68,30.372,14.091705655308798,7.109000000000001,-330.93,68.37,28.84,29.5,0.43388373911755823,-0.900968867902419,130,0.7865965660866021,-0.6174672802835514,0.49999999999999994,-0.8660254037844387,1055.2187696020624,968.0,1055.2187696020624,967.0,0.0038981605554877508,0
2024-05-10,4,10,5,2024,False,21,False,False,False,False,False,969,1055.2187696020624,82.34,6.75,33.6,44.02,10.42,21.68,8.6,13.08,36.68,10.33,26.35,46.93,9.77,37.16,33.31,9.5,23.81,28.417142857142856,12.641832296369234,-29.398571428571426,-330.93,31.68,29.967666666666666,14.163497688834108,6.7440000000000015,-330.93,68.37,36.68,33.46,-0.433883739117558,-0.9009688679024191,131,0.7758587728069828,-0.6309066211876704,0.49999999999999994,-0.8660254037844387,1055.2187696020624,969.0,1055.2187696020624,967.0,0.0017031630170316614,0
2024-05-11,5,11,5,2024,True,20,False,False,False,False,False,969,1055.2187696020624,82.3,6.75,2.73,12.38,9.65,44.02,10.42,33.6,11.67,10.38,1.29,14.34,9.84,4.5,42.39,11.33,31.06,29.465714285714288,13.701419460701718,-28.362857142857145,-330.93,33.6,30.324666666666666,14.383909528821894,7.070333333333335,-330.93,68.37,11.67,26.75,-0.9749279121818236,-0.2225209339563146,132,0.7648913904341226,-0.6441592666722685,0.49999999999999994,-0.8660254037844387,1055.2187696020624,969.0,1055.2187696020624,967.0,0.0015820859194353165,0
2024-05-12,6,12,5,2024,True,19,False,False,False,False,False,969,1055.2187696020624,82.34,6.75,4.19,14.05,9.86,12.38,9.65,2.73,13.27,344.2,-330.93,17.82,10.61,7.21,26.33,10.84,15.49,29.56714285714286,13.549511324872851,-28.157142857142855,-330.93,33.6,29.324333333333335,14.558357638361436,6.126000000000002,-330.93,68.37,13.27,10.06,-0.7818314824680299,0.6234898018587334,133,0.753697664392914,-0.6572212950663319,0.49999999999999994,-0.8660254037844387,1055.2187696020624,969.0,1055.2187696020624,968.0,0.0006076072426783874,0
2024-05-13,0,13,5,2024,False,18,False,False,False,False,False,970,1055.2187696020624,82.21,6.75,17.19,26.55,9.36,14.05,9.86,4.19,40.85,9.17,31.68,78.19,9.82,68.37,11.06,10.35,0.71,29.678571428571427,13.395481114380132,19.717142857142857,2.73,33.6,28.915,14.815811858770438,5.749333333333336,-330.93,68.37,40.85,9.94,0.0,1.0,134,0.742280907086982,-0.6700888411055113,0.49999999999999994,-0.8660254037844387,1055.2187696020624,969.0,1055.2187696020624,968.0,-0.0010935601458080813,0
2024-05-14,1,14,5,2024,False,17,False,False,False,False,False,970,1055.2187696020624,82.26,6.75,18.4,28.47,10.07,26.55,9.36,17.19,34.23,10.4,23.83,33.61,8.82,24.79,13.7,10.0,3.7,27.635714285714283,12.466005584712995,17.647142857142857,2.73,33.6,29.431333333333335,14.437181818158788,6.298666666666668,-330.93,68.37,34.23,24.94,0.7818314824680298,0.6234898018587336,135,0.7306444969184916,-0.6827580970759147,0.49999999999999994,-0.8660254037844387,1055.2187696020624,970.0,1055.2187696020624,968.0,-0.0007288629737607355,0
2024-05-15,2,15,5,2024,False,16,False,False,False,True,False,970,1055.2187696020624,82.22,6.75,-50.5,33.94,84.44,28.47,10.07,18.4,40.54,11.63,28.91,35.05,10.07,24.98,40.07,72.66,-32.59,26.812857142857144,12.144131249682871,16.871428571428574,2.73,33.6,29.92366666666667,14.13080749903248,6.788666666666668,-330.93,68.37,40.54,32.66,0.9749279121818236,-0.22252093395631434,136,0.7187918772884232,-0.6952253139408722,0.49999999999999994,-0.8660254037844387,1055.2187696020624,970.0,1055.2187696020624,968.0,-0.002668607472100959,0
2024-05-16,3,16,5,2024,False,15,False,False,False,False,False,970,1055.2187696020624,82.31,6.75,23.93,32.96,9.03,33.94,84.44,-50.5,21.68,8.6,13.08,28.84,10.28,18.56,24.71,9.04,15.67,25.87,11.11319336044626,5.527142857142857,-50.5,33.6,29.719333333333335,14.022939564263565,6.191666666666668,-330.93,68.37,21.68,32.59,0.43388373911755823,-0.900968867902419,137,0.7067265555776158,-0.7074868024503348,0.49999999999999994,-0.8660254037844387,1055.2187696020624,970.0,1055.2187696020624,969.0,-0.0012134449702705385,0
2024-05-17,4,17,5,2024,False,14,False,False,False,False,False,970,1055.2187696020624,82.12,6.75,25.68,34.79,9.11,32.96,9.03,23.93,44.02,10.42,33.6,36.68,10.33,26.35,30.17,10.74,19.43,27.481428571428573,11.221656782863272,7.077142857142857,-50.5,33.6,29.994333333333334,14.002194331316572,6.467000000000001,-330.93,68.37,44.02,32.26,-0.433883739117558,-0.9009688679024191,138,0.6944521021088763,-0.719538934232584,0.49999999999999994,-0.8660254037844387,1055.2187696020624,970.0,1055.2187696020624,969.0,-0.0026718484333252412,0
2024-05-18,5,18,5,2024,True,13,False,False,False,False,False,971,1055.2187696020624,82.06,6.75,5.07,14.07,9.0,34.79,9.11,25.68,12.38,9.65,2.73,11.67,10.38,1.29,40.75,8.83,31.92,26.162857142857142,9.338753868130587,5.945714285714286,-50.5,25.68,30.148333333333333,14.02957223604614,6.675333333333335,-330.93,68.37,12.38,38.23,-0.9749279121818236,-0.2225209339563146,139,0.6819721490904629,-0.7313781428679254,0.49999999999999994,-0.8660254037844387,1055.2187696020624,970.0,1055.2187696020624,969.0,-0.002916160388821365,0
2024-05-19,6,19,5,2024,True,12,False,False,False,False,False,971,1055.2187696020624,81.92,6.75,-3.77,8.42,12.19,14.07,9.0,5.07,14.05,9.86,4.19,13.27,344.2,-330.93,34.97,10.73,24.24,26.404285714285713,8.936218173147713,6.28,-50.5,25.68,29.259000000000004,14.179183467079596,5.780333333333335,-330.93,68.37,14.05,13.17,-0.7818314824680299,0.6234898018587334,140,0.6692903895412567,-0.7430009249440493,0.49999999999999994,-0.8660254037844387,1055.2187696020624,971.0,1055.2187696020624,969.0,-0.005100801554529966,0
2024-05-20,0,20,5,2024,False,11,False,False,False,False,False,971,1055.2187696020624,81.86,6.75,29.61,39.4,9.79,8.42,12.19,-3.77,26.55,9.36,17.19,40.85,9.17,31.68,11.57,11.11,0.46,25.599999999999998,10.371547618364394,5.1428571428571415,-50.5,25.68,28.374000000000002,14.63177897120063,4.8466666666666685,-330.93,68.37,26.55,9.48,0.0,1.0,141,0.6564105761979381,-0.7544038410927472,0.49999999999999994,-0.8660254037844387,1055.2187696020624,971.0,1055.2187696020624,970.0,-0.004257389611969309,0
2024-05-21,1,21,5,2024,False,10,False,False,False,False,False,971,1055.2187696020624,81.88,6.75,22.88,33.11,10.23,39.4,9.79,29.61,28.47,10.07,18.4,34.23,10.4,23.83,10.74,10.08,0.66,27.435714285714287,11.628718555287833,6.917142857142857,-50.5,29.61,29.301666666666666,14.410198755080357,5.818333333333334,-330.93,68.37,28.47,31.0,0.7818314824680298,0.6234898018587336,142,0.6433365204044917,-0.765583517007675,0.49999999999999994,-0.8660254037844387,1055.2187696020624,971.0,1055.2187696020624,970.0,-0.004619499149039696,0
2024-05-22,2,22,5,2024,False,9,False,False,False,False,False,972,1055.2187696020624,81.86,6.75,22.01,31.87,9.86,33.11,10.23,22.88,33.94,84.44,-50.5,40.54,11.63,28.91,29.78,9.7,20.08,28.09857142857143,11.82803650734339,7.557142857142857,-50.5,29.61,30.04733333333333,13.989217999226582,6.559000000000001,-330.93,68.37,33.94,25.91,0.9749279121818236,-0.22252093395631434,143,0.6300720909843687,-0.7765366444428655,0.49999999999999994,-0.8660254037844387,1055.2187696020624,971.0,1055.2187696020624,970.0,-0.004378496716127445,0
2024-05-23,3,23,5,2024,False,8,False,False,False,False,False,972,1055.2187696020624,81.84,6.75,16.03,25.37,9.34,31.87,9.86,22.01,32.96,9.03,23.93,21.68,8.6,13.08,33.61,10.28,23.33,27.802857142857142,11.682636281087879,17.915714285714287,-3.77,29.61,30.117,13.993044368172892,6.623333333333336,-330.93,68.37,32.96,29.11,0.43388373911755823,-0.900968867902419,144,0.6166212130956382,-0.7872599821916922,0.49999999999999994,-0.8660254037844387,1055.2187696020624,972.0,1055.2187696020624,970.0,-0.0057101202770015735,0
2024-05-24,4,24,5,2024,False,7,False,False,False,False,False,972,1055.2187696020624,81.83,6.75,26.17,36.2,10.03,25.37,9.34,16.03,34.79,9.11,25.68,44.02,10.42,33.6,30.5,7.42,23.08,26.71857142857143,11.47458703479336,16.787142857142857,-3.77,29.61,29.842333333333332,14.00298384048134,6.380000000000002,-330.93,68.37,34.79,26.02,-0.433883739117558,-0.9009688679024191,145,0.6029878670694714,-0.7977503570459932,0.49999999999999994,-0.8660254037844387,1055.2187696020624,972.0,1055.2187696020624,970.0,-0.0035314174378958674,0
2024-05-25,5,25,5,2024,True,6,False,False,False,False,False,972,1055.2187696020624,81.85,6.75,-5.63,7.49,13.12,36.2,10.03,26.17,14.07,9.0,5.07,12.38,9.65,2.73,31.67,10.18,21.49,26.919999999999998,11.650911266220065,16.857142857142858,-3.77,29.61,30.032333333333334,14.050803801607376,6.483000000000002,-330.93,68.37,14.07,38.81,-0.9749279121818236,-0.2225209339563146,146,0.5891760872322963,-0.8080046647350754,0.49999999999999994,-0.8660254037844387,1055.2187696020624,972.0,1055.2187696020624,971.0,-0.002559103095296167,0
2024-05-26,6,26,5,2024,True,5,False,False,False,False,False,973,1055.2187696020624,81.76,6.75,1.19,13.0,11.81,7.49,13.12,-5.63,8.42,12.19,-3.77,14.05,9.86,4.19,46.93,9.77,37.16,25.98,13.04274766552918,15.328571428571427,-5.63,29.61,29.226333333333336,14.634999731002278,5.579000000000002,-330.93,68.37,8.42,15.71,-0.7818314824680299,0.6234898018587334,147,0.5751899607119775,-0.8180198708443175,0.49999999999999994,-0.8660254037844387,1055.2187696020624,972.0,1055.2187696020624,971.0,-0.001953125,0
2024-05-27,0,27,5,2024,False,4,True,False,False,False,False,973,1055.2187696020624,81.82,6.75,27.22,36.65,9.43,13.0,11.81,1.19,39.4,9.79,29.61,26.55,9.36,17.19,14.34,9.84,4.5,26.634285714285713,12.095521012814158,16.037142857142857,-5.63,29.61,28.095333333333333,14.530363626779504,4.380000000000002,-330.93,68.37,39.4,14.15,0.0,1.0,148,0.5610336262283677,-0.8277930117131022,0.49999999999999994,-0.8660254037844387,1055.2187696020624,973.0,1055.2187696020624,971.0,-0.000488639139995195,0
2024-05-28,1,28,5,2024,False,3,True,False,False,False,False,973,1055.2187696020624,81.87,6.75,37.45,48.41,10.96,36.65,9.43,27.22,33.11,10.23,22.88,28.47,10.07,18.4,17.82,10.61,7.21,26.24142857142857,11.64817929774354,15.695714285714287,-5.63,27.22,28.839000000000002,14.372140759121447,5.137333333333335,-330.93,68.37,33.11,52.11,0.7818314824680298,0.6234898018587336,149,0.5467112728685939,-0.8373211953118121,0.49999999999999994,-0.8660254037844387,1055.2187696020624,973.0,1055.2187696020624,971.0,-0.00012212994626270568,0
2024-05-29,2,29,5,2024,False,2,True,False,False,False,False,973,1055.2187696020624,81.91,6.75,37.46,46.92,9.46,48.41,10.96,37.45,31.87,9.86,22.01,33.94,84.44,-50.5,78.19,9.82,68.37,28.427142857142858,14.288149768585303,17.777142857142856,-5.63,37.45,29.858666666666668,14.64594629884002,6.145333333333336,-330.93,68.37,31.87,28.44,0.9749279121818236,-0.22252093395631434,150,0.5322271388474397,-0.8466016020976267,0.49999999999999994,-0.8660254037844387,1055.2187696020624,973.0,1055.2187696020624,972.0,0.0006107989249939383,0
2024-05-30,3,30,5,2024,False,1,True,False,False,False,False,974,1055.2187696020624,81.95,6.75,50.57,59.18,8.61,46.92,9.46,37.46,25.37,9.34,16.03,32.96,9.03,23.93,33.61,8.82,24.79,30.57714285714286,15.930486197106198,19.98428571428571,-5.63,37.46,28.81633333333333,11.952760605481648,5.115000000000003,-330.93,37.46,25.37,29.25,0.43388373911755823,-0.900968867902419,151,0.5175855102531889,-0.8556314858488706,0.49999999999999994,-0.8660254037844387,1055.2187696020624,973.0,1055.2187696020624,972.0,0.0013440860215052641,0
2024-05-31,4,31,5,2024,False,0,True,False,False,False,False,974,1055.2187696020624,81.97,6.75,35.03,46.42,11.39,59.18,8.61,50.57,36.2,10.03,26.17,34.79,9.11,25.68,35.05,10.07,24.98,35.40714285714286,18.931407514397645,24.91857142857143,-5.63,50.57,29.66866666666667,13.157356597876266,5.974333333333336,-330.93,50.57,36.2,34.26,-0.433883739117558,-0.9009688679024191,152,0.5027907197793043,-0.8644081744776648,0.49999999999999994,-0.8660254037844387,1055.2187696020624,974.0,1055.2187696020624,972.0,0.0017108639863130382,0
2024-06-01,5,1,6,2024,True,29,False,False,False,False,False,974,1208.027934979275,82.14,6.75,-0.34,11.69,12.03,46.42,11.39,35.03,7.49,13.12,-5.63,14.07,9.0,5.07,28.84,10.28,18.56,36.86714285714286,19.391245201796398,26.184285714285718,-5.63,50.57,30.047666666666665,13.47757286123451,6.309333333333336,-330.93,50.57,7.49,30.01,-0.9749279121818236,-0.2225209339563146,153,0.4878471454423119,-0.8729290708206411,1.2246467991473532e-16,-1.0,1055.2187696020624,974.0,1055.2187696020624,972.0,0.0035430665852169696,0
2024-06-02,6,2,6,2024,True,28,False,False,False,False,False,974,1208.027934979275,82.13,6.75,0.19,12.09,11.9,11.69,12.03,-0.34,13.0,11.81,1.19,8.42,12.19,-3.77,36.68,10.33,26.35,37.46714285714285,18.36878848689243,26.94,-0.34,50.57,29.476000000000003,13.888031960077635,5.679333333333336,-330.93,50.57,13.0,10.87,-0.7818314824680299,0.6234898018587334,154,0.47275920928627757,-0.881191653407483,1.2246467991473532e-16,-1.0,1208.027934979275,974.0,1055.2187696020624,973.0,0.004525440313111417,0
2024-06-03,0,3,6,2024,False,27,False,False,False,False,False,975,1208.027934979275,82.1,6.75,37.37,47.6,10.23,12.09,11.9,0.19,36.65,9.43,27.22,39.4,9.79,29.61,11.67,10.38,1.29,37.33714285714286,18.572893971489524,26.79714285714286,-0.34,50.57,28.656333333333333,14.170957790941431,4.807333333333335,-330.93,50.57,36.65,8.18,0.0,1.0,155,0.4575313760742512,-0.8891934772070711,1.2246467991473532e-16,-1.0,1208.027934979275,974.0,1055.2187696020624,973.0,0.0034221461745294057,0
2024-06-04,1,4,6,2024,False,26,False,False,False,False,False,975,1208.027934979275,82.04,6.75,31.14,41.69,10.55,47.6,10.23,37.37,48.41,10.96,37.45,33.11,10.23,22.88,13.27,344.2,-330.93,38.901428571428575,18.96241671356922,28.247142857142858,-0.34,50.57,29.854,14.204127763338418,6.0100000000000025,-330.93,50.57,48.41,29.56,0.7818314824680298,0.6234898018587336,156,0.44216815196707204,-0.8969321743510065,1.2246467991473532e-16,-1.0,1208.027934979275,975.0,1055.2187696020624,973.0,0.0020764626847440404,0
2024-06-05,2,5,6,2024,False,25,False,False,True,False,False,975,1208.027934979275,81.96,6.75,-299.61,35.31,334.92,41.69,10.55,31.14,46.92,9.46,37.46,31.87,9.86,22.01,40.85,9.17,31.68,37.941428571428574,18.566778062416997,27.345714285714283,-0.34,50.57,30.801333333333336,14.00627783711913,18.079000000000004,-50.5,50.57,46.92,42.58,0.9749279121818236,-0.22252093395631434,157,0.42667408318992467,-0.9044054548343001,1.2246467991473532e-16,-1.0,1208.027934979275,975.0,1055.2187696020624,973.0,0.0006104260774020265,0
2024-06-06,3,6,6,2024,False,24,False,False,False,False,False,975,1208.027934979275,81.86,6.75,25.12,36.27,11.15,35.31,334.92,-299.61,59.18,8.61,50.57,25.37,9.34,16.03,34.23,10.4,23.83,36.28285714285714,18.144811668248085,-20.80714285714286,-299.61,50.57,30.616666666666667,13.905379840397995,7.036000000000001,-299.61,50.57,59.18,34.43,0.43388373911755823,-0.900968867902419,158,0.4110537546870351,-0.9116111071930239,1.2246467991473532e-16,-1.0,1208.027934979275,975.0,1055.2187696020624,974.0,-0.001098230628432062,0
2024-06-07,4,7,6,2024,False,23,False,False,False,False,False,976,1208.027934979275,81.79,6.75,18.23,28.55,10.32,36.27,11.15,25.12,46.42,11.39,35.03,36.2,10.03,26.17,40.54,11.63,28.91,33.010000000000005,15.144553476415243,-24.442857142857147,-299.61,37.37,30.684666666666665,13.928627611018848,7.079000000000002,-299.61,50.57,46.42,30.61,-0.433883739117558,-0.9009688679024191,159,0.3953117887649151,-0.9185469991587165,1.2246467991473532e-16,-1.0,1208.027934979275,975.0,1055.2187696020624,974.0,-0.002195925338538407,0
2024-06-08,5,8,6,2024,True,22,False,False,False,False,False,976,1208.027934979275,81.79,6.75,5.08,14.21,9.13,28.55,10.32,18.23,11.69,12.03,-0.34,7.49,13.12,-5.63,21.68,8.6,13.08,30.457142857142856,13.967754191095215,-26.84285714285715,-299.61,37.37,30.285000000000004,13.807582312278448,6.723000000000002,-299.61,50.57,11.69,27.43,-0.9749279121818236,-0.2225209339563146,160,0.37945284372454435,-0.925211078289358,1.2246467991473532e-16,-1.0,1208.027934979275,976.0,1208.027934979275,974.0,-0.0042610177745312505,0
2024-06-09,6,9,6,2024,True,21,False,False,False,False,False,976,1208.027934979275,81.81,6.75,-1.21,9.65,10.86,14.21,9.13,5.08,12.09,11.9,0.19,13.0,11.81,1.19,44.02,10.42,33.6,30.81714285714286,13.425384804274996,-26.06857142857143,-299.61,37.37,30.036,14.033617421428955,6.456333333333335,-299.61,50.57,12.09,9.68,-0.7818314824680299,0.6234898018587334,161,0.36348161248290634,-0.9316013725767187,1.2246467991473532e-16,-1.0,1208.027934979275,976.0,1208.027934979275,974.0,-0.0038962620236210332,0
2024-06-10,0,10,6,2024,False,20,False,False,False,False,False,976,1208.027934979275,81.82,6.75,31.38,43.34,11.96,9.65,10.86,-1.21,47.6,10.23,37.37,36.65,9.43,27.22,12.38,9.65,2.73,30.46857142857143,14.011526717398848,-26.26857142857143,-299.61,37.37,28.890333333333334,14.253844365482674,5.296000000000002,-299.61,50.57,47.6,7.08,0.0,1.0,162,0.3474028211842774,-0.9377159910299093,1.2246467991473532e-16,-1.0,1208.027934979275,976.0,1208.027934979275,975.0,-0.003410475030450666,0
2024-06-11,1,11,6,2024,False,19,False,False,False,False,False,976,1208.027934979275,81.76,6.75,29.22,38.74,9.52,43.34,11.96,31.38,41.69,10.55,31.14,48.41,10.96,37.45,14.05,9.86,4.19,29.860000000000003,13.21320425433087,-27.12428571428572,-299.61,31.38,29.922333333333334,14.137552508109035,6.251000000000001,-299.61,50.57,41.69,31.1,0.7818314824680298,0.6234898018587336,163,0.3312212278016865,-0.9435531242349544,1.2246467991473532e-16,-1.0,1208.027934979275,976.0,1208.027934979275,975.0,-0.0034129692832765013,0
2024-06-12,2,12,6,2024,False,18,False,False,False,False,False,977,1208.027934979275,81.83,6.75,46.71,58.17,11.46,38.74,9.52,29.22,35.31,334.92,-299.61,46.92,9.46,37.46,26.55,9.36,17.19,29.438571428571432,12.81402152405904,-27.398571428571433,-299.61,31.38,30.745333333333335,13.898327543476118,7.085333333333335,-299.61,50.57,35.31,34.57,0.9749279121818236,-0.22252093395631434,164,0.31494162072895193,-0.9491110448902284,1.2246467991473532e-16,-1.0,1208.027934979275,976.0,1208.027934979275,975.0,-0.0015861395802829747,0
2024-06-13,3,13,6,2024,False,17,False,False,False,False,False,977,1208.027934979275,81.89,6.75,19.94,31.05,11.11,58.17,11.46,46.71,36.27,11.15,25.12,59.18,8.61,50.57,28.47,10.07,18.4,32.70428571428572,16.840239366017425,22.075714285714287,-1.21,46.71,31.799333333333333,14.742532635397042,8.069333333333335,-299.61,50.57,36.27,22.36,0.43388373911755823,-0.900968867902419,165,0.2985688173637202,-0.9543881083175908,1.2246467991473532e-16,-1.0,1208.027934979275,977.0,1208.027934979275,975.0,0.0003664793549964518,0
2024-06-14,4,14,6,2024,False,16,False,False,False,False,False,977,1208.027934979275,81.87,6.75,25.58,37.16,11.58,31.05,11.11,19.94,28.55,10.32,18.23,46.42,11.39,35.03,33.94,84.44,-50.5,31.958571428571428,16.771462298173304,21.335714285714285,-1.21,46.71,31.88533333333333,14.729961194165073,8.120666666666668,-299.61,50.57,28.55,26.35,-0.433883739117558,-0.9009688679024191,166,0.2821076626819194,-0.9593827529490743,1.2246467991473532e-16,-1.0,1208.027934979275,977.0,1208.027934979275,976.0,0.000978114683946707,0
2024-06-15,5,15,6,2024,True,15,False,False,False,True,False,977,1208.027934979275,81.82,6.75,-58.88,18.31,77.19,37.16,11.58,25.58,14.21,9.13,5.08,11.69,12.03,-0.34,32.96,9.03,23.93,33.18857142857143,16.79552463065827,22.38571428571429,-1.21,46.71,31.992666666666665,14.757155817300692,10.656666666666668,-299.61,50.57,14.21,24.1,-0.9749279121818236,-0.2225209339563146,167,0.26556302780405594,-0.9640935007889755,1.2246467991473532e-16,-1.0,1208.027934979275,977.0,1208.027934979275,976.0,0.0003667930064799041,0
2024-06-16,6,16,6,2024,True,14,False,False,False,False,False,978,1208.027934979275,81.87,6.75,6.38,16.42,10.04,18.31,77.19,-58.88,9.65,10.86,-1.21,12.09,11.9,0.19,34.79,9.11,25.68,33.77428571428572,16.079604946580506,13.248571428571427,-58.88,46.71,31.50433333333333,14.964972132267402,7.8963333333333345,-299.61,50.57,9.65,8.73,-0.7818314824680299,0.6234898018587334,168,0.24893980855376657,-0.9685189578512204,1.2246467991473532e-16,-1.0,1208.027934979275,977.0,1208.027934979275,976.0,0.0007334066740007916,0
2024-06-17,0,17,6,2024,False,13,False,False,False,False,False,978,1208.027934979275,81.88,6.75,24.24,33.39,9.15,16.42,10.04,6.38,43.34,11.96,31.38,47.6,10.23,37.37,14.07,9.0,5.07,34.74142857142857,14.514157948444067,14.332857142857142,-58.88,46.71,30.892,15.19988008119664,7.253000000000002,-299.61,50.57,43.34,10.49,0.0,1.0,169,0.23224292400907015,-0.9726578145718654,1.2246467991473532e-16,-1.0,1208.027934979275,978.0,1208.027934979275,976.0,0.0007333170373990949,0
2024-06-18,1,18,6,2024,False,12,False,False,False,False,False,978,1208.027934979275,81.76,6.75,29.21,39.41,10.2,33.39,9.15,24.24,38.74,9.52,29.22,41.69,10.55,31.14,8.42,12.19,-3.77,33.32,14.010189149329891,13.312857142857142,-58.88,46.71,31.535999999999998,14.868240301231754,7.892000000000001,-299.61,50.57,38.74,20.4,0.7818314824680298,0.6234898018587336,170,0.21547731504673012,-0.976508846196619,1.2246467991473532e-16,-1.0,1208.027934979275,978.0,1208.027934979275,976.0,0.0,0
2024-06-19,2,19,6,2024,False,11,False,False,False,False,False,978,1208.027934979275,81.76,6.75,26.11,37.87,11.76,39.41,10.2,29.21,58.17,11.46,46.71,35.31,334.92,-299.61,39.4,9.79,29.61,33.41571428571429,14.055603695256075,13.311428571428573,-58.88,46.71,32.569,14.271396845825361,8.991333333333333,-299.61,50.57,58.17,33.16,0.9749279121818236,-0.22252093395631434,171,0.19864794288017112,-0.9800709131432666,1.2246467991473532e-16,-1.0,1208.027934979275,978.0,1208.027934979275,977.0,-0.0008554319931564081,0
2024-06-20,3,20,6,2024,False,10,False,False,False,False,False,979,1208.027934979275,81.78,6.75,29.62,39.82,10.2,37.87,11.76,26.11,31.05,11.11,19.94,36.27,11.15,25.12,33.11,10.23,22.88,30.51571428571429,9.430058071830517,10.368571428571428,-58.88,29.21,32.518,14.248859942296157,8.874666666666668,-299.61,50.57,31.05,34.0,0.43388373911755823,-0.900968867902419,172,0.18175978759137534,-0.9833429613388902,1.2246467991473532e-16,-1.0,1208.027934979275,978.0,1208.027934979275,977.0,-0.0013432653559652952,0
2024-06-21,4,21,6,2024,False,9,False,False,False,False,False,979,1208.027934979275,81.71,6.75,23.33,33.38,10.05,39.82,10.2,29.62,37.16,11.58,25.58,28.55,10.32,18.23,31.87,9.86,22.01,31.768571428571427,10.073502251900695,11.751428571428573,-58.88,29.62,32.74166666666667,14.31100157542978,9.099333333333336,-299.61,50.57,37.16,28.37,-0.433883739117558,-0.9009688679024191,173,0.16481784665719793,-0.9863240225317866,1.2246467991473532e-16,-1.0,1208.027934979275,979.0,1208.027934979275,977.0,-0.0019543178209358025,0
2024-06-22,5,22,6,2024,True,8,False,False,False,False,False,979,1208.027934979275,81.72,6.75,4.06,13.04,8.98,33.38,10.05,23.33,18.31,77.19,-58.88,14.21,9.13,5.08,25.37,9.34,16.03,31.228571428571428,9.834807960455981,11.430000000000001,-58.88,29.62,32.792,14.310485521535199,9.143333333333334,-299.61,50.57,18.31,18.99,-0.9749279121818236,-0.2225209339563146,174,0.14782713347053048,-0.9890132145779883,1.2246467991473532e-16,-1.0,1208.027934979275,979.0,1208.027934979275,977.0,-0.001222195062331899,0
2024-06-23,6,23,6,2024,True,7,False,False,False,False,False,979,1208.027934979275,81.61,6.75,-2.89,9.94,12.83,13.04,8.98,4.06,16.42,10.04,6.38,9.65,10.86,-1.21,36.2,10.03,26.17,30.475714285714282,11.107863366616877,20.42142857142857,4.06,29.62,32.381,14.702682924296962,8.744333333333335,-299.61,50.57,16.42,8.68,-0.7818314824680299,0.6234898018587334,175,0.13079267585675922,-0.9914097417023038,1.2246467991473532e-16,-1.0,1208.027934979275,979.0,1208.027934979275,978.0,-0.0031757664590205126,0
2024-06-24,0,24,6,2024,False,6,False,True,False,False,False,980,1208.027934979275,81.71,6.75,27.07,38.78,11.71,9.94,12.83,-2.89,33.39,9.15,24.24,43.34,11.96,31.38,7.49,13.12,-5.63,29.550000000000004,12.638971477141665,19.097142857142853,-2.89,29.62,31.505666666666666,15.23938311796418,7.775666666666668,-299.61,50.57,33.39,12.97,0.0,1.0,176,0.11371951458594969,-0.9935128947338007,1.2246467991473532e-16,-1.0,1208.027934979275,979.0,1208.027934979275,978.0,-0.002076209086467995,0
2024-06-25,1,25,6,2024,False,5,False,True,False,False,False,980,1208.027934979275,81.81,6.75,29.41,41.05,11.64,38.78,11.71,27.07,39.41,10.2,29.21,38.74,9.52,29.22,13.0,11.81,1.19,30.32,13.068783416982647,19.50142857142857,-2.89,29.62,32.54866666666666,14.596236343739386,8.865666666666668,-299.61,50.57,39.41,26.11,0.7818314824680298,0.6234898018587336,177,0.0966127018812031,-0.9953220513156602,1.2246467991473532e-16,-1.0,1208.027934979275,980.0,1208.027934979275,978.0,0.0006115459882582996,0
2024-06-26,2,26,6,2024,False,4,True,True,False,False,False,980,1208.027934979275,81.79,6.75,40.8,52.68,11.88,41.05,11.64,29.41,37.87,11.76,26.11,58.17,11.46,46.71,36.65,9.43,27.22,30.554285714285715,13.272020515785425,19.53,-2.89,29.62,33.483666666666664,14.1936713637314,9.806333333333335,-299.61,50.57,37.87,40.44,0.9749279121818236,-0.22252093395631434,178,0.07947729992362097,-0.9968366760893436,1.2246467991473532e-16,-1.0,1208.027934979275,980.0,1208.027934979275,978.0,0.0003669275929549798,0
2024-06-27,3,27,6,2024,False,3,True,True,False,False,False,980,1208.027934979275,81.82,6.75,29.62,41.04,11.42,52.68,11.88,40.8,39.82,10.2,29.62,31.05,11.11,19.94,48.41,10.96,37.45,32.67,15.607546251733515,21.628571428571426,-2.89,40.8,34.018,14.612532504904689,10.258999999999999,-299.61,50.57,39.82,34.81,0.43388373911755823,-0.900968867902419,179,0.062318379354325076,-0.998056320853012,1.2246467991473532e-16,-1.0,1208.027934979275,980.0,1208.027934979275,979.0,0.0004891171435557062,0
2024-06-28,4,28,6,2024,False,2,True,True,False,False,False,981,1208.027934979275,81.63,6.75,55.04,65.57,10.53,41.04,11.42,29.62,33.38,10.05,23.33,37.16,11.58,25.58,46.92,9.46,37.46,32.84428571428571,15.707189285104326,21.628571428571426,-2.89,40.8,33.772333333333336,14.422952656558673,9.998,-299.61,50.57,33.38,49.75,-0.433883739117558,-0.9009688679024191,180,0.04514101777397193,-0.9989806246941579,1.2246467991473532e-16,-1.0,1208.027934979275,980.0,1208.027934979275,979.0,-0.0009790723289683223,0
2024-06-29,5,29,6,2024,True,1,True,True,False,False,False,981,1208.027934979275,81.54,6.75,9.89,20.51,10.62,65.57,10.53,55.04,13.04,8.98,4.06,18.31,77.19,-58.88,59.18,8.61,50.57,37.44285714285714,20.012296814946684,26.15857142857143,-2.89,55.04,34.394000000000005,15.379410463567712,10.584000000000001,-299.61,55.04,13.04,38.12,-0.9749279121818236,-0.2225209339563146,181,0.02795029824021032,-0.999609314096404,1.2246467991473532e-16,-1.0,1208.027934979275,981.0,1208.027934979275,979.0,-0.0022026431718060735,0
2024-06-30,6,30,6,2024,True,0,True,True,False,False,False,981,1208.027934979275,81.51,6.75,6.52,16.86,10.34,20.51,10.62,9.89,9.94,12.83,-2.89,16.42,10.04,6.38,46.42,11.39,35.03,38.51,18.64672804184874,26.99142857142857,-2.89,55.04,33.105,14.841502561259142,9.228000000000002,-299.61,55.04,9.94,11.67,-0.7818314824680299,0.6234898018587334,182,0.01075130776352193,-0.9999422030204416,1.2246467991473532e-16,-1.0,1208.027934979275,981.0,1208.027934979275,979.0,-0.0012253400318588126,0
2024-07-01,0,1,7,2024,False,30,False,False,False,False,False,1061,1259.961257532682,81.43,6.75,21.73,37.53,15.8,16.86,10.34,6.52,38.78,11.71,27.07,33.39,9.15,24.24,11.69,12.03,-0.34,39.498571428571424,16.98940594269605,28.335714285714285,6.52,55.04,32.11966666666667,14.908132583473908,8.277666666666667,-299.61,55.04,38.78,12.01,0.0,1.0,183,-0.00645086419810515,-0.9999791929590823,-0.4999999999999997,-0.8660254037844388,1208.027934979275,981.0,1208.027934979275,980.0,-0.0034267531513888505,0
2024-07-02,1,2,7,2024,False,29,False,False,False,False,False,1062,1259.961257532682,81.48,6.75,17.29,30.13,12.84,37.53,15.8,21.73,41.05,11.64,29.41,39.41,10.2,29.21,12.09,11.9,0.19,39.32,17.004779720223805,27.572857142857142,6.52,55.04,32.981,14.42574765886472,9.013333333333334,-299.61,55.04,41.05,43.14,0.7818314824680298,0.6234898018587336,184,-0.023651127245231586,-0.9997202729664083,-0.4999999999999997,-0.8660254037844388,1259.961257532682,1061.0,1208.027934979275,980.0,-0.004033736707004021,0
2024-07-03,2,3,7,2024,False,28,False,False,False,False,False,1062,1259.961257532682,81.64,6.75,21.22,32.82,11.6,30.13,12.84,17.29,52.68,11.88,40.8,37.87,11.76,26.11,47.6,10.23,37.37,37.76,17.317636482307122,25.84142857142857,6.52,55.04,33.58233333333333,13.890966968981422,9.583333333333334,-299.61,55.04,52.68,29.88,0.9749279121818236,-0.22252093395631434,185,-0.04084439154329611,-0.9991655196610109,-0.4999999999999997,-0.8660254037844388,1259.961257532682,1062.0,1208.027934979275,980.0,-0.0018339650324000756,0
2024-07-04,3,4,7,2024,False,27,False,False,False,False,False,1062,1259.961257532682,81.55,6.75,23.11,35.84,12.73,32.82,11.6,21.22,41.04,11.42,29.62,39.82,10.2,29.62,41.69,10.55,31.14,34.92285714285714,16.046052177286207,23.04428571428571,6.52,55.04,33.089666666666666,13.636430032196406,9.045,-299.61,55.04,41.04,33.17,0.43388373911755823,-0.900968867902419,186,-0.05802556932878035,-0.9983150972033183,-0.4999999999999997,-0.8660254037844388,1259.961257532682,1062.0,1208.027934979275,980.0,-0.0032999266682962602,0
2024-07-05,4,5,7,2024,False,26,False,False,True,False,False,1062,1259.961257532682,81.48,6.75,-232.89,49.25,282.14,35.84,12.73,23.11,65.57,10.53,55.04,33.38,10.05,23.33,35.31,334.92,-299.61,34.18,15.834632929120929,22.114285714285717,6.52,55.04,32.894666666666666,13.55076323930928,8.777333333333335,-299.61,55.04,65.57,23.72,-0.433883739117558,-0.9009688679024191,187,-0.07518957641475855,-0.9971692572470178,-0.4999999999999997,-0.8660254037844388,1259.961257532682,1062.0,1208.027934979275,981.0,-0.0018375597206907734,0
2024-07-06,5,6,7,2024,True,25,False,False,False,False,False,1062,1259.961257532682,81.5,6.75,-1.8,12.32,14.12,49.25,282.14,-232.89,20.51,10.62,9.89,13.04,8.98,4.06,36.27,11.15,25.12,31.84857142857143,10.86383515549251,-19.018571428571427,-232.89,23.11,33.35933333333334,13.871650557716695,11.001333333333337,-232.89,55.04,20.51,38.4,-0.9749279121818236,-0.2225209339563146,188,-0.09233133369539122,-0.9957283388645872,-0.4999999999999997,-0.8660254037844388,1259.961257532682,1062.0,1208.027934979275,981.0,-0.0004905567819475376,0
2024-07-07,6,7,7,2024,True,24,False,False,False,False,False,1063,1259.961257532682,81.63,6.75,4.13,15.51,11.38,12.32,14.12,-1.8,16.86,10.34,6.52,9.94,12.83,-2.89,28.55,10.32,18.23,30.678571428571434,12.592041704414532,-20.68857142857143,-232.89,23.11,32.561,14.378287594074987,10.104000000000003,-232.89,55.04,16.86,9.46,-0.7818314824680299,0.6234898018587334,189,-0.10944576864891556,-0.993992768446958,-0.4999999999999997,-0.8660254037844388,1259.961257532682,1062.0,1208.027934979275,981.0,0.0014722119985277615,0
2024-07-08,0,8,7,2024,False,23,False,False,False,False,False,1063,1259.961257532682,81.53,6.75,23.04,35.83,12.79,15.51,11.38,4.13,37.53,15.8,21.73,38.78,11.71,27.07,14.21,9.13,5.08,30.485714285714288,12.846720537609164,-21.029999999999998,-232.89,23.11,32.126333333333335,14.697290269446526,9.634000000000002,-232.89,55.04,37.53,9.81,0.0,1.0,190,-0.12652781683868314,-0.9919630595773397,-0.4999999999999997,-0.8660254037844388,1259.961257532682,1063.0,1259.961257532682,1061.0,0.0012280486307256755,0
2024-07-09,1,9,7,2024,False,22,False,False,False,False,False,1063,1259.961257532682,81.55,6.75,27.75,41.28,13.53,35.83,12.79,23.04,30.13,12.84,17.29,41.05,11.64,29.41,9.65,10.86,-1.21,30.24285714285714,12.70666454304686,-20.842857142857145,-232.89,23.11,32.847,14.313534985918158,10.232666666666667,-232.89,55.04,30.13,30.87,0.7818314824680298,0.6234898018587336,191,-0.1435724234118113,-0.9896398128792412,-0.4999999999999997,-0.8660254037844388,1259.961257532682,1063.0,1259.961257532682,1062.0,0.0008591065292096189,0
2024-07-10,2,10,7,2024,False,21,False,False,False,False,False,1063,1259.961257532682,81.7,6.75,25.85,38.49,12.64,41.28,13.53,27.75,32.82,11.6,21.22,52.68,11.88,40.8,43.34,11.96,31.38,31.83571428571429,13.371620267246197,-19.34857142857143,-232.89,27.75,33.90133333333333,13.697605311307791,11.198,-232.89,55.04,32.82,23.39,0.9749279121818236,-0.22252093395631434,192,-0.16057454459499376,-0.9870237158387383,-0.4999999999999997,-0.8660254037844388,1259.961257532682,1063.0,1259.961257532682,1062.0,0.0007349338559530239,0
2024-07-11,3,11,7,2024,False,20,False,False,False,False,False,1064,1259.961257532682,81.57,6.75,33.91,46.2,12.29,38.49,12.64,25.85,35.84,12.73,23.11,41.04,11.42,29.62,38.74,9.52,29.22,32.645714285714284,13.61077619283446,-18.687142857142856,-232.89,27.75,33.73966666666667,13.610709141456699,11.013666666666667,-232.89,55.04,35.84,32.3,0.43388373911755823,-0.900968867902419,193,-0.17752914918703497,-0.984115542601034,-0.4999999999999997,-0.8660254037844388,1259.961257532682,1063.0,1259.961257532682,1062.0,0.00024524831391770086,0
2024-07-12,4,12,7,2024,False,19,False,False,False,False,False,1064,1259.961257532682,81.46,6.75,23.67,35.86,12.19,46.2,12.29,33.91,49.25,282.14,-232.89,65.57,10.53,55.04,58.17,11.46,46.71,34.12571428571429,14.547060249574924,-17.14428571428571,-232.89,33.91,33.98833333333334,13.772401459223536,11.17,-232.89,55.04,49.25,36.89,-0.433883739117558,-0.9009688679024191,194,-0.19443122004766195,-0.9809161537413774,-0.4999999999999997,-0.8660254037844388,1259.961257532682,1064.0,1259.961257532682,1062.0,-0.00024545900834571643,0
2024-07-13,5,13,7,2024,True,18,False,False,False,False,False,1064,1259.961257532682,81.43,6.75,-1.69,10.41,12.1,35.86,12.19,23.67,12.32,14.12,-1.8,20.51,10.62,9.89,31.05,11.11,19.94,32.21285714285714,13.02786975971863,19.50714285714286,-1.8,33.91,33.24466666666667,13.00245486989583,10.402,-232.89,55.04,12.32,32.67,-0.9749279121818236,-0.2225209339563146,195,-0.2112757555821793,-0.9774264960104055,-0.4999999999999997,-0.8660254037844388,1259.961257532682,1064.0,1259.961257532682,1062.0,-0.0008588957055213342,0
2024-07-14,6,14,7,2024,True,17,False,False,False,False,False,1064,1259.961257532682,81.39,6.75,-0.72,10.77,11.49,10.41,12.1,-1.69,15.51,11.38,4.13,16.86,10.34,6.52,37.16,11.58,25.58,31.939999999999998,13.524483970439217,19.52285714285714,-1.69,33.91,32.556666666666665,13.652404444874772,9.681000000000001,-232.89,55.04,15.51,8.15,-0.7818314824680299,0.6234898018587334,196,-0.2280577712215198,-0.9736476020539838,-0.4999999999999997,-0.8660254037844388,1259.961257532682,1064.0,1259.961257532682,1063.0,-0.0029400955531053707,0
2024-07-15,0,15,7,2024,False,16,False,False,False,True,False,1065,1259.961257532682,81.45,6.75,-33.14,35.87,69.01,10.77,11.49,-0.72,35.83,12.79,23.04,37.53,15.8,21.73,18.31,77.19,-58.88,31.262857142857143,14.562991581729502,18.829999999999995,-1.69,33.91,31.677,14.18536160247962,8.804333333333336,-232.89,55.04,35.83,10.61,0.0,1.0,197,-0.24477230089725957,-0.9695805901076308,-0.4999999999999997,-0.8660254037844388,1259.961257532682,1064.0,1259.961257532682,1063.0,-0.0009812339016312954,0
2024-07-16,1,16,7,2024,False,15,False,False,False,False,False,1065,1259.961257532682,81.47,6.75,17.4,31.53,14.13,35.87,69.01,-33.14,41.28,13.53,27.75,30.13,12.84,17.29,16.42,10.04,6.38,31.268571428571427,14.56509003127163,10.804285714285713,-33.14,33.91,32.26233333333333,13.975515704094857,9.662333333333333,-232.89,55.04,41.28,35.42,0.7818314824680298,0.6234898018587336,198,-0.2614143985111562,-0.965226663665613,-0.4999999999999997,-0.8660254037844388,1259.961257532682,1065.0,1259.961257532682,1063.0,-0.0009809932556713585,0
2024-07-17,2,17,7,2024,False,14,False,False,False,False,False,1065,1259.961257532682,81.33,6.75,30.45,42.5,12.05,31.53,14.13,17.4,38.49,12.64,25.85,32.82,11.6,21.22,33.39,9.15,24.24,29.875714285714288,13.899102917266362,9.325714285714286,-33.14,33.91,32.766,13.653447865674416,10.029666666666667,-232.89,55.04,38.49,22.1,0.9749279121818236,-0.22252093395631434,199,-0.2779791393987801,-0.9605871111248129,-0.4999999999999997,-0.8660254037844388,1259.961257532682,1065.0,1259.961257532682,1063.0,-0.004528763769889865,0
2024-07-18,3,18,7,2024,False,13,False,False,False,False,False,1065,1259.961257532682,81.37,6.75,25.04,36.3,11.26,42.5,12.05,30.45,46.2,12.29,33.91,35.84,12.73,23.11,39.41,10.2,29.21,30.44857142857143,14.387378066174813,9.982857142857142,-33.14,33.91,33.06966666666666,13.76862687750502,10.236666666666668,-232.89,55.04,46.2,25.54,0.43388373911755823,-0.900968867902419,200,-0.2944616217868012,-0.9556633054034704,-0.4999999999999997,-0.8660254037844388,1259.961257532682,1065.0,1259.961257532682,1064.0,-0.00245188181929612,0
2024-07-19,4,19,7,2024,False,12,False,False,False,False,False,1066,1259.961257532682,81.33,6.75,48.95,60.53,11.58,36.3,11.26,25.04,35.86,12.19,23.67,49.25,282.14,-232.89,37.87,11.76,26.11,29.034285714285712,13.00070620792433,8.715714285714286,-33.14,30.45,32.966,13.730899360252367,10.097666666666669,-232.89,55.04,35.86,36.29,-0.433883739117558,-0.9009688679024191,201,-0.3108569682435036,-0.9504567035349151,-0.4999999999999997,-0.8660254037844388,1259.961257532682,1065.0,1259.961257532682,1064.0,-0.00159587527620908,0
2024-07-20,5,20,7,2024,True,11,False,False,False,False,False,1066,1259.961257532682,81.43,6.75,-3.5,10.11,13.61,60.53,11.58,48.95,10.41,12.1,-1.69,12.32,14.12,-1.8,39.82,10.2,29.62,32.558571428571426,17.66614316385201,12.327142857142858,-33.14,48.95,33.721333333333334,14.605383214779891,10.859000000000002,-232.89,55.04,10.41,32.54,-0.9749279121818236,-0.2225209339563146,202,-0.3271603271220951,-0.9449688462364056,-0.4999999999999997,-0.8660254037844388,1259.961257532682,1066.0,1259.961257532682,1064.0,0.0,0
2024-07-21,6,21,7,2024,True,10,False,False,False,False,False,1066,1259.961257532682,81.38,6.75,1.28,14.33,13.05,10.11,13.61,-3.5,10.77,11.49,-0.72,15.51,11.38,4.13,33.38,10.05,23.33,32.51571428571429,17.729081436200506,12.06857142857143,-33.14,48.95,32.731,15.173795322290275,9.755,-232.89,55.04,10.77,11.68,-0.7818314824680299,0.6234898018587334,203,-0.34336687399638804,-0.939201357453208,-0.4999999999999997,-0.8660254037844388,1259.961257532682,1066.0,1259.961257532682,1064.0,-0.00012286521685711538,0
2024-07-22,0,22,7,2024,False,9,False,False,False,False,False,1066,1259.961257532682,81.33,6.75,19.32,32.22,12.9,14.33,13.05,1.28,35.87,69.01,-33.14,35.83,12.79,23.04,13.04,8.98,4.06,33.02428571428571,17.038953271003162,12.354285714285714,-33.14,48.95,32.096,15.539889406254485,9.020000000000001,-232.89,55.04,35.87,15.16,0.0,1.0,204,-0.3594718130884232,-0.9331559438780432,-0.4999999999999997,-0.8660254037844388,1259.961257532682,1066.0,1259.961257532682,1065.0,-0.0014732965009208732,0
2024-07-23,1,23,7,2024,False,8,False,False,False,False,False,1067,1259.961257532682,81.37,6.75,24.22,36.12,11.9,32.22,12.9,19.32,31.53,14.13,17.4,41.28,13.53,27.75,9.94,12.83,-2.89,32.50285714285714,16.99314147363159,19.84857142857143,-3.5,48.95,32.73533333333333,15.117674682837025,9.52866666666667,-232.89,55.04,31.53,33.72,0.7818314824680298,0.6234898018587336,205,-0.3754703786876202,-0.9268343944460494,-0.4999999999999997,-0.8660254037844388,1259.961257532682,1066.0,1259.961257532682,1065.0,-0.00122744568552835,0
2024-07-24,2,24,7,2024,False,7,False,False,False,False,False,1067,1259.961257532682,81.43,6.75,27.57,40.5,12.93,36.12,11.9,24.22,42.5,12.05,30.45,38.49,12.64,25.85,38.78,11.71,27.07,33.15857142857143,17.037843592594548,20.822857142857142,-3.5,48.95,33.608,14.499418394994432,10.432333333333334,-232.89,55.04,42.5,34.89,0.9749279121818236,-0.22252093395631434,206,-0.3913578365610259,-0.9202385798054075,-0.4999999999999997,-0.8660254037844388,1259.961257532682,1067.0,1259.961257532682,1065.0,0.0012295585884667393,0
2024-07-25,3,25,7,2024,False,6,False,False,False,False,False,1067,1259.961257532682,81.47,6.75,14.53,25.98,11.45,40.5,12.93,27.57,36.3,11.26,25.04,46.2,12.29,33.91,41.05,11.64,29.41,32.87285714285714,16.871038018139984,20.41142857142857,-3.5,48.95,33.665333333333336,14.52395446609954,10.449000000000002,-232.89,55.04,36.3,50.49,0.43388373911755823,-0.900968867902419,207,-0.4071294853542516,-0.9133704517637858,-0.4999999999999997,-0.8660254037844388,1259.961257532682,1067.0,1259.961257532682,1065.0,0.0012289541600096765,0
2024-07-26,4,26,7,2024,False,5,False,False,False,False,False,1067,1259.961257532682,81.33,6.75,29.31,41.2,11.89,25.98,11.45,14.53,60.53,11.58,48.95,35.86,12.19,23.67,52.68,11.88,40.8,31.398571428571426,16.972247374828758,18.91,-3.5,48.95,33.163,14.520346283987033,9.953000000000003,-232.89,55.04,60.53,43.25,-0.433883739117558,-0.9009688679024191,208,-0.4227806579826773,-0.9062320427107697,-0.4999999999999997,-0.8660254037844388,1259.961257532682,1067.0,1259.961257532682,1066.0,0.0,0
2024-07-27,5,27,7,2024,True,4,True,False,False,False,False,1068,1259.961257532682,81.38,6.75,14.76,28.22,13.46,41.2,11.89,29.31,10.11,13.61,-3.5,10.41,12.1,-1.69,41.04,11.42,29.62,28.63714285714286,12.398874564902684,16.104285714285712,-3.5,29.31,32.78033333333334,14.13440446358563,9.570000000000002,-232.89,55.04,10.11,38.93,-0.9749279121818236,-0.2225209339563146,209,-0.4383067230125192,-0.898825465016444,-0.4999999999999997,-0.8660254037844388,1259.961257532682,1067.0,1259.961257532682,1066.0,-0.0006140243153630598,0
2024-07-28,6,28,7,2024,True,3,True,False,False,False,False,1068,1259.961257532682,81.29,6.75,5.14,18.47,13.33,28.22,13.46,14.76,14.33,13.05,1.28,10.77,11.49,-0.72,65.57,10.53,55.04,31.224285714285713,9.420353597650278,18.712857142857143,1.28,29.31,32.353,14.069723461243354,9.074666666666669,-232.89,55.04,14.33,16.99,-0.7818314824680299,0.6234898018587334,210,-0.45370308603134424,-0.8911529104063088,-0.4999999999999997,-0.8660254037844388,1259.961257532682,1068.0,1259.961257532682,1066.0,-0.001105922831162287,0
2024-07-29,0,29,7,2024,False,2,True,False,False,False,False,1068,1259.961257532682,81.31,6.75,48.9,59.98,11.08,18.47,13.33,5.14,32.22,12.9,19.32,35.87,69.01,-33.14,20.51,10.62,9.89,31.815714285714286,8.238777937580466,19.264285714285712,5.14,29.31,30.783,12.806488158957439,7.411333333333335,-232.89,48.95,32.22,17.02,0.0,1.0,211,-0.46896519100763184,-0.8832166493127127,-0.4999999999999997,-0.8660254037844388,1259.961257532682,1068.0,1259.961257532682,1066.0,-0.00024591171769328124,0
2024-07-30,1,30,7,2024,False,1,True,False,False,False,False,1068,1259.961257532682,81.2,6.75,57.62,68.84,11.22,59.98,11.08,48.9,36.12,11.9,24.22,31.53,14.13,17.4,16.86,10.34,6.52,35.78142857142857,13.47986205242406,23.490000000000002,5.14,48.9,32.09866666666667,13.710276722812404,8.711666666666668,-232.89,48.95,36.12,40.88,0.7818314824680298,0.6234898018587336,212,-0.48408852163897587,-0.8750190302029955,-0.4999999999999997,-0.8660254037844388,1259.961257532682,1068.0,1259.961257532682,1067.0,-0.002089222072016783,0
2024-07-31,2,31,7,2024,False,0,True,False,False,False,False,1068,1259.961257532682,81.23,6.75,43.23,55.58,12.35,68.84,11.22,57.62,40.5,12.93,27.57,42.5,12.05,30.45,37.53,15.8,21.73,40.455714285714286,18.394075003600946,28.26142857142857,5.14,57.62,33.83133333333333,14.946829379696103,10.415000000000001,-232.89,57.62,40.5,25.61,0.9749279121818236,-0.22252093395631434,213,-0.4990686026885319,-0.8665624788845385,-0.4999999999999997,-0.8660254037844388,1259.961257532682,1068.0,1259.961257532682,1067.0,-0.002456097261451573,0
2024-08-01,3,1,8,2024,False,30,False,False,False,False,False,1069,1242.7518522253438,81.17,6.75,20.13,35.07,14.94,55.58,12.35,43.23,25.98,11.45,14.53,36.3,11.26,25.04,30.13,12.84,17.29,42.61,19.26269018941372,30.49857142857143,5.14,57.62,34.433,15.45548427380813,11.131666666666668,-232.89,57.62,25.98,46.73,0.43388373911755823,-0.900968867902419,214,-0.5139010013093103,-0.8578494977869301,-0.8660254037844384,-0.5000000000000004,1259.961257532682,1068.0,1259.961257532682,1067.0,-0.003682337056585161,0
2024-08-02,4,2,8,2024,False,29,False,False,False,False,False,1069,1242.7518522253438,81.07,6.75,15.47,25.85,10.38,35.07,14.94,20.13,41.2,11.89,29.31,60.53,11.58,48.95,32.82,11.6,21.22,43.90857142857142,18.233659742878007,31.298571428571428,5.14,57.62,34.59766666666667,15.434359717366213,11.226333333333336,-232.89,57.62,41.2,32.7,-0.433883739117558,-0.9009688679024191,215,-0.5285813283559292,-0.8488826652214553,-0.8660254037844384,-0.5000000000000004,1242.7518522253438,1069.0,1259.961257532682,1067.0,-0.0031968523300135443,0
2024-08-03,5,3,8,2024,True,28,False,False,False,False,False,1069,1242.7518522253438,81.12,6.75,2.37,15.3,12.93,25.85,10.38,15.47,28.22,13.46,14.76,10.11,13.61,-3.5,35.84,12.73,23.11,41.715714285714284,19.49321835677126,29.321428571428573,5.14,57.62,34.36533333333333,15.514294350546585,11.034666666666668,-232.89,57.62,28.22,27.03,-0.9749279121818236,-0.2225209339563146,216,-0.5431052396834317,-0.8396646346181327,-0.8660254037844384,-0.5000000000000004,1242.7518522253438,1069.0,1259.961257532682,1068.0,-0.0031948881789136685,0
2024-08-04,6,4,8,2024,True,27,False,False,False,False,False,1069,1242.7518522253438,81.14,6.75,2.39,13.35,10.96,15.3,12.93,2.37,18.47,13.33,5.14,14.33,13.05,1.28,49.25,282.14,-232.89,39.87,21.493108973188015,27.55142857142857,2.37,57.62,33.68066666666667,15.895516377882782,10.343333333333334,-232.89,57.62,18.47,12.73,-0.7818314824680299,0.6234898018587334,217,-0.5574684374327892,-0.8301981337405212,-0.8660254037844384,-0.5000000000000004,1242.7518522253438,1069.0,1259.961257532682,1068.0,-0.0018452454176406397,0
2024-08-05,0,5,8,2024,False,26,False,False,True,False,False,1070,1242.7518522253438,81.09,6.75,-260.92,32.45,293.37,13.35,10.96,2.39,59.98,11.08,48.9,32.22,12.9,19.32,12.32,14.12,-1.8,39.138571428571424,22.410294828174752,27.158571428571427,2.37,57.62,32.484,16.033722350527114,18.186,-33.14,57.62,59.98,10.58,0.0,1.0,218,-0.5716666713027052,-0.8204859638785327,-0.8660254037844384,-0.5000000000000004,1242.7518522253438,1069.0,1259.961257532682,1068.0,-0.002705694256548985,0
2024-08-06,1,6,8,2024,False,25,False,False,False,False,False,1070,1242.7518522253438,81.21,6.75,27.7,39.84,12.14,32.45,293.37,-260.92,68.84,11.22,57.62,36.12,11.9,24.22,15.51,11.38,4.13,35.205714285714286,20.475302893276808,-17.101428571428578,-260.92,57.62,33.155,15.575438611192753,9.548666666666668,-260.92,57.62,68.84,29.46,0.7818314824680298,0.6234898018587336,219,-0.5856957398073508,-0.8105309990194823,-0.8660254037844384,-0.5000000000000004,1242.7518522253438,1070.0,1259.961257532682,1068.0,0.0001231527093594753,0
2024-08-07,2,7,8,2024,False,24,False,False,False,False,False,1070,1242.7518522253438,81.17,6.75,22.99,35.06,12.07,39.84,12.14,27.7,55.58,12.35,43.23,40.5,12.93,27.57,35.83,12.79,23.04,31.062857142857144,14.637262624645963,-21.37571428571429,-260.92,43.23,33.966,15.255124543168623,10.334333333333335,-260.92,57.62,55.58,34.12,0.9749279121818236,-0.22252093395631434,220,-0.5995514915196489,-0.8003361849976323,-0.8660254037844384,-0.5000000000000004,1242.7518522253438,1070.0,1259.961257532682,1068.0,-0.0007386433583651542,0
2024-08-08,3,8,8,2024,False,23,False,False,False,False,False,1070,1242.7518522253438,81.18,6.75,23.48,35.41,11.93,35.06,12.07,22.99,35.07,14.94,20.13,25.98,11.45,14.53,41.28,13.53,27.75,28.131428571428575,10.329816759541979,-24.26714285714286,-260.92,27.7,33.940333333333335,15.252527768646507,10.33266666666667,-260.92,57.62,35.07,24.44,0.43388373911755823,-0.900968867902419,221,-0.6132298262997502,-0.7899045386224707,-0.8660254037844384,-0.5000000000000004,1242.7518522253438,1070.0,1242.7518522253438,1069.0,0.0001231982259455311,0
2024-08-09,4,9,8,2024,False,22,False,False,False,False,False,1071,1242.7518522253438,81.2,6.75,30.82,43.43,12.61,35.41,11.93,23.48,25.85,10.38,15.47,41.2,11.89,29.31,38.49,12.64,25.85,28.18,10.3686064637443,-23.788571428571434,-260.92,27.7,33.74466666666667,15.192658329812998,10.190333333333337,-260.92,57.62,25.85,32.86,-0.433883739117558,-0.9009688679024191,222,-0.6267266965083301,-0.7792391467859886,-0.8660254037844384,-0.5000000000000004,1242.7518522253438,1070.0,1242.7518522253438,1069.0,0.0016035524855064764,0
2024-08-10,5,10,8,2024,True,21,False,False,False,False,False,1071,1242.7518522253438,81.15,6.75,-1.23,10.71,11.94,43.43,12.61,30.82,15.3,12.93,2.37,28.22,13.46,14.76,46.2,12.29,33.91,30.69142857142857,11.747557800909716,-21.595714285714287,-260.92,30.82,33.90933333333333,15.27242634412689,10.356000000000002,-260.92,57.62,15.3,43.51,-0.9749279121818236,-0.2225209339563146,223,-0.6400381082043503,-0.7683431655492202,-0.8660254037844384,-0.5000000000000004,1242.7518522253438,1071.0,1242.7518522253438,1069.0,0.00036982248520711636,0
2024-08-11,6,11,8,2024,True,20,False,False,False,False,False,1071,1242.7518522253438,81.19,6.75,5.58,16.46,10.88,10.71,11.94,-1.23,13.35,10.96,2.39,18.47,13.33,5.14,35.86,12.19,23.67,30.035714285714285,12.828239496182977,-22.110000000000007,-260.92,30.82,32.72633333333333,15.657241462974397,9.184666666666669,-260.92,57.62,13.35,11.74,-0.7818314824680299,0.6234898018587334,224,-0.65316012232693,-0.7572198192083127,-0.8660254037844384,-0.5000000000000004,1242.7518522253438,1071.0,1242.7518522253438,1069.0,0.0006162188809464286,0
2024-08-12,0,12,8,2024,False,19,False,False,False,False,False,1071,1242.7518522253438,81.14,6.75,16.66,30.28,13.62,16.46,10.88,5.58,32.45,293.37,-260.92,59.98,11.08,48.9,10.41,12.1,-1.69,30.48,12.19212587424087,-21.654285714285717,-260.92,30.82,32.07966666666667,15.92174342458013,8.581666666666669,-260.92,57.62,32.45,10.09,0.0,1.0,225,-0.666088855860977,-0.7458723993404063,-0.8660254037844384,-0.5000000000000004,1242.7518522253438,1071.0,1242.7518522253438,1070.0,0.0006165988407942358,0
2024-08-13,1,13,8,2024,False,18,False,False,False,False,False,1072,1242.7518522253438,81.11,6.75,20.97,34.56,13.59,30.28,13.62,16.66,39.84,12.14,27.7,68.84,11.22,57.62,10.77,11.49,-0.72,30.169999999999998,12.161236231019732,18.0,-1.23,30.82,32.742,15.393750724865917,9.193333333333335,-260.92,57.62,39.84,28.14,0.7818314824680298,0.6234898018587336,226,-0.6788204829862355,-0.734304263829602,-0.8660254037844384,-0.5000000000000004,1242.7518522253438,1071.0,1242.7518522253438,1070.0,-0.0012313754463735282,0
2024-08-14,2,14,8,2024,False,17,False,False,False,False,False,1072,1242.7518522253438,81.22,6.75,41.32,55.04,13.72,34.56,13.59,20.97,35.06,12.07,22.99,55.58,12.35,43.23,35.87,69.01,-33.14,29.41571428571429,11.612884880084513,17.038571428571426,-1.23,30.82,33.535,14.825107024094686,9.916333333333334,-260.92,57.62,35.06,7.16,0.9749279121818236,-0.22252093395631434,227,-0.6913512362094071,-0.722518835873311,-0.8660254037844384,-0.5000000000000004,1242.7518522253438,1072.0,1242.7518522253438,1070.0,0.0006159911297276555,0
2024-08-15,3,15,8,2024,False,16,False,False,False,True,True,1072,1242.7518522253438,81.14,6.75,-50.31,11.93,62.24,55.04,13.72,41.32,35.41,11.93,23.48,35.07,14.94,20.13,31.53,14.13,17.4,32.27,15.148553286260286,19.657142857142855,-1.23,41.32,34.174,15.333638162886988,12.398333333333335,-260.92,57.62,35.41,29.46,0.43388373911755823,-0.900968867902419,228,-0.7036774074790128,-0.7105196029692745,-0.8660254037844384,-0.5000000000000004,1242.7518522253438,1072.0,1242.7518522253438,1070.0,-0.0004927322000493062,0
2024-08-16,4,16,8,2024,False,15,False,False,False,False,False,1072,1242.7518522253438,80.94,6.75,26.64,39.63,12.99,11.93,62.24,-50.31,43.43,12.61,30.82,25.85,10.38,15.47,42.5,12.05,30.45,28.91571428571429,16.842255249958722,9.115714285714285,-50.31,41.32,33.52066666666666,15.858743684931897,10.141333333333336,-260.92,57.62,43.43,28.81,-0.433883739117558,-0.9009688679024191,229,-0.7157953492826642,-0.6983101158835584,-0.8660254037844384,-0.5000000000000004,1242.7518522253438,1072.0,1242.7518522253438,1071.0,-0.0032019704433497997,0
2024-08-17,5,17,8,2024,True,14,False,False,False,False,False,1073,1242.7518522253438,81.07,6.75,-1.99,11.51,13.5,39.63,12.99,26.64,10.71,11.94,-1.23,15.3,12.93,2.37,36.3,11.26,25.04,28.372857142857146,16.350524674849343,8.518571428571429,-50.31,41.32,33.425,15.811294250062785,10.014333333333335,-260.92,57.62,10.71,36.36,-0.9749279121818236,-0.2225209339563146,230,-0.7277014757264236,-0.6858939875998223,-0.8660254037844384,-0.5000000000000004,1242.7518522253438,1072.0,1242.7518522253438,1071.0,-0.000985828712261383,0
2024-08-18,6,18,8,2024,True,13,False,False,False,False,False,1073,1242.7518522253438,81.28,6.75,1.01,12.39,11.38,11.51,13.5,-1.99,16.46,10.88,5.58,13.35,10.96,2.39,60.53,11.58,48.95,28.487142857142857,16.20867022541302,8.41,-50.31,41.32,32.59866666666667,16.29621338147952,9.113333333333335,-260.92,57.62,16.46,7.9,-0.7818314824680299,0.6234898018587334,231,-0.7393922635959241,-0.673274892250183,-0.8660254037844384,-0.5000000000000004,1242.7518522253438,1073.0,1242.7518522253438,1071.0,0.0011085109003572402,0
2024-08-19,0,19,8,2024,False,12,False,False,False,False,False,1073,1242.7518522253438,81.24,6.75,26.83,39.46,12.63,12.39,11.38,1.01,30.28,13.62,16.66,32.45,293.37,-260.92,10.11,13.61,-3.5,27.905714285714286,16.775107408640594,7.757142857142858,-50.31,41.32,30.993999999999996,15.814019009770389,7.515333333333334,-260.92,57.62,30.28,12.6,0.0,1.0,232,-0.7508642533989489,-0.6604565640279754,-0.8660254037844384,-0.5000000000000004,1242.7518522253438,1073.0,1242.7518522253438,1071.0,0.0012324377618928573,0
2024-08-20,1,20,8,2024,False,11,False,False,False,False,False,1073,1242.7518522253438,81.09,6.75,26.73,39.2,12.47,39.46,12.63,26.83,34.56,13.59,20.97,39.84,12.14,27.7,14.33,13.05,1.28,29.217142857142854,17.34094741191661,9.209999999999999,-50.31,41.32,31.97233333333333,15.379375280647398,8.526333333333335,-260.92,57.62,34.56,28.8,0.7818314824680298,0.6234898018587336,233,-0.7621140503891487,-0.6474427960827475,-0.8660254037844384,-0.5000000000000004,1242.7518522253438,1073.0,1242.7518522253438,1072.0,-0.00024657872025635186,0
2024-08-21,2,21,8,2024,False,10,False,False,False,False,False,1074,1242.7518522253438,81.06,6.75,23.12,38.31,15.19,39.2,12.47,26.73,55.04,13.72,41.32,35.06,12.07,22.99,32.22,12.9,19.32,29.88,17.66487286490717,10.032857142857141,-50.31,41.32,32.80133333333334,15.062628275792783,9.374666666666668,-260.92,57.62,55.04,33.0,0.9749279121818236,-0.22252093395631434,234,-0.7731383255706026,-0.6342374393978054,-0.8660254037844384,-0.5000000000000004,1242.7518522253438,1073.0,1242.7518522253438,1072.0,-0.001969958138389516,0
2024-08-22,3,22,8,2024,False,9,False,False,False,False,False,1074,1242.7518522253438,81.04,6.75,23.41,38.72,15.31,38.31,15.19,23.12,11.93,62.24,-50.31,35.41,11.93,23.48,36.12,11.9,24.22,27.490000000000002,14.550721631589271,7.432857142857143,-50.31,26.83,33.004333333333335,15.095525183799078,9.501333333333337,-260.92,57.62,11.93,25.17,0.43388373911755823,-0.900968867902419,235,-0.7839338166829201,-0.620844401650647,-0.8660254037844384,-0.5000000000000004,1242.7518522253438,1074.0,1242.7518522253438,1072.0,-0.0012324377618929683,0
2024-08-23,4,23,8,2024,False,8,False,False,False,False,False,1074,1242.7518522253438,81.03,6.75,26.77,37.47,10.7,38.72,15.31,23.41,39.63,12.99,26.64,43.43,12.61,30.82,40.5,12.93,27.57,31.31714285714286,13.240160767258741,17.964285714285715,-1.99,26.83,33.091,15.121470998960826,9.474333333333334,-260.92,57.62,39.63,39.17,-0.433883739117558,-0.9009688679024191,236,-0.7944973291665992,-0.6072676460566135,-0.8660254037844384,-0.5000000000000004,1242.7518522253438,1074.0,1242.7518522253438,1072.0,0.0011119347664938495,0
2024-08-24,5,24,8,2024,True,7,False,False,False,False,False,1074,1242.7518522253438,80.94,6.75,-5.7,10.51,16.21,37.47,10.7,26.77,11.51,13.5,-1.99,10.71,11.94,-1.23,25.98,11.45,14.53,31.00857142857143,13.037757256741463,17.982857142857142,-1.99,26.83,32.99,15.080341165078858,9.447666666666667,-260.92,57.62,11.51,38.58,-0.9749279121818236,-0.2225209339563146,237,-0.8048257371083452,-0.593511190196115,-0.8660254037844384,-0.5000000000000004,1242.7518522253438,1074.0,1242.7518522253438,1073.0,-0.0016035524855062544,0
2024-08-25,6,25,8,2024,True,6,False,False,False,False,False,1074,1242.7518522253438,80.98,6.75,0.89,12.42,11.53,10.51,16.21,-5.7,12.39,11.38,1.01,16.46,10.88,5.58,41.2,11.89,29.31,30.865714285714287,13.29005249192401,17.45285714285714,-5.7,26.83,32.474333333333334,15.584383138773623,8.773333333333335,-260.92,57.62,12.39,12.83,-0.7818314824680299,0.6234898018587334,238,-0.8149159841660791,-0.5795791048257612,-0.8660254037844384,-0.5000000000000004,1242.7518522253438,1074.0,1242.7518522253438,1073.0,-0.0036909448818897017,0
2024-08-26,0,26,8,2024,False,5,False,False,False,False,False,1075,1242.7518522253438,81.03,6.75,31.96,45.91,13.95,12.42,11.53,0.89,39.46,12.63,26.83,30.28,13.62,16.66,28.22,13.46,14.76,30.869999999999997,13.28310455679195,17.435714285714287,-5.7,26.83,31.514999999999997,15.911117724452268,7.826000000000002,-260.92,57.62,39.46,11.91,0.0,1.0,239,-0.8247650844733614,-0.5654755126737576,-0.8660254037844384,-0.5000000000000004,1242.7518522253438,1074.0,1242.7518522253438,1073.0,-0.002584933530280553,0
2024-08-27,1,27,8,2024,False,4,True,False,False,False,False,1075,1242.7518522253438,80.91,6.75,30.21,44.14,13.93,45.91,13.95,31.96,39.2,12.47,26.73,34.56,13.59,20.97,18.47,13.33,5.14,31.791428571428575,14.17224685617568,18.16857142857143,-5.7,31.96,32.10466666666667,16.111330502932162,8.399333333333335,-260.92,57.62,39.2,51.91,0.7818314824680298,0.6234898018587336,240,-0.8343701235229537,-0.5512045872199277,-0.8660254037844384,-0.5000000000000004,1242.7518522253438,1075.0,1242.7518522253438,1073.0,-0.002219755826859182,0
2024-08-28,2,28,8,2024,False,3,True,False,False,False,False,1075,1242.7518522253438,80.96,6.75,43.12,54.57,11.45,44.14,13.93,30.21,38.31,15.19,23.12,55.04,13.72,41.32,59.98,11.08,48.9,32.497142857142855,14.71523894277146,18.665714285714284,-5.7,31.96,32.96033333333333,16.043748698444826,9.235000000000003,-260.92,57.62,38.31,48.09,0.9749279121818236,-0.22252093395631434,241,-0.8437282590292712,-0.5367705514607103,-0.8660254037844384,-0.5000000000000004,1242.7518522253438,1075.0,1242.7518522253438,1074.0,-0.0012336540833951526,0
2024-08-29,3,29,8,2024,False,2,True,False,False,False,False,1075,1242.7518522253438,81.13,6.75,35.44,48.72,13.28,54.57,11.45,43.12,38.72,15.31,23.41,11.93,62.24,-50.31,68.84,11.22,57.62,34.82,16.90602259551314,21.52285714285714,-5.7,43.12,32.78,15.757421896604335,9.042333333333335,-260.92,57.62,38.72,33.49,0.43388373911755823,-0.900968867902419,242,-0.8528367217694595,-0.522177676659508,-0.8660254037844384,-0.5000000000000004,1242.7518522253438,1075.0,1242.7518522253438,1074.0,0.0011105626850935746,0
2024-08-30,4,30,8,2024,False,1,True,False,False,False,False,1076,1242.7518522253438,81.14,6.75,45.09,57.61,12.52,48.72,13.28,35.44,37.47,10.7,26.77,39.63,12.99,26.64,55.58,12.35,43.23,36.248571428571424,17.69461257800564,23.24142857142857,-5.7,43.12,32.10933333333333,14.551762764016928,8.303,-260.92,43.23,37.47,44.52,-0.433883739117558,-0.9009688679024191,243,-0.8616928164028521,-0.5074302810827518,-0.8660254037844384,-0.5000000000000004,1242.7518522253438,1075.0,1242.7518522253438,1074.0,0.0013575219054671184,0
2024-08-31,5,31,8,2024,True,0,True,False,False,False,False,1076,1242.7518522253438,81.11,6.75,5.05,18.43,13.38,57.61,12.52,45.09,10.51,16.21,-5.7,11.51,13.5,-1.99,35.07,14.94,20.13,39.12571428571429,19.47420931826065,25.858571428571427,-5.7,45.09,32.177,14.668914622660267,8.365000000000002,-260.92,45.09,10.51,33.38,-0.9749279121818236,-0.2225209339563146,244,-0.8702939222685674,-0.49253272872205434,-0.8660254037844384,-0.5000000000000004,1242.7518522253438,1076.0,1242.7518522253438,1074.0,0.002100321225599222,0
2024-09-01,6,1,9,2024,True,29,False,False,False,False,False,1076,1245.3784409113684,81.1,6.75,4.74,17.82,13.08,18.43,13.38,5.05,12.42,11.53,0.89,12.39,11.38,1.01,25.85,10.38,15.47,40.25714285714286,17.68220170518532,27.39428571428572,0.89,45.09,31.622333333333334,14.868985931921449,7.862333333333336,-260.92,45.09,12.42,12.09,-0.7818314824680299,0.6234898018587334,245,-0.8786374941610001,-0.4774894280028391,-1.0,-1.8369701987210297e-16,1242.7518522253438,1076.0,1242.7518522253438,1074.0,0.0014818473697209011,0
2024-09-02,0,2,9,2024,False,28,False,False,False,False,False,1076,1245.3784409113684,81.15,6.75,28.34,42.75,14.41,17.82,13.08,4.74,45.91,13.95,31.96,39.46,12.63,26.83,15.3,12.93,2.37,41.028571428571425,16.331537413413226,27.944285714285712,4.74,45.09,31.354666666666667,15.047683687791151,7.504666666666669,-260.92,45.09,45.91,11.29,0.0,1.0,246,-0.886721063082993,-0.46230483047981086,-1.0,-1.8369701987210297e-16,1245.3784409113684,1076.0,1242.7518522253438,1075.0,0.0014809329877822908,0
2024-09-03,1,3,9,2024,False,27,False,False,False,False,False,1077,1245.3784409113684,81.01,6.75,17.92,30.81,12.89,42.75,14.41,28.34,44.14,13.93,30.21,39.2,12.47,26.73,13.35,10.96,2.39,40.57714285714286,16.217393660599683,27.427142857142854,4.74,45.09,32.269666666666666,14.871327766552305,8.370333333333335,-260.92,45.09,44.14,32.94,0.7818314824680298,0.6234898018587336,247,-0.8945422369764496,-0.4469834295196741,-1.0,-1.8369701987210297e-16,1245.3784409113684,1076.0,1242.7518522253438,1075.0,0.0012359411692004496,0
2024-09-04,2,4,9,2024,False,26,False,False,False,False,False,1077,1245.3784409113684,81.03,6.75,31.45,44.03,12.58,30.81,12.89,17.92,54.57,11.45,43.12,38.31,15.19,23.12,32.45,293.37,-260.92,38.67285714285714,16.50930113025761,25.671428571428574,4.74,45.09,32.85166666666667,14.440783263534128,8.888000000000002,-260.92,45.09,54.57,40.75,0.9749279121818236,-0.22252093395631434,248,-0.9020987014301837,-0.43152975897147144,-1.0,-1.8369701987210297e-16,1245.3784409113684,1077.0,1242.7518522253438,1075.0,0.0008646245059289459,0
2024-09-05,3,5,9,2024,False,25,False,False,True,False,False,1077,1245.3784409113684,80.99,6.75,-315.09,33.94,349.03,44.03,12.58,31.45,48.72,13.28,35.44,38.72,15.31,23.41,39.84,12.14,27.7,37.167142857142856,15.250419354109304,24.004285714285714,4.74,45.09,33.23766666666667,14.58373484242025,18.63366666666667,-50.31,45.09,48.72,38.98,0.43388373911755823,-0.900968867902419,249,-0.9093882203647925,-0.4159483918249421,-1.0,-1.8369701987210297e-16,1245.3784409113684,1077.0,1242.7518522253438,1075.0,-0.0017256255392580355,0
2024-09-06,4,6,9,2024,False,24,False,False,False,False,False,1077,1245.3784409113684,81.14,6.75,21.61,35.17,13.56,33.94,349.03,-315.09,57.61,12.52,45.09,37.47,10.7,26.77,35.06,12.07,22.99,35.05571428571428,14.38280670006482,-26.071428571428566,-315.09,45.09,33.041000000000004,14.531317511522799,7.207333333333336,-315.09,45.09,57.61,18.66,-0.433883739117558,-0.9009688679024191,250,-0.9164086366943458,-0.4002439388573056,-1.0,-1.8369701987210297e-16,1245.3784409113684,1077.0,1242.7518522253438,1076.0,0.0,0
2024-09-07,5,7,9,2024,True,23,False,False,False,False,False,1078,1245.3784409113684,81.13,6.75,0.67,14.45,13.78,35.17,13.56,21.61,18.43,13.38,5.05,10.51,16.21,-5.7,35.41,11.93,23.48,31.849999999999998,10.492630747338845,-29.42571428571428,-315.09,31.45,33.044666666666664,14.531858398214132,7.161333333333338,-315.09,45.09,18.43,29.52,-0.9749279121818236,-0.2225209339563146,251,-0.9231578729647039,-0.38442104726885545,-1.0,-1.8369701987210297e-16,1245.3784409113684,1077.0,1242.7518522253438,1076.0,0.00024657872025635186,0
2024-09-08,6,8,9,2024,True,22,False,False,False,False,False,1078,1245.3784409113684,81.26,6.75,0.52,12.5,11.98,14.45,13.78,0.67,17.82,13.08,4.74,12.42,11.53,0.89,43.43,12.61,30.82,31.281428571428567,11.40885975688988,-30.05142857142857,-315.09,31.45,32.346,14.913075863957024,6.401000000000005,-315.09,45.09,17.82,10.62,-0.7818314824680299,0.6234898018587334,252,-0.9296339319682695,-0.3684843993077793,-1.0,-1.8369701987210297e-16,1245.3784409113684,1078.0,1245.3784409113684,1076.0,0.0019728729963008895,0
2024-09-09,0,9,9,2024,False,21,False,False,False,False,False,1078,1245.3784409113684,81.17,6.75,34.29,45.83,11.54,12.5,11.98,0.52,42.75,14.41,28.34,45.91,13.95,31.96,10.71,11.94,-1.23,30.52142857142857,12.572862878134849,-30.65428571428571,-315.09,31.45,31.315,15.18701231656339,5.3910000000000045,-315.09,45.09,42.75,7.98,0.0,1.0,253,-0.9358348973349941,-0.35243871088460327,-1.0,-1.8369701987210297e-16,1245.3784409113684,1078.0,1245.3784409113684,1076.0,0.00024645717806515144,0
2024-09-10,1,10,9,2024,False,20,False,False,False,False,False,1078,1245.3784409113684,81.22,6.75,21.84,33.94,12.1,45.83,11.54,34.29,30.81,12.89,17.92,44.14,13.93,30.21,16.46,10.88,5.58,30.96142857142857,13.114371796584388,-29.804285714285708,-315.09,34.29,32.48566666666667,14.89471132322807,6.575000000000005,-315.09,45.09,30.81,31.79,0.7818314824680298,0.6234898018587336,254,-0.9417589340994617,-0.33628873017668287,-1.0,-1.8369701987210297e-16,1245.3784409113684,1078.0,1245.3784409113684,1077.0,0.0025922725589433426,0
2024-09-11,2,11,9,2024,False,19,False,False,False,False,False,1079,1245.3784409113684,81.25,6.75,22.86,34.91,12.05,33.94,12.1,21.84,44.03,12.58,31.45,54.57,11.45,43.12,30.28,13.62,16.66,31.408571428571427,13.161622783141704,-29.244285714285713,-315.09,34.29,33.068333333333335,14.584862744104495,7.117000000000004,-315.09,45.09,44.03,39.14,0.9749279121818236,-0.22252093395631434,255,-0.9474042892438845,-0.32003923622313857,-1.0,-1.8369701987210297e-16,1245.3784409113684,1078.0,1245.3784409113684,1077.0,0.0027150438109342367,0
2024-09-12,3,12,9,2024,False,18,False,False,False,False,False,1079,1245.3784409113684,81.18,6.75,20.8,34.67,13.87,34.91,12.05,22.86,33.94,349.03,-315.09,48.72,13.28,35.44,34.56,13.59,20.97,30.10571428571428,12.1136793985737,-30.471428571428568,-315.09,34.29,33.22266666666666,14.578835375966754,7.3236666666666705,-315.09,45.09,33.94,25.7,0.43388373911755823,-0.900968867902419,256,-0.9527692922168511,-0.30369503751065885,-1.0,-1.8369701987210297e-16,1245.3784409113684,1079.0,1245.3784409113684,1077.0,0.002345968638103546,0
2024-09-13,4,13,9,2024,False,17,False,False,False,False,False,1079,1245.3784409113684,81.19,6.75,21.11,35.24,14.13,34.67,13.87,20.8,35.17,13.56,21.61,57.61,12.52,45.09,55.04,13.72,41.32,30.210000000000004,12.155260863785152,17.512857142857143,0.52,34.29,33.226333333333336,14.579197150056972,7.318000000000004,-315.09,45.09,35.17,33.21,-0.433883739117558,-0.9009688679024191,257,-0.9578523554276669,-0.28726097055059635,-1.0,-1.8369701987210297e-16,1245.3784409113684,1079.0,1245.3784409113684,1077.0,0.0006162188809464286,0
2024-09-14,5,14,9,2024,True,16,False,False,False,False,False,1079,1245.3784409113684,81.29,6.75,4.03,16.65,12.62,35.24,14.13,21.11,14.45,13.78,0.67,18.43,13.38,5.05,11.93,62.24,-50.31,30.22,12.160049342005166,17.44142857142857,0.52,34.29,32.56633333333333,13.99407201672176,6.644333333333337,-315.09,45.09,14.45,26.51,-0.9749279121818236,-0.2225209339563146,258,-0.9626519747161487,-0.2707418984477642,-1.0,-1.8369701987210297e-16,1245.3784409113684,1079.0,1245.3784409113684,1078.0,0.0019721434734378818,0
2024-09-15,6,15,9,2024,True,15,False,False,False,True,False,1080,1245.3784409113684,81.26,6.75,-68.74,15.29,84.03,16.65,12.62,4.03,12.5,11.98,0.52,17.82,13.08,4.74,39.63,12.99,26.64,30.534285714285716,11.704424885690123,17.92142857142857,0.52,34.29,32.72366666666667,13.778939822920984,8.455666666666671,-315.09,45.09,12.5,9.69,-0.7818314824680299,0.6234898018587334,259,-0.9671667297977312,-0.2541427094613622,-1.0,-1.8369701987210297e-16,1245.3784409113684,1079.0,1245.3784409113684,1078.0,0.0,0
2024-09-16,0,16,9,2024,False,14,False,False,False,False,False,1080,1245.3784409113684,81.13,6.75,38.38,53.09,14.71,15.29,84.03,-68.74,45.83,11.54,34.29,42.75,14.41,28.34,11.51,13.5,-1.99,30.93285714285714,11.015157306012062,8.027142857142858,-68.74,34.29,31.912333333333333,14.071741965869851,5.276333333333338,-315.09,45.09,45.83,14.27,0.0,1.0,260,-0.97139528468375,-0.23746831555846842,-1.0,-1.8369701987210297e-16,1245.3784409113684,1080.0,1245.3784409113684,1078.0,-0.0004927929037822354,0
2024-09-17,1,17,9,2024,False,13,False,False,False,False,False,1080,1245.3784409113684,81.12,6.75,45.54,58.69,13.15,53.09,14.71,38.38,33.94,12.1,21.84,30.81,12.89,17.92,12.39,11.38,1.01,31.97,12.841901468759753,8.611428571428572,-68.74,38.38,33.29833333333333,14.040596579164646,6.622000000000004,-315.09,45.09,33.94,28.35,0.7818314824680298,0.6234898018587336,261,-0.9753363880767837,-0.2207236509605022,-1.0,-1.8369701987210297e-16,1245.3784409113684,1080.0,1245.3784409113684,1078.0,-0.0012312238364934336,0
2024-09-18,2,18,9,2024,False,12,False,False,False,False,False,1080,1245.3784409113684,81.05,6.75,20.59,32.41,11.82,58.69,13.15,45.54,34.91,12.05,22.86,44.03,12.58,31.45,39.46,12.63,26.83,35.505714285714284,16.39133496408279,11.997142857142856,-68.74,45.54,34.84166666666667,14.206766499376808,8.106333333333337,-315.09,45.54,34.91,33.97,0.9749279121818236,-0.22252093395631434,262,-0.9789888737409319,-0.20391367068311472,-1.0,-1.8369701987210297e-16,1245.3784409113684,1080.0,1245.3784409113684,1079.0,-0.002461538461538515,0
2024-09-19,3,19,9,2024,False,11,False,False,False,False,False,1080,1245.3784409113684,81.03,6.75,24.5,39.52,15.02,32.41,11.82,20.59,34.67,13.87,20.8,33.94,349.03,-315.09,39.2,12.47,26.73,35.14857142857143,16.43365898450642,11.672857142857142,-68.74,45.54,34.60666666666667,14.186031821851163,7.898333333333338,-315.09,45.54,34.67,22.32,0.43388373911755823,-0.900968867902419,263,-0.9823516608469237,-0.18704334906991657,-1.0,-1.8369701987210297e-16,1245.3784409113684,1080.0,1245.3784409113684,1079.0,-0.0018477457501848704,0
2024-09-20,4,20,9,2024,False,10,False,False,False,False,False,1081,1245.3784409113684,81.02,6.75,18.82,31.58,12.76,39.52,15.02,24.5,35.24,14.13,21.11,35.17,13.56,21.61,38.31,15.19,23.12,35.84142857142857,16.51217170107298,12.20142857142857,-68.74,45.54,34.617333333333335,14.189724532169386,7.824000000000004,-315.09,45.54,35.24,43.71,-0.433883739117558,-0.9009688679024191,264,-0.9854237542919524,-0.17011767832049052,-1.0,-1.8369701987210297e-16,1245.3784409113684,1080.0,1245.3784409113684,1079.0,-0.00209385392289696,0
2024-09-21,5,21,9,2024,True,9,False,False,False,False,False,1081,1245.3784409113684,80.88,6.75,-1.14,11.87,13.01,31.58,12.76,18.82,16.65,12.62,4.03,14.45,13.78,0.67,38.72,15.31,23.41,35.31857142857143,16.592143149265414,11.874285714285715,-68.74,45.54,34.393,14.182529357118089,7.680666666666671,-315.09,45.54,16.65,34.84,-0.9749279121818236,-0.2225209339563146,265,-0.9882042449941422,-0.15314166701312007,-1.0,-1.8369701987210297e-16,1245.3784409113684,1081.0,1245.3784409113684,1079.0,-0.0050436708082176596,0
2024-09-22,6,22,9,2024,True,8,False,False,False,False,False,1081,1245.3784409113684,80.75,6.75,-0.22,12.19,12.41,11.87,13.01,-1.14,15.29,84.03,-68.74,12.5,11.98,0.52,37.47,10.7,26.77,34.635714285714286,17.55871659807258,11.135714285714286,-68.74,45.54,33.498,14.736433714460532,6.862333333333338,-315.09,45.54,15.29,10.59,-0.7818314824680299,0.6234898018587334,266,-0.9906923101615609,-0.13612033862266704,-1.0,-1.8369701987210297e-16,1245.3784409113684,1081.0,1245.3784409113684,1080.0,-0.006276150627615107,0
2024-09-23,0,23,9,2024,False,7,False,False,False,False,False,1081,1245.3784409113684,80.79,6.75,20.51,32.26,11.75,12.19,12.41,-0.22,53.09,14.71,38.38,45.83,11.54,34.29,10.51,16.21,-5.7,34.19285714285714,18.15687079710758,20.924285714285713,-1.14,45.54,32.65533333333333,15.216442271513351,5.962666666666672,-315.09,45.54,53.09,12.13,0.0,1.0,267,-0.9928872135356962,-0.11905873003404988,-1.0,-1.8369701987210297e-16,1245.3784409113684,1081.0,1245.3784409113684,1080.0,-0.004190804881054944,0
2024-09-24,1,24,9,2024,False,6,False,True,False,False,False,1082,1245.3784409113684,80.75,6.75,21.19,32.29,11.1,32.26,11.75,20.51,58.69,13.15,45.54,33.94,12.1,21.84,12.42,11.53,0.89,31.217142857142854,16.13836806525134,18.37142857142857,-1.14,45.54,33.38033333333333,14.631844224235653,6.8363333333333385,-315.09,45.54,58.69,24.25,0.7818314824680298,0.6234898018587336,268,-0.994788305609327,-0.10196189005174576,-1.0,-1.8369701987210297e-16,1245.3784409113684,1081.0,1245.3784409113684,1080.0,-0.004561143984220917,0
2024-09-25,2,25,9,2024,False,5,False,True,False,False,False,1082,1245.3784409113684,80.54,6.75,24.33,38.02,13.69,32.29,11.1,21.19,32.41,11.82,20.59,34.91,12.05,22.86,45.91,13.95,31.96,27.445714285714285,10.874350336369305,14.892857142857142,-1.14,24.5,34.04266666666667,14.090015768898748,7.513000000000004,-315.09,45.54,32.41,56.07,0.9749279121818236,-0.22252093395631434,269,-0.9963950238187231,-0.08483487790576538,-1.0,-1.8369701987210297e-16,1245.3784409113684,1082.0,1245.3784409113684,1080.0,-0.006292412091301602,0
2024-09-26,3,26,9,2024,False,4,True,True,False,False,False,1082,1245.3784409113684,80.61,6.75,33.56,45.45,11.89,38.02,13.69,24.33,39.52,15.02,24.5,34.67,13.87,20.8,44.14,13.93,30.21,28.247142857142858,11.490462297467579,15.427142857142856,-1.14,24.5,33.779666666666664,13.933633702696467,7.258666666666671,-315.09,45.54,39.52,42.76,0.43388373911755823,-0.900968867902419,270,-0.9977068927101168,-0.06768276175455162,-1.0,-1.8369701987210297e-16,1245.3784409113684,1082.0,1245.3784409113684,1080.0,-0.005183265457238129,0
2024-09-27,4,27,9,2024,False,3,True,True,False,False,False,1082,1245.3784409113684,80.63,6.75,48.39,65.84,17.45,45.45,11.89,33.56,31.58,12.76,18.82,35.24,14.13,21.11,54.57,11.45,43.12,29.094285714285714,12.622874549989085,16.72142857142857,-1.14,33.56,33.82333333333334,13.969228827068008,7.370333333333337,-315.09,45.54,31.58,43.69,-0.433883739117558,-0.9009688679024191,271,-0.9987235240803972,-0.050510617185222886,-1.0,-1.8369701987210297e-16,1245.3784409113684,1082.0,1245.3784409113684,1081.0,-0.004813626265119719,0
2024-09-28,5,28,9,2024,True,2,True,True,False,False,False,1083,1245.3784409113684,80.57,6.75,5.25,16.79,11.54,65.84,17.45,48.39,11.87,13.01,-1.14,16.65,12.62,4.03,48.72,13.28,35.44,33.988571428571426,18.852109898338927,20.945714285714285,-1.14,48.39,34.199,14.679859848527608,7.546000000000005,-315.09,48.39,11.87,41.48,-0.9749279121818236,-0.2225209339563146,272,-0.9994446170919858,-0.033323525711631344,-1.0,-1.8369701987210297e-16,1245.3784409113684,1082.0,1245.3784409113684,1081.0,-0.003832838773491609,0
2024-09-29,6,29,9,2024,True,1,True,True,False,False,False,1083,1245.3784409113684,80.47,6.75,21.49,32.84,11.35,16.79,11.54,5.25,12.19,12.41,-0.22,15.29,84.03,-68.74,57.61,12.52,45.09,34.691428571428574,17.960669464667752,21.858571428571427,-0.22,48.39,33.13466666666667,14.748091573402666,6.539666666666672,-315.09,48.39,12.19,14.29,-0.7818314824680299,0.6234898018587334,273,-0.9998699583618592,-0.016126573270657762,-1.0,-1.8369701987210297e-16,1245.3784409113684,1083.0,1245.3784409113684,1081.0,-0.003467492260061933,0
2024-09-30,0,30,9,2024,False,0,True,True,False,False,False,1083,1245.3784409113684,80.53,6.75,38.63,52.17,13.54,32.84,11.35,21.49,32.26,11.75,20.51,53.09,14.71,38.38,18.43,13.38,5.05,37.64142857142857,15.12012944011114,24.96,5.25,48.39,32.309,14.005261412818362,5.7530000000000046,-315.09,48.39,32.26,13.95,0.0,1.0,274,-0.9999994220246925,0.001075151282798226,-1.0,-1.8369701987210297e-16,1245.3784409113684,1083.0,1245.3784409113684,1081.0,-0.0032182200767422176,0
2024-10-01,1,1,10,2024,False,30,False,False,False,False,False,1083,1378.9767613899014,80.56,6.75,28.93,43.77,14.84,52.17,13.54,38.63,32.29,11.1,21.19,58.69,13.15,45.54,17.82,13.08,4.74,40.48571428571429,15.79662290611816,27.548571428571428,5.25,48.39,33.43366666666667,14.205583526674738,6.872333333333338,-315.09,48.39,32.29,36.84,0.7818314824680298,0.6234898018587336,275,-0.999832969770105,0.018276557681691223,-0.8660254037844386,0.5000000000000001,1245.3784409113684,1083.0,1245.3784409113684,1082.0,-0.0023529411764705577,0
2024-10-02,2,2,10,2024,False,29,False,False,False,False,False,1084,1378.9767613899014,80.75,6.75,21.39,34.22,12.83,43.77,14.84,28.93,38.02,13.69,24.33,32.41,11.82,20.59,42.75,14.41,28.34,42.12571428571429,15.394746784907845,28.654285714285717,5.25,48.39,34.29866666666667,14.010791341783221,7.678666666666671,-315.09,48.39,38.02,39.56,0.9749279121818236,-0.22252093395631434,276,-0.9993706508539969,0.03547255575312556,-0.8660254037844386,0.5000000000000001,1378.9767613899014,1083.0,1245.3784409113684,1082.0,0.0026074000496647542,0
2024-10-03,3,3,10,2024,False,28,False,False,False,False,False,1084,1378.9767613899014,80.79,6.75,45.24,58.74,13.5,34.22,12.83,21.39,45.45,11.89,33.56,39.52,15.02,24.5,30.81,12.89,17.92,41.58285714285715,15.62887254867922,28.23428571428571,5.25,48.39,34.01433333333333,13.919623628317765,7.4470000000000045,-315.09,48.39,45.45,35.12,0.43388373911755823,-0.900968867902419,277,-0.9986126020839734,0.052658056924614005,-0.8660254037844386,0.5000000000000001,1378.9767613899014,1084.0,1245.3784409113684,1082.0,0.0022329735764794467,0
2024-10-04,4,4,10,2024,False,27,False,False,False,False,False,1084,1378.9767613899014,80.82,6.75,42.25,52.85,10.6,58.74,13.5,45.24,65.84,17.45,48.39,31.58,12.76,18.82,44.03,12.58,31.45,43.48142857142857,16.930006328578745,29.90285714285714,5.25,48.39,34.94533333333334,14.614600336256368,8.35766666666667,-315.09,48.39,65.84,38.58,-0.433883739117558,-0.9009688679024191,278,-0.9975590477788613,0.06982797572987089,-0.8660254037844386,0.5000000000000001,1378.9767613899014,1084.0,1245.3784409113684,1082.0,0.0023564430112861245,0
2024-10-05,5,5,10,2024,True,26,False,False,True,False,False,1084,1378.9767613899014,80.8,6.75,-276.31,15.95,292.26,52.85,10.6,42.25,16.79,11.54,5.25,11.87,13.01,-1.14,33.94,349.03,-315.09,41.62571428571429,14.625943681398146,29.025714285714287,5.25,45.24,35.239333333333335,14.889781947254317,8.717666666666672,-315.09,48.39,16.79,32.62,-0.9749279121818236,-0.2225209339563146,279,-0.9962102997023297,0.0869772313136861,-0.8660254037844386,0.5000000000000001,1378.9767613899014,1084.0,1245.3784409113684,1083.0,0.002854660543626819,0
2024-10-06,6,6,10,2024,True,25,False,False,False,False,False,1085,1378.9767613899014,80.87,6.75,0.41,11.87,11.46,15.95,292.26,-276.31,32.84,11.35,21.49,12.19,12.41,-0.22,35.17,13.56,21.61,41.505714285714284,14.865161572328448,-11.197142857142856,-276.31,45.24,34.63966666666667,15.300512383426947,10.010333333333337,-276.31,48.39,32.84,18.39,-0.7818314824680299,0.6234898018587334,280,-0.9945667569706337,0.1041007489354256,-0.8660254037844386,0.5000000000000001,1378.9767613899014,1084.0,1245.3784409113684,1083.0,0.004970796570150426,0
2024-10-07,0,7,10,2024,False,24,False,False,False,False,False,1085,1378.9767613899014,80.92,6.75,34.32,44.88,10.56,11.87,11.46,0.41,52.17,13.54,38.63,32.26,11.75,20.51,14.45,13.78,0.67,38.51,18.55711453863454,-14.208571428571428,-276.31,45.24,33.863,15.854015949409701,9.30366666666667,-276.31,48.39,52.17,9.28,0.0,1.0,281,-0.9926289059345095,0.121193461470736,-0.8660254037844386,0.5000000000000001,1378.9767613899014,1085.0,1245.3784409113684,1083.0,0.004842915683596072,0
2024-10-08,1,8,10,2024,False,23,False,False,False,False,False,1085,1378.9767613899014,81.02,6.75,22.4,35.31,12.91,44.88,10.56,34.32,43.77,14.84,28.93,32.29,11.1,21.19,12.5,11.98,0.52,37.46857142857142,17.853983149026316,-14.824285714285717,-276.31,45.24,34.87733333333333,15.53948073808113,10.425333333333338,-276.31,48.39,43.77,44.14,0.7818314824680298,0.6234898018587336,282,-0.9903973200352558,0.1382503109109819,-0.8660254037844386,0.5000000000000001,1378.9767613899014,1085.0,1378.9767613899014,1083.0,0.005710029791459625,0
2024-10-09,2,9,10,2024,False,22,False,False,False,False,False,1085,1378.9767613899014,80.98,6.75,46.02,56.22,10.2,35.31,12.91,22.4,34.22,12.83,21.39,38.02,13.69,24.33,45.83,11.54,34.29,36.260000000000005,17.641405839671656,-15.757142857142858,-276.31,45.24,35.63766666666667,14.953822411431887,11.15466666666667,-276.31,48.39,34.22,45.0,0.9749279121818236,-0.22252093395631434,283,-0.9878726596350429,0.15526624985999563,-0.8660254037844386,0.5000000000000001,1378.9767613899014,1085.0,1378.9767613899014,1084.0,0.0028482972136223417,0
2024-10-10,3,10,10,2024,False,21,False,False,False,False,False,1086,1378.9767613899014,80.94,6.75,38.79,49.98,11.19,56.22,10.2,46.02,58.74,13.5,45.24,45.45,11.89,33.56,33.94,12.1,21.84,39.40285714285715,19.11549259482629,-12.238571428571428,-276.31,46.02,35.984,15.313998239158979,11.545666666666671,-276.31,48.39,58.74,30.17,0.43388373911755823,-0.900968867902419,284,-0.9850556718215013,0.172236243027682,-0.8660254037844386,0.5000000000000001,1378.9767613899014,1085.0,1378.9767613899014,1084.0,0.0018566654288896256,0
2024-10-11,4,11,10,2024,False,20,False,False,False,False,False,1086,1378.9767613899014,80.9,6.75,31.85,43.96,12.11,49.98,11.19,38.79,52.85,10.6,42.25,65.84,17.45,48.39,34.91,12.05,22.86,38.151428571428575,17.88575171150812,-13.16,-276.31,46.02,36.51866666666667,15.518811439854078,12.11066666666667,-276.31,48.39,52.85,52.54,-0.433883739117558,-0.9009688679024191,285,-0.981947190186646,0.18915526872004093,-0.8660254037844386,0.5000000000000001,1378.9767613899014,1086.0,1378.9767613899014,1084.0,0.0009898539965356168,0
2024-10-12,5,12,10,2024,True,19,False,False,False,False,False,1086,1378.9767613899014,80.97,6.75,-2.0,9.75,11.75,43.96,12.11,31.85,15.95,292.26,-276.31,16.79,11.54,5.25,34.67,13.87,20.8,36.881428571428565,16.959765553186426,-14.645714285714288,-276.31,46.02,36.82033333333333,15.574323804070005,12.410333333333337,-276.31,48.39,15.95,42.08,-0.9749279121818236,-0.2225209339563146,286,-0.9785481345802031,0.20601832032517084,-0.8660254037844386,0.5000000000000001,1378.9767613899014,1086.0,1378.9767613899014,1084.0,0.0021039603960395503,0
2024-10-13,6,13,10,2024,True,18,False,False,False,False,False,1086,1378.9767613899014,81.09,6.75,-0.62,12.67,13.29,9.75,11.75,-2.0,11.87,11.46,0.41,32.84,11.35,21.49,35.24,14.13,21.11,35.995714285714286,18.34075685201576,24.541428571428572,-2.0,46.02,35.98966666666667,16.338769312395502,11.65033333333334,-276.31,48.39,11.87,14.66,-0.7818314824680299,0.6234898018587334,287,-0.9748595108374125,0.22282040779479959,-0.8660254037844386,0.5000000000000001,1378.9767613899014,1086.0,1378.9767613899014,1085.0,0.0027204154816371506,0
2024-10-14,0,14,10,2024,False,17,False,False,False,False,False,1086,1378.9767613899014,81.05,6.75,35.73,48.9,13.17,12.67,13.29,-0.62,44.88,10.56,34.32,52.17,13.54,38.63,16.65,12.62,4.03,36.11,18.167037916695932,24.39428571428571,-2.0,46.02,35.23733333333334,16.884976781729346,10.926000000000005,-276.31,48.39,44.88,12.37,0.0,1.0,288,-0.9708824104813836,0.23955655912092708,-0.8660254037844386,0.5000000000000001,1378.9767613899014,1086.0,1378.9767613899014,1085.0,0.0016065249629262368,0
2024-10-15,1,15,10,2024,False,16,False,False,False,True,False,1087,1378.9767613899014,81.02,6.75,-25.84,53.75,79.59,48.9,13.17,35.73,35.31,12.91,22.4,43.77,14.84,28.93,15.29,84.03,-68.74,36.684285714285714,18.549978308291802,24.595714285714287,-2.0,46.02,36.31233333333333,16.686233781656384,11.982666666666669,-276.31,48.39,35.31,33.83,0.7818314824680298,0.6234898018587336,289,-0.9666180104000972,0.2562218218071163,-0.8660254037844386,0.5000000000000001,1378.9767613899014,1086.0,1378.9767613899014,1085.0,0.0,0
2024-10-16,2,16,10,2024,False,15,False,False,False,False,False,1087,1378.9767613899014,81.04,6.75,38.98,52.76,13.78,53.75,79.59,-25.84,56.22,10.2,46.02,34.22,12.83,21.39,53.09,14.71,38.38,39.31857142857143,19.601802152328982,17.704285714285714,-25.84,46.02,37.59433333333333,16.49170066789774,13.41266666666667,-276.31,48.39,56.22,33.88,0.9749279121818236,-0.22252093395631434,290,-0.9620675724981452,0.27281126433401914,-0.8660254037844386,0.5000000000000001,1378.9767613899014,1087.0,1378.9767613899014,1085.0,0.0007409236848605616,0
2024-10-17,3,17,10,2024,False,14,False,False,False,False,False,1087,1378.9767613899014,81.02,6.75,18.11,32.44,14.33,52.76,13.78,38.98,49.98,11.19,38.79,58.74,13.5,45.24,58.69,13.15,45.54,38.824285714285715,19.142828820163874,16.698571428571427,-25.84,38.98,37.583333333333336,16.48111528142251,13.432666666666671,-276.31,48.39,49.98,37.74,0.43388373911755823,-0.900968867902419,291,-0.957232443323312,0.28931997761869527,-0.8660254037844386,0.5000000000000001,1378.9767613899014,1087.0,1378.9767613899014,1086.0,0.0009883864591055946,0
2024-10-18,4,18,10,2024,False,13,False,False,False,False,False,1087,1378.9767613899014,81.1,6.75,32.84,45.62,12.78,32.44,14.33,18.11,43.96,12.11,31.85,52.85,10.6,42.25,32.41,11.82,20.59,36.31857142857143,18.578869205427495,13.744285714285713,-25.84,38.98,36.708333333333336,16.01204440700664,12.518333333333338,-276.31,48.39,43.96,45.27,-0.433883739117558,-0.9009688679024191,292,-0.9521140536681102,0.3057430764672831,-0.8660254037844386,0.5000000000000001,1378.9767613899014,1087.0,1378.9767613899014,1086.0,0.0024721878862792313,0
2024-10-19,5,19,10,2024,True,12,False,False,False,False,False,1088,1378.9767613899014,80.92,6.75,4.97,18.16,13.19,45.62,12.78,32.84,9.75,11.75,-2.0,15.95,292.26,-276.31,39.52,15.02,24.5,36.55571428571428,18.702841902718855,13.885714285714284,-25.84,38.98,37.14866666666667,16.071292404166766,12.926666666666671,-276.31,48.39,9.75,36.34,-0.9749279121818236,-0.2225209339563146,293,-0.9467139181463862,0.3220757010206104,-0.8660254037844386,0.5000000000000001,1378.9767613899014,1087.0,1378.9767613899014,1086.0,-0.0006175126590094449,0
2024-10-20,6,20,10,2024,True,11,False,False,False,False,False,1088,1378.9767613899014,80.85,6.75,-2.25,11.22,13.47,18.16,13.19,4.97,12.67,13.29,-0.62,11.87,11.46,0.41,31.58,12.76,18.82,37.75714285714286,16.874683912383617,14.88142857142857,-25.84,38.98,36.43666666666666,16.43172359279098,12.27566666666667,-276.31,48.39,12.67,10.45,-0.7818314824680299,0.6234898018587334,294,-0.9410336347451197,0.3383130181923076,-0.8660254037844386,0.5000000000000001,1378.9767613899014,1088.0,1378.9767613899014,1086.0,-0.002959674435812132,0
2024-10-21,0,21,10,2024,False,10,False,False,False,False,False,1088,1378.9767613899014,80.79,6.75,30.17,43.15,12.98,11.22,13.47,-2.25,48.9,13.17,35.73,44.88,10.56,34.32,11.87,13.01,-1.14,37.550000000000004,17.238931714774786,14.648571428571428,-25.84,38.98,35.758,17.048126684427082,11.573333333333336,-276.31,48.39,48.9,14.28,0.0,1.0,295,-0.9350748843515574,0.3544502230989869,-0.8660254037844386,0.5000000000000001,1378.9767613899014,1088.0,1378.9767613899014,1086.0,-0.0032078963602713007,0
2024-10-22,1,22,10,2024,False,9,False,False,False,False,False,1088,1378.9767613899014,80.6,6.75,33.09,45.39,12.3,43.15,12.98,30.17,53.75,79.59,-25.84,35.31,12.91,22.4,12.19,12.41,-0.22,36.728571428571435,16.73767649005427,13.854285714285714,-25.84,38.98,36.800666666666665,16.483963561978726,12.617000000000003,-276.31,48.39,53.75,41.52,0.7818314824680298,0.6234898018587336,296,-0.9288394302558068,0.3704825404820963,-0.8660254037844386,0.5000000000000001,1378.9767613899014,1088.0,1378.9767613899014,1087.0,-0.005183905208590467,0
2024-10-23,2,23,10,2024,False,8,False,False,False,False,False,1089,1378.9767613899014,80.53,6.75,28.54,40.93,12.39,45.39,12.3,33.09,52.76,13.78,38.98,56.22,10.2,46.02,32.26,11.75,20.51,35.534285714285716,15.578863733857364,22.27285714285714,-2.25,38.98,37.907333333333334,15.878049244667631,13.72733333333334,-276.31,48.39,52.76,39.58,0.9749279121818236,-0.22252093395631434,297,-0.9223291176290545,0.3864052261209853,-0.8660254037844386,0.5000000000000001,1378.9767613899014,1088.0,1378.9767613899014,1087.0,-0.006293188548864848,0
2024-10-24,3,24,10,2024,False,7,False,False,False,False,False,1089,1378.9767613899014,80.45,6.75,19.16,30.96,11.8,40.93,12.39,28.54,32.44,14.33,18.11,49.98,11.19,38.79,32.29,11.1,21.19,33.84428571428572,13.955893447026694,20.78142857142857,-2.25,33.09,38.196333333333335,15.85059500315434,13.995000000000005,-276.31,48.39,32.44,40.23,0.43388373911755823,-0.900968867902419,298,-0.9155458729775467,0.40221356823680365,-0.8660254037844386,0.5000000000000001,1378.9767613899014,1089.0,1378.9767613899014,1087.0,-0.007035299925944094,0
2024-10-25,4,25,10,2024,False,6,False,False,False,False,False,1089,1378.9767613899014,80.44,6.75,27.39,40.75,13.36,30.96,11.8,19.16,45.62,12.78,32.84,43.96,12.11,31.85,38.02,13.69,24.33,33.63285714285714,13.991878256433546,20.931428571428572,-2.25,33.09,38.152,15.86953303095866,13.927333333333337,-276.31,48.39,45.62,33.5,-0.433883739117558,-0.9009688679024191,299,-0.9084917035725082,0.41790288888678667,-0.8660254037844386,0.5000000000000001,1378.9767613899014,1089.0,1378.9767613899014,1087.0,-0.008138101109741003,0
2024-10-26,5,26,10,2024,True,5,False,False,False,False,False,1089,1378.9767613899014,80.53,6.75,1.57,14.26,12.69,40.75,13.36,27.39,18.16,13.19,4.97,9.75,11.75,-2.0,45.45,11.89,33.56,32.93714285714286,13.405284672205127,20.15285714285714,-2.25,33.09,38.243,15.876575707843768,14.029333333333337,-276.31,48.39,18.16,43.15,-0.9749279121818236,-0.2225209339563146,300,-0.9011686968561569,0.4334685453485363,-0.8660254037844386,0.5000000000000001,1378.9767613899014,1089.0,1378.9767613899014,1088.0,-0.0048195748887790435,0
2024-10-27,6,27,10,2024,True,4,True,False,False,False,False,1090,1378.9767613899014,80.51,6.75,9.35,21.35,12.0,14.26,12.69,1.57,11.22,13.47,-2.25,12.67,13.29,-0.62,65.84,17.45,48.39,32.38,14.180437228802239,19.66714285714286,-2.25,33.09,37.20333333333334,16.400925401421322,12.963000000000003,-276.31,48.39,11.22,15.27,-0.7818314824680299,0.6234898018587334,301,-0.8935790198239952,0.4489059314938798,-0.8660254037844386,0.5000000000000001,1378.9767613899014,1089.0,1378.9767613899014,1088.0,-0.004205318491032672,0
2024-10-28,0,28,10,2024,False,3,True,False,False,False,False,1090,1378.9767613899014,80.42,6.75,44.61,56.61,12.0,21.35,12.0,9.35,43.15,12.98,30.17,48.9,13.17,35.73,16.79,11.54,5.25,33.82714285714286,12.01224751976878,21.324285714285715,1.57,33.09,35.72033333333333,15.719536600025434,11.66166666666667,-276.31,46.02,43.15,13.3,0.0,1.0,302,-0.8857249183835637,0.4642104791518923,-0.8660254037844386,0.5000000000000001,1378.9767613899014,1090.0,1378.9767613899014,1088.0,-0.0045797747245946985,0
2024-10-29,1,29,10,2024,False,2,True,False,False,False,False,1090,1378.9767613899014,80.42,6.75,46.49,57.85,11.36,56.61,12.0,44.61,45.39,12.3,33.09,53.75,79.59,-25.84,32.84,11.35,21.49,35.75,14.560367440418561,23.38714285714286,1.57,44.61,37.04766666666667,15.747115046853793,12.97366666666667,-276.31,46.02,45.39,53.23,0.7818314824680298,0.6234898018587336,303,-0.8776087166898392,0.4793776594606945,-0.8660254037844386,0.5000000000000001,1378.9767613899014,1090.0,1378.9767613899014,1088.0,-0.0022332506203472935,0
2024-10-30,2,30,10,2024,False,1,True,False,False,False,False,1090,1378.9767613899014,80.5,6.75,48.07,62.21,14.14,57.85,11.36,46.49,40.93,12.39,28.54,52.76,13.78,38.98,52.17,13.54,38.63,37.529999999999994,16.559626606096366,25.301428571428573,1.57,46.49,37.88133333333334,16.17294457085513,13.807000000000004,-276.31,46.49,40.93,50.25,0.9749279121818236,-0.22252093395631434,304,-0.8692328164574792,0.49440298420761813,-0.8660254037844386,0.5000000000000001,1378.9767613899014,1090.0,1378.9767613899014,1089.0,-0.00037253197566122775,0
2024-10-31,3,31,10,2024,False,0,True,False,False,False,True,1091,1378.9767613899014,80.43,6.75,4.03,16.96,12.93,62.21,14.14,48.07,30.96,11.8,19.16,32.44,14.33,18.11,43.77,14.84,28.93,40.57,19.053340039653634,28.091428571428573,1.57,48.07,38.216,16.577631293714525,14.12166666666667,-276.31,48.07,30.96,33.93,0.43388373911755823,-0.900968867902419,305,-0.8605996962501181,0.5092820071573356,-0.8660254037844386,0.5000000000000001,1378.9767613899014,1090.0,1378.9767613899014,1089.0,-0.0002486016159104487,0
2024-11-01,4,1,11,2024,False,29,False,False,False,False,False,1091,1432.563533466851,80.35,6.75,31.04,42.49,11.45,16.96,12.93,4.03,40.75,13.36,27.39,45.62,12.78,32.84,34.22,12.83,21.39,38.57,20.877653923114416,25.930000000000003,1.57,48.07,37.32233333333333,16.98552054430237,13.29166666666667,-276.31,48.07,40.75,21.57,-0.433883739117558,-0.9009688679024191,306,-0.8517119107469189,0.5240103253675756,-0.5000000000000004,0.8660254037844384,1378.9767613899014,1091.0,1378.9767613899014,1089.0,-0.0011188463451019537,0
2024-11-02,5,2,11,2024,True,28,False,False,False,False,False,1091,1432.563533466851,80.4,6.75,1.06,14.59,13.53,42.49,11.45,31.04,14.26,12.69,1.57,18.16,13.19,4.97,58.74,13.5,45.24,38.81857142857143,20.918253933324575,26.451428571428572,1.57,48.07,37.598,17.00053739515714,13.613333333333337,-276.31,48.07,14.26,29.34,-0.9749279121818236,-0.2225209339563146,307,-0.8425720899866032,0.5385835804920232,-0.5000000000000004,0.8660254037844384,1432.563533466851,1091.0,1378.9767613899014,1089.0,-0.0016143052278653203,0
2024-11-03,6,3,11,2024,True,27,False,False,False,False,False,1091,1432.563533466851,80.38,6.75,4.17,15.97,11.8,14.59,13.53,1.06,21.35,12.0,9.35,11.22,13.47,-2.25,52.85,10.6,42.25,38.86571428571428,20.85395554576549,26.37857142857143,1.06,48.07,36.126333333333335,17.018184692554136,12.14066666666667,-276.31,48.07,21.35,15.73,-0.7818314824680299,0.6234898018587334,308,-0.8331829385891785,0.5529974600700271,-0.5000000000000004,0.8660254037844384,1432.563533466851,1091.0,1378.9767613899014,1090.0,-0.0016147062476712382,0
2024-11-04,0,4,11,2024,False,26,False,False,False,False,False,1092,1432.563533466851,80.43,6.75,20.92,31.77,10.85,15.97,11.8,4.17,56.61,12.0,44.61,43.15,12.98,30.17,15.95,292.26,-276.31,38.097142857142856,21.689488017843846,25.638571428571428,1.06,48.07,34.897000000000006,17.10031117885848,10.871333333333336,-276.31,48.07,56.61,11.4,0.0,1.0,309,-0.8235472349556007,0.5672476988027229,-0.5000000000000004,0.8660254037844384,1432.563533466851,1091.0,1378.9767613899014,1090.0,0.00012434717731912848,0
2024-11-05,1,5,11,2024,False,25,False,False,True,False,False,1092,1432.563533466851,80.43,6.75,-297.18,48.91,346.09,31.77,10.85,20.92,57.85,11.36,46.49,45.39,12.3,33.09,11.87,11.46,0.41,34.54857142857143,20.131913660132973,22.254285714285714,1.06,48.07,35.42433333333334,16.73592618895942,20.779,-25.84,48.07,57.85,39.18,0.7818314824680298,0.6234898018587336,310,-0.8136678304455991,0.5813300798152042,-0.5000000000000004,0.8660254037844384,1432.563533466851,1092.0,1378.9767613899014,1090.0,0.00012434717731912848,0
2024-11-06,2,6,11,2024,False,24,False,False,False,False,False,1092,1432.563533466851,80.49,6.75,33.04,44.88,11.84,48.91,346.09,-297.18,62.21,14.14,48.07,40.93,12.39,28.54,44.88,10.56,34.32,33.27142857142857,18.63527160035636,-26.84142857142857,-297.18,48.07,36.659,16.298899973459136,10.859333333333336,-297.18,48.07,62.21,28.59,0.9749279121818236,-0.22252093395631434,311,-0.8035476485339116,0.5952404359043674,-0.5000000000000004,0.8660254037844384,1432.563533466851,1092.0,1378.9767613899014,1090.0,-0.00012422360248454112,0
2024-11-07,3,7,11,2024,False,23,False,False,False,False,False,1092,1432.563533466851,80.4,6.75,33.22,45.21,11.99,44.88,11.84,33.04,16.96,12.93,4.03,30.96,11.8,19.16,35.31,12.91,22.4,30.795714285714286,14.933485702879137,-28.988571428571426,-297.18,33.04,36.659,16.298899973459136,10.81666666666667,-297.18,48.07,16.96,47.58,0.43388373911755823,-0.900968867902419,312,-0.7931896839451843,0.6089746507720486,-0.5000000000000004,0.8660254037844384,1432.563533466851,1092.0,1378.9767613899014,1091.0,-0.00037299515106303804,0
2024-11-08,4,8,11,2024,False,22,False,False,False,False,False,1092,1432.563533466851,80.4,6.75,40.82,53.36,12.54,45.21,11.99,33.22,42.49,11.45,31.04,40.75,13.36,27.39,56.22,10.2,46.02,34.83142857142857,14.378164496406182,-24.818571428571428,-297.18,33.22,36.989000000000004,16.37070856638514,11.177333333333337,-297.18,48.07,42.49,35.78,-0.433883739117558,-0.9009688679024191,313,-0.7825970017677834,0.6225286602431057,-0.5000000000000004,0.8660254037844384,1432.563533466851,1092.0,1432.563533466851,1091.0,0.0006222775357811461,0
2024-11-09,5,9,11,2024,True,21,False,False,False,False,False,1093,1432.563533466851,80.39,6.75,-2.97,11.05,14.02,53.36,12.54,40.82,14.59,13.53,1.06,14.26,12.69,1.57,49.98,11.19,38.79,36.38428571428572,15.854359923107262,-23.42142857142857,-297.18,40.82,36.893666666666675,16.2628288847092,11.004000000000003,-297.18,48.07,14.59,38.69,-0.9749279121818236,-0.2225209339563146,314,-0.7717727365467837,0.6358984534680745,-0.5000000000000004,0.8660254037844384,1432.563533466851,1092.0,1432.563533466851,1091.0,-0.00012437810945276073,0
2024-11-10,6,10,11,2024,True,20,False,False,False,False,False,1093,1432.563533466851,80.29,6.75,-1.52,11.01,12.53,11.05,14.02,-2.97,15.97,11.8,4.17,21.35,12.0,9.35,43.96,12.11,31.85,35.878571428571426,16.699347720366667,-23.997142857142855,-297.18,40.82,35.596000000000004,16.729112885357473,9.612000000000004,-297.18,48.07,15.97,19.53,-0.7818314824680299,0.6234898018587334,315,-0.7607200913564104,0.6490800741100398,-0.5000000000000004,0.8660254037844384,1432.563533466851,1093.0,1432.563533466851,1091.0,-0.0011196815128140525,0
2024-11-11,0,11,11,2024,False,19,False,False,False,False,False,1093,1432.563533466851,80.16,6.75,36.06,47.15,11.09,11.01,12.53,-1.52,31.77,10.85,20.92,56.61,12.0,44.61,9.75,11.75,-2.0,35.17,17.756639133950276,-24.81,-297.18,40.82,34.49766666666667,17.235046628856267,8.49966666666667,-297.18,48.07,31.77,4.22,0.0,1.0,316,-0.7494423368521953,0.6620696215153815,-0.5000000000000004,0.8660254037844384,1432.563533466851,1093.0,1432.563533466851,1092.0,-0.0033569563595674534,0
2024-11-12,1,12,11,2024,False,18,False,False,False,False,False,1093,1432.563533466851,80.22,6.75,31.63,44.83,13.2,47.15,11.09,36.06,48.91,346.09,-297.18,57.85,11.36,46.49,12.67,13.29,-0.62,37.36714285714286,18.211524477910274,-22.647142857142853,-297.18,40.82,35.74433333333333,16.72842649469772,9.768333333333338,-297.18,48.07,48.91,34.75,0.7818314824680298,0.6234898018587336,317,-0.7379428103031386,0.6748632518680403,-0.5000000000000004,0.8660254037844384,1432.563533466851,1093.0,1432.563533466851,1092.0,-0.0026109660574413773,0
2024-11-13,2,13,11,2024,False,17,False,False,False,False,False,1094,1432.563533466851,80.19,6.75,34.36,46.28,11.92,44.83,13.2,31.63,44.88,11.84,33.04,62.21,14.14,48.07,48.9,13.17,35.73,36.784285714285716,17.842068132312928,24.32571428571429,-2.97,40.82,36.81633333333333,16.221544100008003,10.843333333333337,-297.18,48.07,44.88,33.0,0.9749279121818236,-0.22252093395631434,318,-0.7262249146041543,0.6874571793269664,-0.5000000000000004,0.8660254037844384,1432.563533466851,1093.0,1432.563533466851,1092.0,-0.003727171077152369,0
2024-11-14,3,14,11,2024,False,16,False,False,False,False,False,1094,1432.563533466851,80.11,6.75,26.18,41.3,15.12,46.28,11.92,34.36,45.21,11.99,33.22,16.96,12.93,4.03,53.75,79.59,-25.84,36.98428571428571,17.955428016009435,24.514285714285716,-2.97,40.82,36.729000000000006,16.161185376036602,10.79766666666667,-297.18,48.07,45.21,34.63,0.43388373911755823,-0.900968867902419,319,-0.7142921172691032,0.699847677146407,-0.5000000000000004,0.8660254037844384,1432.563533466851,1094.0,1432.563533466851,1092.0,-0.003606965174129395,0
2024-11-15,4,15,11,2024,False,15,False,False,False,True,False,1094,1432.563533466851,80.1,6.75,-21.92,50.59,72.51,41.3,15.12,26.18,53.36,12.54,40.82,42.49,11.45,31.04,52.76,13.78,38.98,36.425714285714285,17.716110236300832,23.508571428571432,-2.97,40.82,36.314,15.866192990128374,12.531666666666672,-297.18,48.07,53.36,40.25,-0.433883739117558,-0.9009688679024191,320,-0.7021479494046978,0.7120310787787131,-0.5000000000000004,0.8660254037844384,1432.563533466851,1094.0,1432.563533466851,1092.0,-0.003731343283582267,0
2024-11-16,5,16,11,2024,True,14,False,False,False,False,False,1094,1432.563533466851,80.19,6.75,8.57,18.58,10.01,50.59,72.51,-21.92,11.05,14.02,-2.97,14.59,13.53,1.06,32.44,14.33,18.11,36.029999999999994,17.300887260484682,14.545714285714288,-21.92,36.06,36.24166666666667,15.793410472973052,10.50166666666667,-297.18,48.07,11.05,36.03,-0.9749279121818236,-0.2225209339563146,321,-0.6897960046655887,0.7240037789593305,-0.5000000000000004,0.8660254037844384,1432.563533466851,1094.0,1432.563533466851,1093.0,-0.0024878716258240896,0
2024-11-17,6,17,11,2024,True,13,False,False,False,False,False,1095,1432.563533466851,80.01,6.75,4.16,17.14,12.98,18.58,10.01,8.57,11.01,12.53,-1.52,15.97,11.8,4.17,45.62,12.78,32.84,37.105714285714285,15.643561888886747,16.19428571428572,-21.92,36.06,35.77966666666667,16.108041573491555,10.18366666666667,-297.18,48.07,11.01,11.97,-0.7818314824680299,0.6234898018587334,322,-0.6772399381909491,0.7357622347736527,-0.5000000000000004,0.8660254037844384,1432.563533466851,1094.0,1432.563533466851,1093.0,-0.0034873583260680574,0
2024-11-18,0,18,11,2024,False,12,False,False,False,False,False,1095,1432.563533466851,79.89,6.75,27.61,42.83,15.22,17.14,12.98,4.16,47.15,11.09,36.06,31.77,10.85,20.92,18.16,13.19,4.97,37.98142857142857,14.027363055318549,17.005714285714287,-21.92,36.06,34.83033333333333,16.345587928020297,9.227666666666671,-297.18,48.07,47.15,16.74,0.0,1.0,323,-0.6644834655228552,0.7473029667054297,-0.5000000000000004,0.8660254037844384,1432.563533466851,1095.0,1432.563533466851,1093.0,-0.0033682634730538563,0
2024-11-19,1,19,11,2024,False,11,False,False,False,False,False,1095,1432.563533466851,79.82,6.75,16.06,30.72,14.66,42.83,15.22,27.61,44.83,13.2,31.63,48.91,346.09,-297.18,11.22,13.47,-2.25,37.364285714285714,13.64661967563506,15.798571428571432,-21.92,34.36,35.65266666666667,16.096665735986782,9.982333333333337,-297.18,48.07,44.83,35.97,0.7818314824680298,0.6234898018587336,324,-0.6515303615068021,0.75862255966641,-0.5000000000000004,0.8660254037844384,1432.563533466851,1095.0,1432.563533466851,1093.0,-0.0049862877088008295,0
2024-11-20,2,20,11,2024,False,10,False,False,False,False,False,1095,1432.563533466851,79.93,6.75,36.51,51.55,15.04,30.72,14.66,16.06,46.28,11.92,34.36,44.88,11.84,33.04,43.15,12.98,30.17,35.348571428571425,13.39993336870432,13.574285714285718,-21.92,34.36,36.30266666666667,15.457034763438934,10.59266666666667,-297.18,48.07,46.28,55.55,0.9749279121818236,-0.22252093395631434,325,-0.6383844591746642,0.769717664006921,-0.5000000000000004,0.8660254037844384,1432.563533466851,1095.0,1432.563533466851,1094.0,-0.003242299538595672,0
2024-11-21,3,21,11,2024,False,9,False,False,False,False,False,1096,1432.563533466851,79.95,6.75,44.61,55.93,11.32,51.55,15.04,36.51,41.3,15.12,26.18,45.21,11.99,33.22,45.39,12.3,33.09,36.10142857142857,14.238281062651097,13.881428571428573,-21.92,36.51,36.58266666666667,15.660097532028411,10.804000000000004,-297.18,48.07,41.3,37.33,0.43388373911755823,-0.900968867902419,326,-0.6250496486104377,0.7805849965070866,-0.5000000000000004,0.8660254037844384,1432.563533466851,1095.0,1432.563533466851,1094.0,-0.0019972537760578613,0
2024-11-22,4,22,11,2024,False,8,False,False,False,False,False,1096,1432.563533466851,80.02,6.75,36.67,50.41,13.74,55.93,11.32,44.61,50.59,72.51,-21.92,53.36,12.54,40.82,40.93,12.39,28.54,38.19142857142857,16.0828183978757,16.514285714285716,-21.92,44.61,36.934,15.979478348051936,11.188000000000004,-297.18,48.07,50.59,50.64,-0.433883739117558,-0.9009688679024191,327,-0.6115298757991053,0.7912213413483807,-0.5000000000000004,0.8660254037844384,1432.563533466851,1096.0,1432.563533466851,1094.0,-0.0009987515605492936,0
2024-11-23,5,23,11,2024,True,7,False,False,False,False,False,1096,1432.563533466851,79.92,6.75,1.75,13.41,11.66,50.41,13.74,36.67,18.58,10.01,8.57,11.05,14.02,-2.97,30.96,11.8,19.16,38.16571428571429,16.059818240091115,24.884285714285717,4.16,44.61,37.25,16.154007723077264,11.459000000000003,-297.18,48.07,18.58,39.16,-0.9749279121818236,-0.2225209339563146,328,-0.5978291414589552,0.801623551065242,-0.5000000000000004,0.8660254037844384,1432.563533466851,1096.0,1432.563533466851,1094.0,-0.0033670033670033517,0
2024-11-24,6,24,11,2024,True,6,False,False,False,False,False,1096,1432.563533466851,79.84,6.75,4.92,17.74,12.82,13.41,11.66,1.75,17.14,12.98,4.16,11.01,12.53,-1.52,40.75,13.36,27.39,37.42714285714286,17.189790297621194,23.91,1.75,44.61,36.665,16.698256929474923,10.878666666666671,-297.18,48.07,17.14,15.29,-0.7818314824680299,0.6234898018587334,329,-0.5839514998576998,0.8117885474764613,-0.5000000000000004,0.8660254037844384,1432.563533466851,1096.0,1432.563533466851,1095.0,-0.002124734408199047,0
2024-11-25,0,25,11,2024,False,5,False,False,False,False,False,1097,1432.563533466851,79.87,6.75,41.36,52.41,11.05,17.74,12.82,4.92,42.83,15.22,27.61,47.15,11.09,36.06,14.26,12.69,1.57,37.51285714285715,17.072870012865202,24.01857142857143,1.75,44.61,35.898,17.029327117328048,10.129666666666672,-297.18,48.07,42.83,16.36,0.0,1.0,330,-0.5699010576127624,0.821713322596059,-0.5000000000000004,0.8660254037844384,1432.563533466851,1096.0,1432.563533466851,1095.0,-0.00025034422330694195,0
2024-11-26,1,26,11,2024,False,4,True,False,False,False,False,1097,1432.563533466851,79.88,6.75,74.4,86.17,11.77,52.41,11.05,41.36,30.72,14.66,16.06,44.83,13.2,31.63,21.35,12.0,9.35,38.881428571428565,17.932462582861167,25.982857142857146,1.75,44.61,37.169666666666664,16.780397529986182,11.456000000000001,-297.18,48.07,30.72,45.66,0.7818314824680298,0.6234898018587336,331,-0.5556819724760489,0.8313949395234058,-0.5000000000000004,0.8660254037844384,1432.563533466851,1097.0,1432.563533466851,1095.0,0.0007516913054372854,0
2024-11-27,2,27,11,2024,False,3,True,False,False,False,False,1097,1432.563533466851,79.92,6.75,43.86,55.59,11.73,86.17,11.77,74.4,51.55,15.04,36.51,46.28,11.92,34.36,56.61,12.0,44.61,46.80285714285714,24.69749023300801,34.31714285714286,1.75,74.4,39.330333333333336,18.73277314068122,13.624333333333338,-297.18,74.4,51.55,57.84,0.9749279121818236,-0.22252093395631434,332,-0.5412984521036173,0.8408305333122887,-0.5000000000000004,0.8660254037844384,1432.563533466851,1097.0,1432.563533466851,1095.0,-0.0001251094707870326,0
2024-11-28,3,28,11,2024,False,2,True,False,False,False,False,1097,1432.563533466851,79.9,6.75,48.76,62.49,13.73,55.59,11.73,43.86,55.93,11.32,44.61,41.3,15.12,26.18,57.85,11.36,46.49,47.379999999999995,24.8734899039118,35.367142857142866,1.75,74.4,39.29633333333333,18.701228151322415,13.599333333333337,-297.18,74.4,55.93,63.62,0.43388373911755823,-0.900968867902419,333,-0.5267547528105542,0.8500173118187018,-0.5000000000000004,0.8660254037844384,1432.563533466851,1097.0,1432.563533466851,1096.0,-0.0006253908692932519,0
2024-11-29,4,29,11,2024,False,1,True,False,False,False,False,1098,1432.563533466851,79.93,6.75,60.85,74.46,13.61,62.49,13.73,48.76,50.41,13.74,36.67,50.59,72.51,-21.92,62.21,14.14,48.07,48.317142857142855,25.367975030397275,35.96,1.75,74.4,39.451,18.878314570810623,13.675000000000004,-297.18,74.4,50.41,53.63,-0.433883739117558,-0.9009688679024191,334,-0.5120551783114646,0.8589525565270845,-0.5000000000000004,0.8660254037844384,1432.563533466851,1097.0,1432.563533466851,1096.0,-0.0011247188202947456,0
2024-11-30,5,30,11,2024,True,0,True,False,False,False,False,1098,1432.563533466851,79.94,6.75,10.11,23.02,12.91,74.46,13.61,60.85,13.41,11.66,1.75,18.58,10.01,8.57,16.96,12.93,4.03,51.75285714285714,27.256940837326674,39.41428571428572,1.75,74.4,39.85933333333333,19.509491930911388,14.101000000000003,-297.18,74.4,13.41,29.22,-0.9749279121818236,-0.2225209339563146,335,-0.4972040784469378,0.8676336233547726,-0.5000000000000004,0.8660254037844384,1432.563533466851,1098.0,1432.563533466851,1096.0,0.00025025025025016134,0
2024-12-01,6,1,12,2024,True,30,False,False,False,False,False,1098,1404.13676294828,80.0,6.75,2.04,12.59,10.55,23.02,12.91,10.11,17.74,12.82,4.92,17.14,12.98,4.16,42.49,11.45,31.04,53.12571428571429,25.16563189294939,40.60857142857144,4.92,74.4,40.06133333333333,19.29440471570271,14.30366666666667,-297.18,74.4,17.74,10.09,-0.7818314824680299,0.6234898018587334,336,-0.4822058478963526,0.8760579434344281,-2.4492935982947064e-16,1.0,1432.563533466851,1098.0,1432.563533466851,1096.0,0.002004008016031955,0
2024-12-02,0,2,12,2024,False,29,False,False,False,False,False,1098,1404.13676294828,80.07,6.75,35.7,47.41,11.71,12.59,10.55,2.04,52.41,11.05,41.36,42.83,15.22,27.61,14.59,13.53,1.06,52.38999999999999,26.416726393202776,40.19714285714286,2.04,74.4,39.06466666666667,19.926522739950016,13.337000000000005,-297.18,74.4,52.41,9.97,0.0,1.0,337,-0.46706492487743034,0.8842230238742036,-2.4492935982947064e-16,1.0,1404.13676294828,1098.0,1432.563533466851,1097.0,0.0025040691123072722,0
2024-12-03,1,3,12,2024,False,28,False,False,False,False,False,1098,1404.13676294828,79.94,6.75,37.62,48.83,11.21,47.41,11.71,35.7,86.17,11.77,74.4,30.72,14.66,16.06,15.97,11.8,4.17,51.675714285714285,26.48360867728247,39.38857142857143,2.04,74.4,40.15866666666667,19.431269810199726,14.49166666666667,-297.18,74.4,86.17,26.79,0.7818314824680298,0.6234898018587336,338,-0.451785789832884,0.8921264484954345,-2.4492935982947064e-16,1.0,1404.13676294828,1098.0,1432.563533466851,1097.0,0.0007511266900350755,0
2024-12-04,2,4,12,2024,False,27,False,False,False,False,False,1099,1404.13676294828,79.76,6.75,31.51,44.7,13.19,48.83,11.21,37.62,55.59,11.73,43.86,51.55,15.04,36.51,31.77,10.85,20.92,46.34142857142857,21.707714779598128,34.13428571428572,2.04,60.85,41.254,18.940706865154784,15.606666666666671,-297.18,74.4,55.59,37.56,0.9749279121818236,-0.22252093395631434,339,-0.4363729641045924,0.8997658785476209,-2.4492935982947064e-16,1.0,1404.13676294828,1098.0,1432.563533466851,1097.0,-0.002002002002001957,0
2024-12-05,3,5,12,2024,False,26,False,False,True,False,False,1099,1404.13676294828,79.84,6.75,-305.34,45.77,351.11,44.7,13.19,31.51,62.49,13.73,48.76,55.93,11.32,44.61,48.91,346.09,-297.18,44.785714285714285,21.32121702056656,32.370000000000005,2.04,60.85,41.684999999999995,18.864413450398704,15.95966666666667,-297.18,74.4,62.49,45.1,0.43388373911755823,-0.900968867902419,340,-0.42083100859565564,0.9071390534005044,-2.4492935982947064e-16,1.0,1404.13676294828,1099.0,1432.563533466851,1097.0,-0.00075093867334175,0
2024-12-06,4,6,12,2024,False,25,False,False,False,False,False,1099,1404.13676294828,79.93,6.75,28.55,41.99,13.44,45.77,351.11,-305.34,74.46,13.61,60.85,50.41,13.74,36.67,44.88,11.84,33.04,42.39714285714286,19.89621380588592,-18.21571428571428,-305.34,60.85,41.58033333333333,18.83162664121239,15.687666666666672,-305.34,74.4,74.46,36.74,-0.433883739117558,-0.9009688679024191,341,-0.4051645224207563,0.9142437912130223,-2.4492935982947064e-16,1.0,1404.13676294828,1099.0,1432.563533466851,1098.0,0.0,0
2024-12-07,5,7,12,2024,True,24,False,False,False,False,False,1099,1404.13676294828,79.85,6.75,8.88,20.09,11.21,41.99,13.44,28.55,23.02,12.91,10.11,13.41,11.66,1.75,45.21,11.99,33.22,37.75857142857143,14.122561652159607,-22.82999999999999,-305.34,37.62,41.484,18.821554335022498,15.538000000000006,-305.34,74.4,23.02,24.52,-0.9749279121818236,-0.2225209339563146,342,-0.3893781415452015,0.9210779895789526,-2.4492935982947064e-16,1.0,1404.13676294828,1099.0,1432.563533466851,1098.0,-0.0011258443832875553,0
2024-12-08,6,8,12,2024,True,23,False,False,False,False,False,1100,1404.13676294828,79.7,6.75,3.89,13.09,9.2,20.09,11.21,8.88,12.59,10.55,2.04,17.74,12.82,4.92,53.36,12.54,40.82,37.339999999999996,14.665191213664238,-23.00571428571428,-305.34,37.62,40.64666666666667,19.204940695728126,14.726666666666672,-305.34,74.4,12.59,12.46,-0.7818314824680299,0.6234898018587334,343,-0.37347653741307074,0.9276396261490467,-2.4492935982947064e-16,1.0,1404.13676294828,1099.0,1404.13676294828,1098.0,-0.00374999999999992,0
2024-12-09,0,9,12,2024,False,22,False,False,False,False,False,1100,1404.13676294828,79.71,6.75,29.44,39.58,10.14,13.09,9.2,3.89,47.41,11.71,35.7,52.41,11.05,41.36,11.05,14.02,-2.97,37.41142857142857,14.525100606159292,-22.741428571428568,-305.34,37.62,39.30433333333333,19.68698847100463,13.495666666666672,-305.34,74.4,47.41,12.52,0.0,1.0,344,-0.3574644155648614,0.9339267592294762,-2.4492935982947064e-16,1.0,1404.13676294828,1100.0,1404.13676294828,1098.0,-0.004496065942300453,0
2024-12-10,1,10,12,2024,False,21,False,False,False,False,False,1100,1404.13676294828,79.78,6.75,30.13,44.08,13.95,39.58,10.14,29.44,48.83,11.21,37.62,86.17,11.77,74.4,11.01,12.53,-1.52,36.29285714285714,13.915483839097792,-23.63571428571428,-305.34,37.62,40.255333333333326,18.950374890902417,14.576000000000004,-305.34,74.4,48.83,53.71,0.7818314824680298,0.6234898018587336,345,-0.34134651424503615,0.9399375283564133,-2.4492935982947064e-16,1.0,1404.13676294828,1100.0,1404.13676294828,1098.0,-0.002001501125844296,0
2024-12-11,2,11,12,2024,False,20,False,False,False,False,False,1100,1404.13676294828,79.93,6.75,39.92,51.54,11.62,44.08,13.95,30.13,44.7,13.19,31.51,55.59,11.73,43.86,47.15,11.09,36.06,35.614285714285714,13.30463936269713,-24.705714285714276,-305.34,31.51,41.35766666666667,18.134810245593293,15.631000000000006,-305.34,74.4,44.7,28.33,0.9749279121818236,-0.22252093395631434,346,-0.3251276029999093,0.9456701548465688,-2.4492935982947064e-16,1.0,1404.13676294828,1100.0,1404.13676294828,1099.0,0.002131394182547597,0
2024-12-12,3,12,12,2024,False,19,False,False,False,False,False,1101,1404.13676294828,79.97,6.75,22.36,33.6,11.24,51.54,11.62,39.92,45.77,351.11,-305.34,62.49,13.73,48.76,44.83,13.2,31.63,36.59142857142857,14.297290452589806,-23.504285714285707,-305.34,39.92,41.504000000000005,18.200753413734923,15.759666666666673,-305.34,74.4,45.77,34.33,0.43388373911755823,-0.900968867902419,347,-0.30881248126625377,0.9511229423235357,-2.4492935982947064e-16,1.0,1404.13676294828,1100.0,1404.13676294828,1099.0,0.0016282565130258941,0
2024-12-13,4,13,12,2024,False,18,False,False,False,False,False,1101,1404.13676294828,79.94,6.75,20.48,34.75,14.27,33.6,11.24,22.36,41.99,13.44,28.55,74.46,13.61,60.85,46.28,11.92,34.36,34.85285714285714,13.723575474690444,23.310000000000002,3.89,39.92,41.129666666666665,18.245417465921257,15.450666666666674,-305.34,74.4,41.99,50.07,-0.433883739117558,-0.9009688679024191,348,-0.29240597695107734,0.9562942772197719,-2.4492935982947064e-16,1.0,1404.13676294828,1101.0,1404.13676294828,1099.0,0.00012510947078681056,0
2024-12-14,5,14,12,2024,True,17,False,False,False,False,False,1101,1404.13676294828,79.87,6.75,-3.07,10.67,13.74,34.75,14.27,20.48,20.09,11.21,8.88,23.02,12.91,10.11,41.3,15.12,26.18,33.818571428571424,13.364147844851491,22.157142857142862,3.89,39.92,40.74533333333333,18.254621849015994,14.988000000000005,-305.34,74.4,20.09,39.94,-0.9749279121818236,-0.2225209339563146,349,-0.27591294500296043,0.9611826292540837,-2.4492935982947064e-16,1.0,1404.13676294828,1101.0,1404.13676294828,1099.0,0.000250469630557415,0
2024-12-15,6,15,12,2024,True,16,False,False,False,True,False,1101,1404.13676294828,79.87,6.75,-56.8,15.49,72.29,10.67,13.74,-3.07,13.09,9.2,3.89,12.59,10.55,2.04,50.59,72.51,-21.92,32.472857142857144,15.309630644669111,20.450000000000006,-3.07,39.92,39.724333333333334,19.061289655564522,14.013000000000005,-305.34,74.4,13.09,14.27,-0.7818314824680299,0.6234898018587334,350,-0.2593382659754056,0.9657865518844574,-2.4492935982947064e-16,1.0,1404.13676294828,1101.0,1404.13676294828,1100.0,0.002132998745294934,0
2024-12-16,0,16,12,2024,False,15,False,False,False,False,False,1102,1404.13676294828,79.84,6.75,24.2,35.97,11.77,15.49,72.29,-56.8,39.58,10.14,29.44,47.41,11.71,35.7,18.58,10.01,8.57,32.815714285714286,14.822326467351981,11.780000000000005,-56.8,39.92,38.55433333333334,19.44472567141999,12.85033333333334,-305.34,74.4,39.58,13.16,0.0,1.0,351,-0.2426868445825954,0.9701046827361175,-2.4492935982947064e-16,1.0,1404.13676294828,1101.0,1404.13676294828,1100.0,0.0016309120562039148,0
2024-12-17,1,17,12,2024,False,14,False,False,False,False,False,1102,1404.13676294828,79.76,6.75,29.09,41.05,11.96,35.97,11.77,24.2,44.08,13.95,30.13,48.83,11.21,37.62,17.14,12.98,4.16,32.300000000000004,14.609017763012034,11.031428571428576,-56.8,39.92,39.134,19.0846099035954,13.371333333333338,-305.34,74.4,44.08,39.08,0.7818314824680298,0.6234898018587336,352,-0.22596360824801906,0.974135744004672,-2.4492935982947064e-16,1.0,1404.13676294828,1102.0,1404.13676294828,1100.0,-0.00025068939583849925,0
2024-12-18,2,18,12,2024,False,13,False,False,False,False,False,1102,1404.13676294828,79.93,6.75,37.16,49.56,12.4,41.05,11.96,29.09,51.54,11.62,39.92,44.7,13.19,31.51,42.83,15.22,27.61,31.867142857142856,14.242091038287118,10.882857142857148,-56.8,39.92,39.931000000000004,18.628238177192298,14.202333333333339,-305.34,74.4,51.54,42.36,0.9749279121818236,-0.22252093395631434,353,-0.20917350564635637,0.9778785428342386,-2.4492935982947064e-16,1.0,1404.13676294828,1102.0,1404.13676294828,1100.0,0.0,0
2024-12-19,3,19,12,2024,False,12,False,False,False,False,False,1102,1404.13676294828,80.07,6.75,24.97,39.2,14.23,49.56,12.4,37.16,33.6,11.24,22.36,45.77,351.11,-305.34,30.72,14.66,16.06,31.584285714285716,13.799026363168876,10.488571428571433,-56.8,37.16,40.15533333333333,18.704720173838655,14.520666666666672,-305.34,74.4,33.6,31.84,0.43388373911755823,-0.900968867902419,354,-0.19232150523909483,0.9813319716704275,-2.4492935982947064e-16,1.0,1404.13676294828,1102.0,1404.13676294828,1101.0,0.0012504689258470147,0
2024-12-20,4,20,12,2024,False,11,False,False,False,False,False,1103,1404.13676294828,80.16,6.75,33.21,45.87,12.66,39.2,14.23,24.97,34.75,14.27,20.48,41.99,13.44,28.55,51.55,15.04,36.51,32.38428571428572,14.094530685272796,10.861428571428576,-56.8,37.16,40.438,18.621104341487086,14.817666666666671,-305.34,74.4,34.75,43.14,-0.433883739117558,-0.9009688679024191,355,-0.17541259380427843,0.9844950085880858,-2.4492935982947064e-16,1.0,1404.13676294828,1102.0,1404.13676294828,1101.0,0.0027520640480360736,0
2024-12-21,5,21,12,2024,True,10,False,False,False,False,False,1103,1404.13676294828,80.09,6.75,1.54,14.59,13.05,45.87,12.66,33.21,10.67,13.74,-3.07,20.09,11.21,8.88,55.93,11.32,44.61,33.972857142857144,15.002987162879434,12.680000000000003,-56.8,37.16,40.248666666666665,18.53289242425998,14.707666666666674,-305.34,74.4,10.67,28.77,-0.9749279121818236,-0.2225209339563146,356,-0.15845177496083632,0.9873667175937016,-2.4492935982947064e-16,1.0,1404.13676294828,1103.0,1404.13676294828,1101.0,0.002754476023538288,0
2024-12-22,6,22,12,2024,True,9,False,False,False,False,False,1103,1404.13676294828,80.16,6.75,3.74,17.38,13.64,14.59,13.05,1.54,15.49,72.29,-56.8,13.09,9.2,3.89,50.41,13.74,36.67,34.53285714285714,14.029816718077912,13.338571428571433,-56.8,37.16,38.87066666666667,18.86071577486464,13.272000000000004,-305.34,74.4,15.49,13.68,-0.7818314824680299,0.6234898018587334,357,-0.14144406768794202,0.9899462489023779,-2.4492935982947064e-16,1.0,1404.13676294828,1103.0,1404.13676294828,1101.0,0.0036309002128458445,0
2024-12-23,0,23,12,2024,False,8,False,False,False,False,False,1103,1404.13676294828,80.21,6.75,37.13,47.92,10.79,17.38,13.64,3.74,35.97,11.77,24.2,39.58,10.14,29.44,13.41,11.66,1.75,34.80285714285714,13.614296057558704,21.98714285714286,1.54,37.16,37.769666666666666,19.126077068311393,12.17433333333334,-305.34,74.4,35.97,13.31,0.0,1.0,358,-0.12439450483979998,0.9922328391893008,-2.4492935982947064e-16,1.0,1404.13676294828,1103.0,1404.13676294828,1102.0,0.004634268537073938,0
2024-12-24,1,24,12,2024,False,7,False,False,False,False,False,1104,1404.13676294828,80.24,6.75,25.74,38.84,13.1,47.92,10.79,37.13,41.05,11.96,29.09,44.08,13.95,30.13,17.74,12.82,4.92,36.51,14.50512093480557,23.83428571428572,1.54,37.16,38.919999999999995,18.6421248973837,13.353666666666673,-305.34,74.4,41.05,8.24,0.7818314824680298,0.6234898018587336,359,-0.10730813165636247,0.9942258118156161,-2.4492935982947064e-16,1.0,1404.13676294828,1103.0,1404.13676294828,1102.0,0.006018054162487241,0
2024-12-25,2,25,12,2024,False,6,False,True,False,False,True,1104,1404.13676294828,80.34,6.75,-1.12,10.67,11.79,38.84,13.1,25.74,49.56,12.4,37.16,51.54,11.62,39.92,52.41,11.05,41.36,36.19428571428572,14.413597581384625,23.355714285714292,1.54,37.16,39.62333333333333,18.20847611138418,14.047666666666673,-305.34,74.4,49.56,36.68,0.9749279121818236,-0.22252093395631434,360,-0.09019000427034513,0.9959245770286599,-2.4492935982947064e-16,1.0,1404.13676294828,1104.0,1404.13676294828,1102.0,0.00512948830226434,0
2024-12-26,3,26,12,2024,False,5,False,True,False,False,False,1104,1404.13676294828,80.39,6.75,43.65,53.09,9.44,10.67,11.79,-1.12,39.2,14.23,24.97,33.6,11.24,22.36,86.17,11.77,74.4,30.638571428571428,15.8287496121998,17.887142857142862,-1.12,37.13,38.232,18.783367440738395,12.631666666666671,-305.34,74.4,39.2,47.74,0.43388373911755823,-0.900968867902419,361,-0.07304518821104743,0.9973286321364752,-2.4492935982947064e-16,1.0,1404.13676294828,1104.0,1404.13676294828,1102.0,0.003996503059822798,0
2024-12-27,4,27,12,2024,False,4,True,True,False,False,False,1104,1404.13676294828,80.45,6.75,58.66,68.48,9.82,53.09,9.44,43.65,45.87,12.66,33.21,34.75,14.27,20.48,55.59,11.73,43.86,32.62285714285714,17.825556292661904,20.55571428571429,-1.12,43.65,37.129333333333335,16.730999502953033,11.606666666666673,-305.34,60.85,45.87,44.04,-0.433883739117558,-0.9009688679024191,362,-0.05587875690537313,0.9984375616565666,-2.4492935982947064e-16,1.0,1404.13676294828,1104.0,1404.13676294828,1103.0,0.0036177644710579937,0
2024-12-28,5,28,12,2024,True,3,True,True,False,False,False,1104,1404.13676294828,80.5,6.75,6.39,17.36,10.97,68.48,9.82,58.66,14.59,13.05,1.54,10.67,13.74,-3.07,62.49,13.73,48.76,35.85285714285715,22.149944856429297,24.191428571428577,-1.12,58.66,37.559,17.374568880783826,12.100000000000005,-305.34,60.85,14.59,50.11,-0.9749279121818236,-0.2225209339563146,363,-0.03869579017652689,0.9992510374388481,-2.4492935982947064e-16,1.0,1404.13676294828,1104.0,1404.13676294828,1103.0,0.005119240854039253,0
2024-12-29,6,29,12,2024,True,2,True,True,False,False,False,1105,1404.13676294828,80.53,6.75,12.3,25.12,12.82,17.36,10.97,6.39,17.38,13.64,3.74,15.49,72.29,-56.8,74.46,13.61,60.85,36.24857142857143,21.72748215860233,24.884285714285717,-1.12,58.66,36.05466666666667,17.09299911807678,10.687666666666672,-305.34,60.85,17.38,15.32,-0.7818314824680299,0.6234898018587334,364,-0.021501372740813793,0.999768818762748,-2.4492935982947064e-16,1.0,1404.13676294828,1104.0,1404.13676294828,1103.0,0.004615768463073877,0
2024-12-30,0,30,12,2024,False,1,True,True,False,False,False,1105,1404.13676294828,80.39,6.75,40.19,52.48,12.29,25.12,12.82,12.3,47.92,10.79,37.13,35.97,11.77,24.2,23.02,12.91,10.11,37.354285714285716,20.783666549434844,26.10714285714286,-1.12,58.66,34.41,15.576726007202144,9.069333333333338,-305.34,58.66,47.92,19.81,0.0,1.0,365,-0.004300592702981974,0.9999907524084426,-2.4492935982947064e-16,1.0,1404.13676294828,1105.0,1404.13676294828,1103.0,0.002244109213315193,0
2024-12-31,1,31,12,2024,False,0,True,True,False,False,False,1105,1404.13676294828,80.39,6.75,69.88,82.26,12.38,52.48,12.29,40.19,38.84,13.1,25.74,41.05,11.96,29.09,12.59,10.55,2.04,38.00571428571429,21.23655328056078,26.544285714285714,-1.12,58.66,35.392,15.76143315731196,10.072000000000005,-305.34,58.66,38.84,26.08,0.7818314824680298,0.6234898018587336,366,0.012901459949419653,0.9999167727021953,-2.4492935982947064e-16,1.0,1404.13676294828,1105.0,1404.13676294828,1104.0,0.0018693918245265007,0
2025-01-01,2,1,1,2025,False,30,False,False,False,False,False,1105,1263.2918044459225,80.35,6.25,33.42,47.6,14.18,82.26,12.38,69.88,10.67,11.79,-1.12,49.56,12.4,37.16,47.41,11.71,35.7,44.20857142857143,27.062781594267978,32.85,-1.12,69.88,37.71433333333333,17.339551894009713,12.33333333333334,-305.34,69.88,10.67,36.46,0.9749279121818236,-0.22252093395631434,1,0.017201575418260506,0.9998520419557735,0.49999999999999994,0.8660254037844387,1404.13676294828,1105.0,1404.13676294828,1104.0,0.0001244709982572978,0
2025-01-02,3,2,1,2025,False,29,False,False,False,False,False,1106,1263.2918044459225,80.25,6.25,31.41,41.7,10.29,47.6,14.18,33.42,53.09,9.44,43.65,39.2,14.23,24.97,48.83,11.21,37.62,49.48428571428571,22.67964862833559,37.784285714285716,6.39,69.88,37.72066666666667,17.34324969217291,12.257333333333339,-305.34,69.88,53.09,25.93,0.43388373911755823,-0.900968867902419,2,0.03439806061360801,0.9994082116062598,0.49999999999999994,0.8660254037844387,1263.2918044459225,1105.0,1404.13676294828,1104.0,-0.001741510138076885,0
2025-01-03,4,3,1,2025,False,28,False,False,False,False,False,1106,1263.2918044459225,80.38,6.25,29.07,40.72,11.65,41.7,10.29,31.41,68.48,9.82,58.66,45.87,12.66,33.21,44.7,13.19,31.51,47.857142857142854,22.786178350252726,36.03571428571429,6.39,69.88,37.483,17.23427242044373,12.050333333333336,-305.34,69.88,68.48,28.97,-0.433883739117558,-0.9009688679024191,3,0.051584366869408364,0.9986686402879997,0.49999999999999994,0.8660254037844387,1263.2918044459225,1106.0,1404.13676294828,1104.0,-0.0008701056556869036,0
2025-01-04,5,4,1,2025,True,27,False,False,False,False,False,1106,1263.2918044459225,80.52,6.25,1.3,13.34,12.04,40.72,11.65,29.07,17.36,10.97,6.39,14.59,13.05,1.54,45.77,351.11,-305.34,43.89142857142857,20.93962704902795,31.808571428571433,6.39,69.88,37.35033333333333,17.19206843653303,11.969000000000003,-305.34,69.88,17.36,28.66,-0.9749279121818236,-0.2225209339563146,4,0.06875540848113941,0.9976335468520451,0.49999999999999994,0.8660254037844387,1263.2918044459225,1106.0,1404.13676294828,1104.0,0.0002484472049688602,0
2025-01-05,6,5,1,2025,True,26,False,False,True,False,False,1106,1263.2918044459225,80.63,6.25,-273.91,15.65,289.56,13.34,12.04,1.3,25.12,12.82,12.3,17.38,13.64,3.74,41.99,13.44,28.55,43.317142857142855,21.824956444619215,31.081428571428575,1.3,69.88,36.269333333333336,17.65766199490849,22.19033333333334,-56.8,69.88,25.12,14.25,-0.7818314824680299,0.6234898018587334,5,0.08590610426133272,0.9963032375991965,0.49999999999999994,0.8660254037844387,1263.2918044459225,1106.0,1404.13676294828,1105.0,0.0012417732522040925,0
2025-01-06,0,6,1,2025,False,25,False,False,False,False,False,1107,1263.2918044459225,80.65,6.25,25.31,37.03,11.72,15.65,289.56,-273.91,52.48,12.29,40.19,47.92,10.79,37.13,20.09,11.21,8.88,41.964285714285715,23.379105954636014,-9.805714285714288,-273.91,69.88,35.391333333333336,18.014651265841483,12.108333333333338,-273.91,69.88,52.48,11.91,0.0,1.0,6,0.10303137904317879,0.9946781061893646,0.49999999999999994,0.8660254037844387,1263.2918044459225,1106.0,1404.13676294828,1105.0,0.0032342331135712943,0
2025-01-07,1,7,1,2025,False,24,False,False,False,False,False,1107,1263.2918044459225,80.76,6.25,31.34,41.3,9.96,37.03,11.72,25.31,82.26,12.38,69.88,38.84,13.1,25.74,13.09,9.2,3.89,39.75714285714286,22.946176670842696,-11.93142857142857,-273.91,69.88,35.956,17.78248956621127,12.656000000000002,-273.91,69.88,82.26,30.87,0.7818314824680298,0.6234898018587336,7,0.1201261651823505,0.9927586335250793,0.49999999999999994,0.8660254037844387,1263.2918044459225,1107.0,1404.13676294828,1105.0,0.004602562507774577,0
2025-01-08,2,8,1,2025,False,23,False,False,False,False,False,1107,1263.2918044459225,80.76,6.25,32.85,46.31,13.46,41.3,9.96,31.34,47.6,14.18,33.42,10.67,11.79,-1.12,39.58,10.14,29.44,33.90571428571429,13.63436327463675,-17.437142857142852,-273.91,33.42,36.89633333333334,17.270134373083682,13.571000000000002,-273.91,69.88,47.6,35.09,0.9749279121818236,-0.22252093395631434,8,0.13718540405660057,0.9905453876091833,0.49999999999999994,0.8660254037844387,1263.2918044459225,1107.0,1263.2918044459225,1105.0,0.005102675793404066,0
2025-01-09,3,9,1,2025,False,22,False,False,False,False,False,1107,1263.2918044459225,80.78,6.25,24.86,35.78,10.92,46.31,13.46,32.85,41.7,10.29,31.41,53.09,9.44,43.65,44.08,13.95,30.13,33.721428571428575,13.425537144526064,-17.518571428571427,-273.91,32.85,37.12066666666667,17.34972322810807,13.684666666666669,-273.91,69.88,41.7,21.95,0.43388373911755823,-0.900968867902419,9,0.1542040475626894,0.988039023376751,0.49999999999999994,0.8660254037844387,1263.2918044459225,1107.0,1263.2918044459225,1106.0,0.006604361370716516,0
2025-01-10,4,10,1,2025,False,21,False,False,False,False,False,1108,1263.2918044459225,80.69,6.25,21.09,35.43,14.34,35.78,10.92,24.86,40.72,11.65,29.07,68.48,9.82,58.66,51.54,11.62,39.92,32.87571428571429,13.019496735208186,-18.454285714285714,-273.91,32.85,36.844,17.301029190036108,13.509000000000004,-273.91,69.88,40.72,31.83,-0.433883739117558,-0.9009688679024191,10,0.17117705961019986,0.985240282501282,0.49999999999999994,0.8660254037844387,1263.2918044459225,1107.0,1263.2918044459225,1106.0,0.00385668076635981,0
2025-01-11,5,11,1,2025,True,20,False,False,False,False,False,1108,1263.2918044459225,80.72,6.25,-0.49,11.17,11.66,35.43,14.34,21.09,13.34,12.04,1.3,17.36,10.97,6.39,33.6,11.24,22.36,32.12,12.636175581770564,-19.594285714285714,-273.91,32.85,36.307,17.077731649017704,12.881333333333336,-273.91,69.88,13.34,45.95,-0.9749279121818236,-0.2225209339563146,11,0.18809941761179758,0.9821499931752291,0.49999999999999994,0.8660254037844387,1263.2918044459225,1108.0,1263.2918044459225,1106.0,0.0024838549428713996,0
2025-01-12,6,12,1,2025,True,19,False,False,False,False,False,1108,1263.2918044459225,80.72,6.25,-1.53,11.44,12.97,11.17,11.66,-0.49,15.65,289.56,-273.91,25.12,12.82,12.3,34.75,14.27,20.48,31.81,13.188246029451173,-19.849999999999998,-273.91,32.85,35.55933333333334,17.680682412585544,12.119666666666667,-273.91,69.88,15.65,11.5,-0.7818314824680299,0.6234898018587334,12,0.20496611396949532,0.9787690698649216,0.49999999999999994,0.8660254037844387,1263.2918044459225,1108.0,1263.2918044459225,1106.0,0.0011162098474513105,0
2025-01-13,0,13,1,2025,False,18,False,False,False,False,False,1108,1263.2918044459225,80.62,6.25,16.84,28.48,11.64,11.44,12.97,-1.53,37.03,11.72,25.31,52.48,12.29,40.19,10.67,13.74,-3.07,31.208571428571428,14.111687152347006,19.061428571428575,-1.53,32.85,34.782333333333334,18.221401528920882,11.386000000000003,-273.91,69.88,37.03,11.36,0.0,1.0,13,0.22177215755648186,0.975098513039961,0.49999999999999994,0.8660254037844387,1263.2918044459225,1108.0,1263.2918044459225,1107.0,-0.00037197768133911957,0
2025-01-14,1,14,1,2025,False,17,False,False,False,False,False,1109,1263.2918044459225,80.62,6.25,33.46,45.14,11.68,28.48,11.64,16.84,41.3,9.96,31.34,82.26,12.38,69.88,15.49,72.29,-56.8,29.98714285714286,13.892150918517201,17.851428571428574,-1.53,32.85,35.376,17.691129980868922,12.049666666666669,-273.91,69.88,41.3,35.4,0.7818314824680298,0.6234898018587336,14,0.23851257519407648,0.9711394088771653,0.49999999999999994,0.8660254037844387,1263.2918044459225,1108.0,1263.2918044459225,1107.0,-0.0017335314512134659,0
2025-01-15,2,15,1,2025,False,16,False,False,False,True,False,1109,1263.2918044459225,80.61,6.25,-12.82,54.82,67.64,45.14,11.68,33.46,46.31,13.46,32.85,47.6,14.18,33.42,35.97,11.77,24.2,30.535714285714285,14.476837657839152,18.15428571428572,-1.53,33.46,36.364333333333335,17.367116109303293,15.058333333333335,-273.91,69.88,46.31,37.69,0.9749279121818236,-0.22252093395631434,15,0.2551824131233728,0.9668929289391521,0.49999999999999994,0.8660254037844387,1263.2918044459225,1109.0,1263.2918044459225,1107.0,-0.001857355126300253,0
2025-01-16,3,16,1,2025,False,15,False,False,False,False,False,1109,1263.2918044459225,80.75,6.25,39.31,51.16,11.85,54.82,67.64,-12.82,35.78,10.92,24.86,41.7,10.29,31.41,41.05,11.96,29.09,31.75142857142857,16.268710693200273,11.630000000000004,-12.82,33.46,36.992666666666665,17.690341205132864,13.824333333333335,-273.91,69.88,35.78,22.39,0.43388373911755823,-0.900968867902419,16,0.2717767384711357,0.9623603298276545,0.49999999999999994,0.8660254037844387,1263.2918044459225,1109.0,1263.2918044459225,1107.0,-0.00037137905422135464,0
2025-01-17,4,17,1,2025,False,14,False,False,False,False,False,1109,1263.2918044459225,80.82,6.25,17.45,29.54,12.09,51.16,11.85,39.31,35.43,14.34,21.09,40.72,11.65,29.07,49.56,12.4,37.16,33.94857142857143,17.863822312681265,13.694285714285721,-12.82,39.31,37.32966666666667,17.865726479594294,14.165000000000003,-273.91,69.88,35.43,23.69,-0.433883739117558,-0.9009688679024191,17,0.2882906407095177,0.9575429528116719,0.49999999999999994,0.8660254037844387,1263.2918044459225,1109.0,1263.2918044459225,1108.0,0.001611104226050264,0
2025-01-18,5,18,1,2025,True,13,False,False,False,False,False,1110,1263.2918044459225,80.83,6.25,4.94,15.78,10.84,29.54,12.09,17.45,11.17,11.66,-0.49,13.34,12.04,1.3,39.2,14.23,24.97,33.107142857142854,17.921038580660586,13.174285714285718,-12.82,39.31,36.662333333333336,17.766763950263044,13.508000000000003,-273.91,69.88,11.17,33.31,-0.9749279121818236,-0.2225209339563146,18,0.3047192331091634,0.9524422234305676,0.49999999999999994,0.8660254037844387,1263.2918044459225,1109.0,1263.2918044459225,1108.0,0.0013627353815659493,0
2025-01-19,6,19,1,2025,True,12,False,False,False,False,False,1110,1263.2918044459225,80.85,6.25,6.32,17.9,11.58,15.78,10.84,4.94,11.44,12.97,-1.53,15.65,289.56,-273.91,45.87,12.66,33.21,33.76571428571428,17.043754337139553,13.950000000000005,-12.82,39.31,35.88166666666667,18.161562306208623,12.840333333333337,-273.91,69.88,11.44,9.87,-0.7818314824680299,0.6234898018587334,19,0.321057654185271,0.9470596510722283,0.49999999999999994,0.8660254037844387,1263.2918044459225,1110.0,1263.2918044459225,1108.0,0.0016105054509414352,0
2025-01-20,0,20,1,2025,False,11,False,False,False,False,False,1110,1263.2918044459225,80.85,6.25,25.43,36.46,11.03,17.9,11.58,6.32,28.48,11.64,16.84,37.03,11.72,25.31,14.59,13.05,1.54,34.68857142857143,15.759965554712222,15.071428571428578,-12.82,39.31,34.949333333333335,18.34809412884398,11.944,-273.91,69.88,28.48,14.22,0.0,1.0,20,0.3373010691361842,0.9413968285264122,0.49999999999999994,0.8660254037844387,1263.2918044459225,1110.0,1263.2918044459225,1108.0,0.002852890101711525,0
2025-01-21,1,21,1,2025,False,10,False,False,False,False,False,1110,1263.2918044459225,80.83,6.25,25.56,40.31,14.75,36.46,11.03,25.43,45.14,11.68,33.46,41.3,9.96,31.34,17.38,13.64,3.74,35.82857142857143,15.52285135810157,16.29857142857143,-12.82,39.31,35.67833333333333,17.941245696061237,12.740333333333336,-273.91,69.88,45.14,30.31,0.7818314824680298,0.6234898018587336,21,0.3534446712740877,0.9354554315134164,0.49999999999999994,0.8660254037844387,1263.2918044459225,1110.0,1263.2918044459225,1109.0,0.0026048127015627642,0
2025-01-22,2,22,1,2025,False,9,False,False,False,False,False,1110,1263.2918044459225,80.75,6.25,15.96,27.58,11.62,40.31,14.75,25.56,54.82,67.64,-12.82,46.31,13.46,32.85,47.92,10.79,37.13,35.13857142857143,15.142662060738056,15.170000000000003,-12.82,39.31,36.442666666666675,17.620381798151893,13.46766666666667,-273.91,69.88,54.82,22.64,0.9749279121818236,-0.22252093395631434,22,0.3694836834473831,0.9292372181882051,0.49999999999999994,0.8660254037844387,1263.2918044459225,1110.0,1263.2918044459225,1109.0,0.0017367572261506314,0
2025-01-23,3,23,1,2025,False,8,False,False,False,False,False,1111,1263.2918044459225,80.73,6.25,27.84,41.53,13.69,27.58,11.62,15.96,51.16,11.85,39.31,35.78,10.92,24.86,38.84,13.1,25.74,31.247142857142858,12.513806660759082,19.281428571428574,4.94,39.31,35.76466666666667,17.554727182066394,12.762000000000002,-273.91,69.88,51.16,25.53,0.43388373911755823,-0.900968867902419,23,0.38541335945432564,0.9227440286201427,0.49999999999999994,0.8660254037844387,1263.2918044459225,1110.0,1263.2918044459225,1109.0,-0.0002476780185758365,0
2025-01-24,4,24,1,2025,False,7,False,False,False,False,False,1111,1263.2918044459225,80.67,6.25,21.19,32.69,11.5,41.53,13.69,27.84,29.54,12.09,17.45,35.43,14.34,21.09,10.67,11.79,-1.12,29.871428571428574,10.291900421482683,17.642857142857146,4.94,27.84,35.85433333333334,17.577831980265252,12.832000000000003,-273.91,69.88,29.54,19.55,-0.433883739117558,-0.9009688679024191,24,0.4012289854475009,0.9159777842484877,0.49999999999999994,0.8660254037844387,1263.2918044459225,1111.0,1263.2918044459225,1109.0,-0.0018559762435039762,0
2025-01-25,5,25,1,2025,True,6,False,False,False,False,False,1111,1263.2918044459225,80.57,6.25,2.32,14.36,12.04,32.69,11.5,21.19,15.78,10.84,4.94,11.17,11.66,-0.49,53.09,9.44,43.65,30.321428571428573,10.34372825850116,18.17714285714286,4.94,27.84,36.58833333333334,16.93804615270791,13.57566666666667,-273.91,69.88,15.78,7.69,-0.9749279121818236,-0.2225209339563146,25,0.4169258813287287,0.908940487313808,0.49999999999999994,0.8660254037844387,1263.2918044459225,1111.0,1263.2918044459225,1110.0,-0.0032166274897934555,0
2025-01-26,6,26,1,2025,True,5,False,False,False,False,True,1111,1263.2918044459225,80.62,6.25,-7.66,2.62,10.28,14.36,12.04,2.32,17.9,11.58,6.32,11.44,12.97,-1.53,68.48,9.82,58.66,30.118571428571432,10.684742125372772,17.802857142857146,2.32,27.84,35.29733333333333,17.112022580092873,12.198000000000004,-273.91,69.88,17.9,15.74,-0.7818314824680299,0.6234898018587334,26,0.4324994021339788,0.901634220265486,0.49999999999999994,0.8660254037844387,1263.2918044459225,1111.0,1263.2918044459225,1110.0,-0.0028447742733456183,0
2025-01-27,0,27,1,2025,False,4,True,False,False,False,False,1112,1263.2918044459225,80.65,6.25,52.06,63.29,11.23,2.62,10.28,-7.66,36.46,11.03,25.43,28.48,11.64,16.84,17.36,10.97,6.39,27.935714285714287,14.482783868145987,15.80571428571429,-7.66,27.84,33.102,16.931863738383093,9.987333333333336,-273.91,69.88,36.46,15.08,0.0,1.0,27,0.44794493940789115,0.8940611451454876,0.49999999999999994,0.8660254037844387,1263.2918044459225,1111.0,1263.2918044459225,1110.0,-0.0024737167594308662,0
2025-01-28,1,28,1,2025,False,3,True,False,False,False,False,1112,1263.2918044459225,80.5,6.25,57.03,69.02,11.99,63.29,11.23,52.06,40.31,14.75,25.56,45.14,11.68,33.46,25.12,12.82,12.3,31.768571428571427,19.7185728257832,19.610000000000007,-7.66,52.06,34.633,17.525487085562165,11.50966666666667,-273.91,69.88,40.31,56.48,0.7818314824680298,0.6234898018587336,28,0.4632579225674917,0.88622350294858,0.49999999999999994,0.8660254037844387,1263.2918044459225,1112.0,1263.2918044459225,1110.0,-0.004082642583199236,0
2025-01-29,2,29,1,2025,False,2,True,False,False,False,False,1112,1263.2918044459225,80.49,6.25,36.09,49.85,13.76,69.02,11.99,57.03,27.58,11.62,15.96,54.82,67.64,-12.82,52.48,12.29,40.19,35.87,24.25521799530982,24.105714285714292,-7.66,57.03,36.09633333333333,18.508960082439323,13.00066666666667,-273.91,69.88,27.58,57.71,0.9749279121818236,-0.22252093395631434,29,0.4784338202547012,0.8781236129591848,0.49999999999999994,0.8660254037844387,1263.2918044459225,1112.0,1263.2918044459225,1110.0,-0.0032198142414860964,0
2025-01-30,3,30,1,2025,False,1,True,False,False,False,False,1112,1263.2918044459225,80.57,6.25,34.76,46.77,12.01,49.85,13.76,36.09,41.53,13.69,27.84,51.16,11.85,39.31,82.26,12.38,69.88,39.05142857142857,24.446402208758297,26.981428571428577,-7.66,57.03,36.00866666666666,18.434763586923108,12.864000000000003,-273.91,69.88,41.53,45.1,0.43388373911755823,-0.900968867902419,30,0.49346814167723735,0.8697638720650646,0.49999999999999994,0.8660254037844387,1263.2918044459225,1112.0,1263.2918044459225,1111.0,-0.001981915025393466,0
2025-01-31,4,31,1,2025,False,0,True,False,False,False,False,1113,1263.2918044459225,80.66,6.25,25.43,38.93,13.5,46.77,12.01,34.76,32.69,11.5,21.19,29.54,12.09,17.45,47.6,14.18,33.42,39.8,24.61459594089115,27.970000000000002,-7.66,57.03,34.82566666666666,16.389662991913685,11.693333333333335,-273.91,57.03,32.69,21.26,-0.433883739117558,-0.9009688679024191,31,0.5083564379375122,0.8611467540480452,0.49999999999999994,0.8660254037844387,1263.2918044459225,1112.0,1263.2918044459225,1111.0,-0.0001239618197595993,0
2025-02-01,5,1,2,2025,True,27,False,False,False,False,False,1113,1211.1966612377942,80.74,6.25,0.51,12.66,12.15,38.93,13.5,25.43,14.36,12.04,2.32,15.78,10.84,4.94,41.7,10.29,31.41,40.69142857142857,24.426462036468756,28.57571428571429,-7.66,57.03,34.53666666666666,16.232329242708133,11.427000000000001,-273.91,57.03,14.36,34.88,-0.9749279121818236,-0.2225209339563146,32,0.5230943033491326,0.8522748088519838,0.8660254037844386,0.5000000000000001,1263.2918044459225,1113.0,1263.2918044459225,1111.0,0.0021099664887676006,0
2025-02-02,6,2,2,2025,True,26,False,False,False,False,False,1113,1211.1966612377942,80.74,6.25,-1.45,11.96,13.41,12.66,12.15,0.51,2.62,10.28,-7.66,17.9,11.58,6.32,40.72,11.65,29.07,40.448571428571434,24.738351756312493,28.317142857142862,-7.66,57.03,33.568666666666665,16.650910036916027,10.397000000000002,-273.91,57.03,2.62,12.07,-0.7818314824680299,0.6234898018587334,33,0.5376773767406141,0.8431506618282,0.8660254037844386,0.5000000000000001,1211.1966612377942,1113.0,1263.2918044459225,1111.0,0.0014884644008930081,0
2025-02-03,0,3,2,2025,False,25,False,False,False,False,False,1113,1211.1966612377942,80.68,6.25,17.38,28.71,11.33,11.96,13.41,-1.45,63.29,11.23,52.06,36.46,11.03,25.43,13.34,12.04,1.3,41.78285714285715,22.509449655856216,29.20428571428572,-1.45,57.03,32.61,17.04815997756619,9.37966666666667,-273.91,57.03,63.29,11.55,0.0,1.0,34,0.5521013427459208,0.8337770129585915,0.8660254037844386,0.5000000000000001,1211.1966612377942,1113.0,1263.2918044459225,1112.0,0.00037197768133911957,0
2025-02-04,1,4,2,2025,False,24,False,False,False,False,False,1114,1211.1966612377942,80.59,6.25,26.7,41.18,14.48,28.71,11.33,17.38,69.02,11.99,57.03,40.31,14.75,25.56,15.65,289.56,-273.91,36.84285714285714,20.726670189465036,24.250000000000004,-1.45,57.03,33.12233333333333,16.675974392940965,9.91566666666667,-273.91,57.03,69.02,37.25,0.7818314824680298,0.6234898018587336,35,0.5663619330814524,0.8241566360566663,0.8660254037844386,0.5000000000000001,1211.1966612377942,1113.0,1263.2918044459225,1112.0,0.001118012422360204,0
2025-02-05,2,5,2,2025,False,23,False,False,True,False,False,1114,1211.1966612377942,80.62,6.25,-261.65,35.0,296.65,41.18,14.48,26.7,49.85,13.76,36.09,27.58,11.62,15.96,37.03,11.72,25.31,32.86571428571428,15.547174295396248,19.91714285714286,-1.45,36.09,33.97333333333333,16.402767918930586,19.936000000000003,-12.82,57.03,49.85,25.31,0.9749279121818236,-0.22252093395631434,36,0.580454927809098,0.8142923779467267,0.8660254037844386,0.5000000000000001,1211.1966612377942,1114.0,1263.2918044459225,1112.0,0.0016151074667660748,0
2025-02-06,3,6,2,2025,False,22,False,False,False,False,False,1114,1211.1966612377942,80.65,6.25,20.71,31.27,10.56,35.0,296.65,-261.65,46.77,12.01,34.76,41.53,13.69,27.84,41.3,9.96,31.34,30.744285714285713,13.753022524937188,-22.617142857142852,-261.65,34.76,33.90566666666667,16.39390817963485,10.370666666666672,-261.65,57.03,46.77,44.81,0.43388373911755823,-0.900968867902419,37,0.5943761565849831,0.804187157621448,0.8660254037844386,0.5000000000000001,1211.1966612377942,1114.0,1263.2918044459225,1112.0,0.000992925406478884,0
2025-02-07,4,7,2,2025,False,21,False,False,False,False,False,1114,1211.1966612377942,80.75,6.25,24.24,34.35,10.11,31.27,10.56,20.71,38.93,13.5,25.43,32.69,11.5,21.19,46.31,13.46,32.85,28.53,11.86033445284467,-24.62428571428571,-261.65,26.7,33.571333333333335,16.340096385427387,10.016333333333337,-261.65,57.03,38.93,26.26,-0.433883739117558,-0.9009688679024191,38,0.6081214998935418,0.7938439653781019,0.8660254037844386,0.5000000000000001,1211.1966612377942,1114.0,1263.2918044459225,1113.0,0.0011157946937763175,0
2025-02-08,5,8,2,2025,True,20,False,False,False,False,False,1115,1211.1966612377942,80.84,6.25,1.7,16.11,14.41,34.35,10.11,24.24,12.66,12.15,0.51,14.36,12.04,2.32,35.78,10.92,24.86,27.875714285714285,11.304283638136008,-24.79428571428571,-261.65,26.7,33.172666666666665,16.163526828642,9.729333333333336,-261.65,57.03,12.66,35.72,-0.9749279121818236,-0.2225209339563146,39,0.6216868902665479,0.7832658619336791,0.8660254037844386,0.5000000000000001,1211.1966612377942,1114.0,1211.1966612377942,1113.0,0.001238543472876108,0
2025-02-09,6,9,2,2025,True,19,False,False,False,False,False,1115,1211.1966612377942,80.83,6.25,2.42,14.81,12.39,16.11,14.41,1.7,11.96,13.41,-1.45,2.62,10.28,-7.66,35.43,14.34,21.09,28.368571428571432,10.582490930103141,-24.62428571428571,-261.65,26.7,32.517,16.450519151225215,8.957333333333336,-261.65,57.03,11.96,8.06,-0.7818314824680299,0.6234898018587334,40,0.6350683134867438,0.7724559775191742,0.8660254037844386,0.5000000000000001,1211.1966612377942,1115.0,1211.1966612377942,1113.0,0.0011146891255884306,0
2025-02-10,0,10,2,2025,False,18,False,False,False,False,False,1115,1211.1966612377942,80.73,6.25,26.03,37.07,11.04,14.81,12.39,2.42,28.71,11.33,17.38,63.29,11.23,52.06,11.17,11.66,-0.49,28.775714285714287,9.877313833802669,-24.071428571428566,-261.65,26.7,31.829666666666665,16.752608954476592,8.335000000000004,-261.65,57.03,28.71,9.24,0.0,1.0,41,0.6482618097757122,0.7614175109532997,0.8660254037844386,0.5000000000000001,1211.1966612377942,1115.0,1211.1966612377942,1113.0,0.0006197322756569257,0
2025-02-11,1,11,2,2025,False,17,False,False,False,False,False,1115,1211.1966612377942,80.7,6.25,29.49,42.42,12.93,37.07,11.04,26.03,41.18,14.48,26.7,69.02,11.99,57.03,11.44,12.97,-1.53,29.97,10.361584499164904,-22.835714285714282,-261.65,26.7,32.693,16.312810948284866,9.219000000000003,-261.65,57.03,41.18,41.01,0.7818314824680298,0.6234898018587336,42,0.6612634749656386,0.7501537286959042,0.8660254037844386,0.5000000000000001,1211.1966612377942,1115.0,1211.1966612377942,1114.0,0.0013649336145924451,0
2025-02-12,2,12,2,2025,False,16,False,False,False,False,False,1116,1211.1966612377942,80.72,6.25,18.55,30.79,12.24,42.42,12.93,29.49,35.0,296.65,-261.65,49.85,13.76,36.09,28.48,11.64,16.84,30.14714285714286,10.593184466573696,-22.43714285714285,-261.65,29.49,33.72566666666667,15.896278827911653,10.253000000000005,-261.65,57.03,35.0,29.78,0.9749279121818236,-0.22252093395631434,43,0.6740694616546161,0.7386679638813748,0.8660254037844386,0.5000000000000001,1211.1966612377942,1115.0,1211.1966612377942,1114.0,0.0012403870007442475,0
2025-02-13,3,13,2,2025,False,15,False,False,False,False,False,1116,1211.1966612377942,80.7,6.25,24.26,38.17,13.91,30.79,12.24,18.55,31.27,10.56,20.71,46.77,12.01,34.76,45.14,11.68,33.46,29.54571428571429,10.389292335770337,17.591428571428576,1.7,29.49,33.80266666666667,15.87557437100135,10.310000000000004,-261.65,57.03,31.27,36.31,0.43388373911755823,-0.900968867902419,44,0.6866759803451553,0.726963615332308,0.8660254037844386,0.5000000000000001,1211.1966612377942,1116.0,1211.1966612377942,1114.0,0.000619962802231866,0
2025-02-14,4,14,2,2025,False,14,False,False,False,False,False,1116,1211.1966612377942,80.66,6.25,29.18,38.97,9.79,38.17,13.91,24.26,34.35,10.11,24.24,38.93,13.5,25.43,54.82,67.64,-12.82,30.531428571428574,10.89516777990968,18.098571428571436,1.7,29.49,33.57033333333333,15.754475113184624,10.003333333333337,-261.65,57.03,34.35,32.57,-0.433883739117558,-0.9009688679024191,45,0.6990793005655562,0.7150441465537444,0.8660254037844386,0.5000000000000001,1211.1966612377942,1116.0,1211.1966612377942,1114.0,-0.0011145510835913752,0
2025-02-15,5,15,2,2025,True,13,False,False,False,True,False,1116,1211.1966612377942,80.68,6.25,-57.35,12.21,69.56,38.97,9.79,29.18,16.11,14.41,1.7,12.66,12.15,0.51,51.16,11.85,39.31,31.191428571428567,11.297543137885427,18.80428571428572,1.7,29.49,33.042,15.275781011694333,11.403333333333338,-261.65,57.03,16.11,30.63,-0.9749279121818236,-0.2225209339563146,46,0.7112757519738152,0.7029130847082615,0.8660254037844386,0.5000000000000001,1211.1966612377942,1116.0,1211.1966612377942,1115.0,-0.0019792182088075316,0
2025-02-16,6,16,2,2025,True,12,False,False,False,False,False,1116,1211.1966612377942,80.64,6.25,3.46,14.37,10.91,12.21,69.56,-57.35,14.81,12.39,2.42,11.96,13.41,-1.45,29.54,12.09,17.45,30.634285714285713,12.223469034529288,10.368571428571434,-57.35,29.49,31.74366666666667,15.33789008628145,8.181333333333336,-261.65,57.03,14.81,13.96,-0.7818314824680299,0.6234898018587334,47,0.7232617254437388,0.6905740195722294,0.8660254037844386,0.5000000000000001,1211.1966612377942,1116.0,1211.1966612377942,1115.0,-0.0023506123963874526,0
2025-02-17,0,17,2,2025,False,11,False,False,False,False,False,1117,1211.1966612377942,80.59,6.25,23.59,32.98,9.39,14.37,10.91,3.46,37.07,11.04,26.03,28.71,11.33,17.38,15.78,10.84,4.94,30.571428571428573,12.319161806675352,10.517142857142861,-57.35,29.49,31.238,15.65973585015252,7.715000000000003,-261.65,57.03,37.07,10.47,0.0,1.0,48,0.7350336741329412,0.6780306024735382,0.8660254037844386,0.5000000000000001,1211.1966612377942,1116.0,1211.1966612377942,1115.0,-0.001734175647219116,0
2025-02-18,1,18,2,2025,False,10,False,False,False,False,False,1117,1211.1966612377942,80.61,6.25,28.89,41.6,12.71,32.98,9.39,23.59,42.42,12.93,29.49,41.18,14.48,26.7,17.9,11.58,6.32,29.987142857142857,12.053703046900491,10.168571428571434,-57.35,29.49,31.811333333333334,15.386756449069722,8.33666666666667,-261.65,57.03,42.42,22.65,0.7818314824680298,0.6234898018587336,49,0.746588114532413,0.6652865452111116,0.8660254037844386,0.5000000000000001,1211.1966612377942,1117.0,1211.1966612377942,1115.0,-0.0011152416356877692,0
2025-02-19,2,19,2,2025,False,9,False,False,False,False,False,1117,1211.1966612377942,80.58,6.25,30.78,41.91,11.13,41.6,12.71,28.89,30.79,12.24,18.55,35.0,296.65,-261.65,36.46,11.03,25.43,29.869999999999997,11.915934709455279,10.082857142857149,-57.35,29.18,32.60133333333333,15.25573464439618,9.089000000000004,-261.65,57.03,30.79,27.01,0.9749279121818236,-0.22252093395631434,50,0.7579216274973472,0.6523456189565257,0.8660254037844386,0.5000000000000001,1211.1966612377942,1117.0,1211.1966612377942,1116.0,-0.001734390485629289,0
2025-02-20,3,20,2,2025,False,8,False,False,False,False,False,1117,1211.1966612377942,80.6,6.25,10.14,22.45,12.31,41.91,11.13,30.78,38.17,13.91,24.26,31.27,10.56,20.71,40.31,14.75,25.56,31.458571428571425,12.769672964451704,11.830000000000004,-57.35,30.78,32.783,15.335509424546181,9.267333333333337,-261.65,57.03,38.17,34.47,0.43388373911755823,-0.900968867902419,51,0.7690308592589181,0.6392116531380588,0.8660254037844386,0.5000000000000001,1211.1966612377942,1117.0,1211.1966612377942,1116.0,-0.0012391573729865213,0
2025-02-21,4,21,2,2025,False,7,False,False,False,False,False,1118,1211.1966612377942,80.62,6.25,32.53,47.02,14.49,22.45,12.31,10.14,38.97,9.79,29.18,34.35,10.11,24.24,27.58,11.62,15.96,29.21285714285714,12.774947768041615,9.812857142857146,-57.35,30.78,32.187666666666665,15.379834688886332,8.753333333333337,-261.65,57.03,38.97,33.52,-0.433883739117558,-0.9009688679024191,52,0.7799125224167177,0.6258885343075018,0.8660254037844386,0.5000000000000001,1211.1966612377942,1117.0,1211.1966612377942,1116.0,-0.0004959087527893757,0
2025-02-22,5,22,2,2025,True,6,False,False,False,False,False,1118,1211.1966612377942,80.53,6.25,-3.38,7.67,11.05,47.02,14.49,32.53,12.21,69.56,-57.35,16.11,14.41,1.7,41.53,13.69,27.84,30.362857142857138,14.093915607199378,10.291428571428577,-57.35,32.53,32.83566666666666,15.587141624524634,9.30566666666667,-261.65,57.03,12.21,23.54,-0.9749279121818236,-0.2225209339563146,53,0.7905633969115482,0.612380204990065,0.8660254037844386,0.5000000000000001,1211.1966612377942,1118.0,1211.1966612377942,1116.0,-0.001859196826970777,0
2025-02-23,6,23,2,2025,True,5,False,False,False,False,False,1118,1211.1966612377942,80.49,6.25,0.92,11.89,10.97,7.67,11.05,-3.38,14.37,10.91,3.46,14.81,12.39,2.42,32.69,11.5,21.19,29.714285714285715,15.13453980926068,18.00142857142858,-3.38,32.53,31.707,16.1515593674419,8.265000000000004,-261.65,57.03,14.37,9.59,-0.7818314824680299,0.6234898018587334,54,0.8009803309782905,0.5986906625177214,0.8660254037844386,0.5000000000000001,1211.1966612377942,1118.0,1211.1966612377942,1116.0,-0.0018601190476190688,0
2025-02-24,0,24,2,2025,False,4,True,False,False,False,False,1118,1211.1966612377942,80.61,6.25,54.6,66.18,11.58,11.89,10.97,0.92,32.98,9.39,23.59,37.07,11.04,26.03,14.36,12.04,2.32,29.359999999999996,15.57618481314774,17.638571428571435,-3.38,32.53,31.013666666666666,16.549444304314562,7.589333333333338,-261.65,57.03,32.98,14.27,0.0,1.0,55,0.8111602420785621,0.5848239578463322,0.8660254037844386,0.5000000000000001,1211.1966612377942,1118.0,1211.1966612377942,1117.0,0.0002481697481075962,0
2025-02-25,1,25,2,2025,False,3,True,False,False,False,False,1119,1211.1966612377942,80.51,6.25,39.33,51.97,12.64,66.18,11.58,54.6,41.6,12.71,28.89,42.42,12.93,29.49,2.62,10.28,-7.66,34.10285714285715,20.97955490017663,22.06857142857143,-3.38,54.6,32.741,17.43208997895785,9.332000000000003,-261.65,57.03,41.6,42.38,0.7818314824680298,0.6234898018587336,56,0.8211001178128892,0.5707841943569036,0.8660254037844386,0.5000000000000001,1211.1966612377942,1118.0,1211.1966612377942,1117.0,-0.0012405408758218162,0
2025-02-26,2,26,2,2025,False,2,True,False,False,False,False,1119,1211.1966612377942,80.34,6.25,31.43,42.26,10.83,51.97,12.64,39.33,41.91,11.13,30.78,30.79,12.24,18.55,63.29,11.23,52.06,35.58428571428571,21.941268466174954,23.560000000000002,-3.38,54.6,34.386,16.809022741291084,10.898333333333339,-261.65,57.03,41.91,35.33,0.9749279121818236,-0.22252093395631434,57,0.8307970168121247,0.5565755266413303,0.8660254037844386,0.5000000000000001,1211.1966612377942,1119.0,1211.1966612377942,1117.0,-0.0029784065524943726,0
2025-02-27,3,27,2,2025,False,1,True,False,False,False,False,1119,1211.1966612377942,80.2,6.25,34.43,45.19,10.76,42.26,10.83,31.43,22.45,12.31,10.14,38.17,13.91,24.26,69.02,11.99,57.03,35.63428571428572,21.95847813271137,23.652857142857147,-3.38,54.6,33.684999999999995,15.98012855457331,10.21066666666667,-261.65,57.03,22.45,40.42,0.43388373911755823,-0.900968867902419,58,0.8402480696078469,0.5422021592729844,0.8660254037844386,0.5000000000000001,1211.1966612377942,1119.0,1211.1966612377942,1117.0,-0.004962779156327479,0
2025-02-28,4,28,2,2025,False,0,True,False,False,False,False,1119,1211.1966612377942,80.2,6.25,53.47,66.2,12.73,45.19,10.76,34.43,47.02,14.49,32.53,38.97,9.79,29.18,49.85,13.76,36.09,38.88285714285714,21.35674110149281,27.122857142857146,-3.38,54.6,32.89066666666667,14.704496833500853,9.457333333333336,-261.65,54.6,47.02,39.7,-0.433883739117558,-0.9009688679024191,59,0.8494504794814806,0.527668345562516,0.8660254037844386,0.5000000000000001,1211.1966612377942,1119.0,1211.1966612377942,1118.0,-0.0052096254031257505,0
2025-03-01,5,1,3,2025,True,30,False,False,False,False,False,1120,1299.3077296388335,80.2,6.25,-0.19,11.58,11.77,66.2,12.73,53.47,7.67,11.05,-3.38,12.21,69.56,-57.35,46.77,12.01,34.76,41.62285714285714,23.67883141421593,30.11428571428572,-3.38,54.6,33.43566666666666,15.628694362334432,10.03666666666667,-261.65,54.6,7.67,37.65,-0.9749279121818236,-0.2225209339563146,60,0.8584015232918917,0.512978386299228,1.0,6.123233995736766e-17,1211.1966612377942,1119.0,1211.1966612377942,1118.0,-0.004097851732273616,1
2025-03-02,6,2,3,2025,True,29,False,False,False,False,False,1120,1299.3077296388335,80.19,6.25,10.82,20.06,9.24,11.58,11.77,-0.19,11.89,10.97,0.92,14.37,10.91,3.46,38.93,13.5,25.43,42.18142857142857,22.77321191559028,30.570000000000004,-0.19,54.6,32.26266666666667,15.911408167885629,8.871666666666671,-261.65,54.6,11.89,13.27,-0.7818314824680299,0.6234898018587334,61,0.8670985522812081,0.4981366284784055,1.0,6.123233995736766e-17,1299.3077296388335,1120.0,1211.1966612377942,1118.0,-0.003727171077152369,1
2025-03-03,0,3,3,2025,False,28,False,False,False,False,False,1120,1299.3077296388335,80.29,6.25,36.28,46.31,10.03,20.06,9.24,10.82,66.18,11.58,54.6,32.98,9.39,23.59,12.66,12.15,0.51,43.348571428571425,21.110686415945437,31.984285714285715,-0.19,54.6,31.633666666666667,16.011414997740996,8.384666666666671,-261.65,54.6,66.18,11.17,0.0,1.0,62,0.8755389928586302,0.4831474640149687,1.0,6.123233995736766e-17,1299.3077296388335,1120.0,1211.1966612377942,1118.0,-0.003969730802629856,1
2025-03-04,1,4,3,2025,False,27,False,False,False,False,False,1120,1299.3077296388335,80.07,6.25,24.57,37.74,13.17,46.31,10.03,36.28,51.97,12.64,39.33,41.6,12.71,28.89,11.96,13.41,-1.45,40.51,18.7308124045204,29.36714285714286,-0.19,53.47,32.75533333333333,15.813838927002998,9.577000000000004,-261.65,54.6,51.97,30.53,0.7818314824680298,0.6234898018587336,63,0.8837203473619977,0.4680153284438345,1.0,6.123233995736766e-17,1299.3077296388335,1120.0,1211.1966612377942,1119.0,-0.005465159607502268,1
2025-03-05,2,5,3,2025,False,26,False,False,True,False,False,1121,1299.3077296388335,80.11,6.25,-282.0,42.11,324.11,37.74,13.17,24.57,42.26,10.83,31.43,41.91,11.13,30.78,28.71,11.33,17.38,38.47714285714285,18.03918763348816,27.25857142857143,-0.19,53.47,33.61466666666667,15.338136993676294,10.444333333333336,-261.65,54.6,42.26,33.6,0.9749279121818236,-0.22252093395631434,64,0.8916401947968874,0.45274469960737107,1.0,6.123233995736766e-17,1299.3077296388335,1120.0,1211.1966612377942,1119.0,-0.0028628329599204028,1
2025-03-06,3,6,3,2025,False,25,False,False,False,False,False,1121,1299.3077296388335,80.23,6.25,28.44,38.95,10.51,42.11,324.11,-282.0,45.19,10.76,34.43,22.45,12.31,10.14,41.18,14.48,26.7,38.455714285714286,18.034033434170063,-17.517142857142854,-282.0,53.47,34.06133333333334,15.385421387286321,0.4650000000000034,-282.0,54.6,45.19,28.29,0.43388373911755823,-0.900968867902419,65,0.8992961915530253,0.4373400963303323,1.0,6.123233995736766e-17,1299.3077296388335,1121.0,1211.1966612377942,1119.0,0.00037406483790514145,1
2025-03-07,4,7,3,2025,False,24,False,False,False,False,False,1121,1299.3077296388335,80.14,6.25,43.52,54.67,11.15,38.95,10.51,28.44,66.2,12.73,53.47,47.02,14.49,32.53,35.0,296.65,-261.65,37.56428571428571,17.79835840477328,-18.37285714285714,-282.0,53.47,33.987,15.355199534966005,0.5230000000000039,-282.0,54.6,66.2,26.65,-0.433883739117558,-0.9009688679024191,66,0.9066860720977985,0.4218060770826634,1.0,6.123233995736766e-17,1299.3077296388335,1121.0,1211.1966612377942,1119.0,-0.0007481296758105049,1
2025-03-08,5,8,3,2025,True,23,False,False,False,False,False,1121,1299.3077296388335,80.11,6.25,7.32,18.68,11.36,54.67,11.15,43.52,11.58,11.77,-0.19,7.67,11.05,-3.38,31.27,10.56,20.71,35.917142857142856,15.023865142150516,-19.79428571428571,-282.0,43.52,34.64266666666666,15.813073799502266,10.695333333333336,-282.0,54.6,11.58,27.66,-0.9749279121818236,-0.2225209339563146,67,0.9138076496466615,0.40614723863057883,1.0,6.123233995736766e-17,1299.3077296388335,1121.0,1299.3077296388335,1120.0,-0.0011221945137157574,1
2025-03-09,6,9,3,2025,True,22,False,False,False,False,False,1122,1299.3077296388335,80.05,6.25,-0.21,12.01,12.22,18.68,11.36,7.32,20.06,9.24,10.82,11.89,10.97,0.92,34.35,10.11,24.24,36.93142857142857,13.240847692615803,-18.721428571428568,-282.0,43.52,34.223,16.070635064592494,10.249000000000004,-282.0,54.6,20.06,10.23,-0.7818314824680299,0.6234898018587334,68,0.9206588168102428,0.3903682146763026,1.0,6.123233995736766e-17,1299.3077296388335,1121.0,1299.3077296388335,1120.0,-0.0017458535977054046,1
2025-03-10,0,10,3,2025,False,21,False,False,False,False,False,1122,1299.3077296388335,79.98,6.25,33.59,43.5,9.91,12.01,12.22,-0.21,46.31,10.03,36.28,66.18,11.58,54.6,16.11,14.41,1.7,35.78142857142857,15.160778815275812,-20.297142857142852,-282.0,43.52,33.47833333333333,16.57424197743102,9.434000000000003,-282.0,54.6,46.31,9.3,0.0,1.0,69,0.9272375462179537,0.374473674486883,1.0,6.123233995736766e-17,1299.3077296388335,1122.0,1299.3077296388335,1120.0,-0.0038610038610038533,1
2025-03-11,1,11,3,2025,False,20,False,False,False,False,False,1122,1299.3077296388335,79.95,6.25,29.6,40.04,10.44,43.5,9.91,33.59,37.74,13.17,24.57,51.97,12.64,39.33,14.81,12.39,2.42,35.38,14.869951804450082,-20.68142857142857,-282.0,43.52,34.391333333333336,16.337208585551434,10.497000000000005,-282.0,54.6,37.74,33.73,0.7818314824680298,0.6234898018587336,70,0.9335418911179212,0.35846832151248087,1.0,6.123233995736766e-17,1299.3077296388335,1122.0,1299.3077296388335,1120.0,-0.0014986886474334105,1
2025-03-12,2,12,3,2025,False,19,False,False,False,False,False,1122,1299.3077296388335,80.07,6.25,47.37,59.04,11.67,40.04,10.44,29.6,42.11,324.11,-282.0,42.26,10.83,31.43,37.07,11.04,26.03,35.70857142857143,14.955952470027306,-19.962857142857136,-282.0,43.52,35.23233333333334,15.938986616714853,11.403000000000002,-282.0,54.6,42.11,37.36,0.9749279121818236,-0.22252093395631434,71,0.9395699859530622,0.342356891994542,1.0,6.123233995736766e-17,1299.3077296388335,1122.0,1299.3077296388335,1121.0,-0.0004993134440145486,1
2025-03-13,3,13,3,2025,False,18,False,False,False,False,False,1122,1299.3077296388335,80.21,6.25,25.44,36.68,11.24,59.04,11.67,47.37,38.95,10.51,28.44,45.19,10.76,34.43,42.42,12.93,29.49,38.12714285714286,17.342212194801608,27.090000000000007,-0.21,47.37,35.964666666666666,16.520443079416143,12.114333333333336,-282.0,54.6,38.95,24.62,0.43388373911755823,-0.900968867902419,72,0.945320046913132,0.3261441535642696,1.0,6.123233995736766e-17,1299.3077296388335,1122.0,1299.3077296388335,1121.0,-0.0002492833104824621,1
2025-03-14,4,14,3,2025,False,17,False,False,False,False,True,1123,1299.3077296388335,80.19,6.25,3.58,15.61,12.03,36.68,11.24,25.44,54.67,11.15,43.52,66.2,12.73,53.47,30.79,12.24,18.55,37.80285714285714,17.3454842483433,26.66142857142858,-0.21,47.37,35.77333333333333,16.476282082568467,11.979333333333336,-282.0,54.6,54.67,32.91,-0.433883739117558,-0.9009688679024191,73,0.9507903724625832,0.3098349038318025,1.0,6.123233995736766e-17,1299.3077296388335,1122.0,1299.3077296388335,1121.0,0.000623908160718667,1
2025-03-15,5,15,3,2025,True,16,False,False,False,True,False,1123,1299.3077296388335,80.34,6.25,-46.84,16.27,63.11,15.61,12.03,3.58,18.68,11.36,7.32,11.58,11.77,-0.19,38.17,13.91,24.26,32.222857142857144,17.29769995720602,20.95571428571429,-0.21,47.37,35.26733333333333,16.86315467957065,11.480333333333336,-282.0,54.6,18.68,31.49,-0.9749279121818236,-0.2225209339563146,74,0.9559793438440766,0.2934339689665273,1.0,6.123233995736766e-17,1299.3077296388335,1123.0,1299.3077296388335,1121.0,0.0028710523030832658,1
2025-03-16,6,16,3,2025,True,15,False,False,False,False,False,1123,1299.3077296388335,80.34,6.25,1.5,13.28,11.78,16.27,63.11,-46.84,12.01,12.22,-0.21,20.06,9.24,10.82,38.97,9.79,29.18,31.878571428571426,17.632911868219107,13.218571428571433,-46.84,47.37,34.537333333333336,17.20374837530818,9.110333333333337,-282.0,54.6,12.01,12.19,-0.7818314824680299,0.6234898018587334,75,0.9608854255574977,0.27694620226893646,1.0,6.123233995736766e-17,1299.3077296388335,1123.0,1299.3077296388335,1122.0,0.0036227357901312818,1
2025-03-17,0,17,3,2025,False,14,False,False,False,False,False,1123,1299.3077296388335,80.48,6.25,28.73,41.41,12.68,13.28,11.78,1.5,43.5,9.91,33.59,46.31,10.03,36.28,12.21,69.56,-57.35,32.059999999999995,17.399395583372083,13.462857142857148,-46.84,47.37,33.681000000000004,17.610073792165572,8.187666666666669,-282.0,54.6,43.5,11.44,0.0,1.0,76,0.9655071658143364,0.2603764827344581,1.0,6.123233995736766e-17,1299.3077296388335,1123.0,1299.3077296388335,1122.0,0.006251562890722706,1
2025-03-18,1,18,3,2025,False,13,False,False,False,False,False,1124,1299.3077296388335,80.47,6.25,28.55,40.49,11.94,41.41,12.68,28.73,40.04,10.44,29.6,37.74,13.17,24.57,14.37,10.91,3.46,31.76142857142857,17.18700422661598,12.768571428571432,-46.84,47.37,34.65433333333333,17.18423348813417,11.057000000000004,-282.0,54.6,40.04,25.22,0.7818314824680298,0.6234898018587336,77,0.969843196967294,0.24372971360968387,1.0,6.123233995736766e-17,1299.3077296388335,1123.0,1299.3077296388335,1122.0,0.006504065040650264,1
2025-03-19,2,19,3,2025,False,12,False,False,False,False,False,1124,1299.3077296388335,80.49,6.25,25.66,37.19,11.53,40.49,11.94,28.55,59.04,11.67,47.37,42.11,324.11,-282.0,32.98,9.39,23.59,31.825714285714287,17.223931855747395,12.618571428571432,-46.84,47.37,35.525,16.777959217891798,11.893333333333336,-282.0,54.6,59.04,26.11,0.9749279121818236,-0.22252093395631434,78,0.9738922359149924,0.22701082094141847,1.0,6.123233995736766e-17,1299.3077296388335,1124.0,1299.3077296388335,1122.0,0.005245410266017325,1
2025-03-20,3,20,3,2025,False,11,False,False,False,False,False,1124,1299.3077296388335,80.51,6.25,36.31,47.58,11.27,37.19,11.53,25.66,36.68,11.24,25.44,38.95,10.51,28.44,41.6,12.71,28.89,28.704285714285714,12.909544088442074,9.517142857142861,-46.84,28.73,35.665333333333336,16.773544385858543,11.962333333333335,-282.0,54.6,36.68,32.94,0.43388373911755823,-0.900968867902419,79,0.9776530844816641,0.2102247521189836,1.0,6.123233995736766e-17,1299.3077296388335,1124.0,1299.3077296388335,1122.0,0.0037401820221918403,1
2025-03-21,4,21,3,2025,False,10,False,False,False,False,False,1124,1299.3077296388335,80.77,6.25,27.04,37.5,10.46,47.58,11.27,36.31,15.61,12.03,3.58,54.67,11.15,43.52,41.91,11.13,30.78,30.26142857142857,14.581070409462932,11.070000000000006,-46.84,36.31,35.86466666666666,16.88168661563484,12.209666666666669,-282.0,54.6,15.61,39.43,-0.433883739117558,-0.9009688679024191,80,0.981124629771712,0.19337647441020586,1.0,6.123233995736766e-17,1299.3077296388335,1124.0,1299.3077296388335,1123.0,0.0072328220476367555,1
2025-03-22,5,22,3,2025,True,9,False,False,False,False,False,1125,1299.3077296388335,80.84,6.25,-0.24,11.06,11.3,37.5,10.46,27.04,16.27,63.11,-46.84,18.68,11.36,7.32,22.45,12.31,10.14,33.388571428571424,13.196748878128368,14.421428571428578,-46.84,36.31,35.717666666666666,16.846394208141124,12.085000000000004,-282.0,54.6,16.27,21.99,-0.9749279121818236,-0.2225209339563146,81,0.984305844499033,0.17647097349152166,1.0,6.123233995736766e-17,1299.3077296388335,1124.0,1299.3077296388335,1123.0,0.006223549912870219,1
2025-03-23,6,23,3,2025,True,8,False,False,False,False,False,1125,1299.3077296388335,80.78,6.25,2.38,15.29,12.91,11.06,11.3,-0.24,13.28,11.78,1.5,12.01,12.22,-0.21,47.02,14.49,32.53,32.644285714285715,14.413922502385091,21.078571428571433,-0.24,36.31,35.338,17.278523723656615,11.739000000000003,-282.0,54.6,13.28,12.2,-0.7818314824680299,0.6234898018587334,82,0.9871957872910085,0.15951325197263655,1.0,6.123233995736766e-17,1299.3077296388335,1125.0,1299.3077296388335,1123.0,0.005476723923325766,1
2025-03-24,0,24,3,2025,False,7,False,False,False,False,False,1125,1299.3077296388335,80.86,6.25,22.56,33.81,11.25,15.29,12.91,2.38,41.41,12.68,28.73,43.5,9.91,33.59,7.67,11.05,-3.38,32.93142857142857,13.977276115862097,21.20428571428572,-0.24,36.31,34.28033333333334,17.508389611315156,10.734000000000004,-282.0,54.6,41.41,14.21,0.0,1.0,83,0.9897936029670716,0.14250832791617088,1.0,6.123233995736766e-17,1299.3077296388335,1125.0,1299.3077296388335,1123.0,0.004721669980119136,1
2025-03-25,1,25,3,2025,False,6,False,True,False,False,False,1125,1299.3077296388335,80.83,6.25,30.43,40.85,10.42,33.81,11.25,22.56,40.49,11.94,28.55,40.04,10.44,29.6,11.89,10.97,0.92,31.845714285714287,13.495800404993767,20.32285714285715,-0.24,36.31,35.151666666666664,16.773441873952095,11.59866666666667,-282.0,54.6,40.49,7.97,0.7818314824680298,0.6234898018587336,84,0.992098522791769,0.12546123335273648,1.0,6.123233995736766e-17,1299.3077296388335,1125.0,1299.3077296388335,1124.0,0.0044737169131352506,1
2025-03-26,2,26,3,2025,False,5,False,True,False,False,False,1126,1299.3077296388335,80.79,6.25,28.86,39.71,10.85,40.85,10.42,30.43,37.19,11.53,25.66,59.04,11.67,47.37,66.18,11.58,54.6,31.897142857142857,13.53486080988122,20.591428571428573,-0.24,36.31,36.117,16.21250265732567,12.582333333333336,-282.0,54.6,37.19,36.18,0.9749279121818236,-0.22252093395631434,85,0.9941098647022418,0.10837701279187609,1.0,6.123233995736766e-17,1299.3077296388335,1125.0,1299.3077296388335,1124.0,0.00372717107715248,1
2025-03-27,3,27,3,2025,False,4,True,True,False,False,False,1126,1299.3077296388335,80.86,6.25,46.35,57.98,11.63,39.71,10.85,28.86,47.58,11.27,36.31,36.68,11.24,25.44,51.97,12.64,39.33,32.25714285714286,13.731192852147206,21.04857142857143,-0.24,36.31,35.23466666666666,15.20921039763535,11.724333333333336,-282.0,53.47,47.58,41.86,0.43388373911755823,-0.900968867902419,86,0.9958270335100595,0.09126072172931188,1.0,6.123233995736766e-17,1299.3077296388335,1126.0,1299.3077296388335,1124.0,0.004347286051422206,1
2025-03-28,4,28,3,2025,False,3,True,True,False,False,False,1126,1299.3077296388335,80.86,6.25,86.25,97.23,10.98,57.98,11.63,46.35,37.5,10.46,27.04,15.61,12.03,3.58,42.26,10.83,31.43,33.74285714285715,16.034847171380374,22.482857142857146,-0.24,46.35,35.434999999999995,15.47451425342034,11.958333333333337,-282.0,53.47,37.5,46.5,-0.433883739117558,-0.9009688679024191,87,0.9972495210773451,0.07411742515094437,1.0,6.123233995736766e-17,1299.3077296388335,1126.0,1299.3077296388335,1124.0,0.001114275102142015,1
2025-03-29,5,29,3,2025,True,2,True,True,False,False,False,1126,1299.3077296388335,80.89,6.25,12.02,23.98,11.96,97.23,10.98,86.25,11.06,11.3,-0.24,16.27,63.11,-46.84,45.19,10.76,34.43,42.27571428571429,29.010146418763508,30.941428571428577,-0.24,86.25,37.26733333333333,19.132636124106618,13.78566666666667,-282.0,86.25,11.06,35.49,-0.9749279121818236,-0.2225209339563146,88,0.998376906467142,0.056952196034039754,1.0,6.123233995736766e-17,1299.3077296388335,1126.0,1299.3077296388335,1125.0,0.0006185056902523467,1
2025-03-30,6,30,3,2025,True,1,True,True,False,False,False,1127,1299.3077296388335,80.89,6.25,12.79,24.81,12.02,23.98,11.96,12.02,15.29,12.91,2.38,13.28,11.78,1.5,66.2,12.73,53.47,44.121428571428574,27.037003303233323,32.69285714285714,2.38,86.25,36.56033333333333,19.221453797565694,13.03866666666667,-282.0,86.25,15.29,10.9,-0.7818314824680299,0.6234898018587334,89,0.9992088560679753,0.03977011384605572,1.0,6.123233995736766e-17,1299.3077296388335,1126.0,1299.3077296388335,1125.0,0.0013617231988116707,1
2025-03-31,0,31,3,2025,False,0,True,True,False,False,False,1127,1299.3077296388335,80.92,6.25,36.79,49.26,12.47,24.81,12.02,12.79,33.81,11.25,22.56,41.41,12.68,28.73,11.58,11.77,-0.19,45.48142857142857,25.543198983011433,34.18,12.02,86.25,35.18066666666666,18.492235450426808,11.68266666666667,-282.0,86.25,33.81,19.7,0.0,1.0,90,0.9997451236925734,0.022576263041545485,1.0,6.123233995736766e-17,1299.3077296388335,1127.0,1299.3077296388335,1125.0,0.0007420232500618962,1
2025-04-01,1,1,4,2025,False,29,False,False,False,False,False,1127,1301.136101609102,80.95,6.25,28.34,41.64,13.3,49.26,12.47,36.79,40.85,10.42,30.43,40.49,11.94,28.55,20.06,9.24,10.82,47.68857142857143,25.028933542716445,36.212857142857146,12.02,86.25,36.43666666666666,18.10965685109374,12.915333333333335,-282.0,86.25,40.85,26.73,0.7818314824680298,0.6234898018587336,91,0.9999855506507186,0.005375731557583884,0.8660254037844387,-0.4999999999999998,1299.3077296388335,1127.0,1299.3077296388335,1125.0,0.0014845973029815607,1
2025-04-02,2,2,4,2025,False,28,False,False,False,False,False,1127,1301.136101609102,80.79,6.25,35.94,48.69,12.75,41.64,13.3,28.34,39.71,10.85,28.86,37.19,11.53,25.66,46.31,10.03,36.28,47.80142857142857,24.99471639405116,35.91428571428572,12.02,86.25,37.156,17.86364707713825,13.499333333333336,-282.0,86.25,39.71,29.4,0.9749279121818236,-0.22252093395631434,92,0.9999300657962057,-0.011826390691832589,0.8660254037844387,-0.4999999999999998,1301.136101609102,1127.0,1299.3077296388335,1126.0,0.0,1
2025-04-03,3,3,4,2025,False,27,False,False,False,False,False,1128,1301.136101609102,80.85,6.25,28.43,38.95,10.52,48.69,12.75,35.94,57.98,11.63,46.35,47.58,11.27,36.31,37.74,13.17,24.57,49.08428571428571,24.73935249566496,36.925714285714285,12.02,86.25,37.23533333333334,17.910924567162162,13.488000000000003,-282.0,86.25,57.98,24.87,0.43388373911755823,-0.900968867902419,93,0.9995786855478958,-0.029025013321975237,0.8660254037844387,-0.4999999999999998,1301.136101609102,1127.0,1299.3077296388335,1126.0,-0.0001236705416770567,1
2025-04-04,4,4,4,2025,False,26,False,False,False,False,False,1128,1301.136101609102,80.77,6.25,44.61,55.16,10.55,38.95,10.52,28.43,97.23,10.98,86.25,37.5,10.46,27.04,42.11,324.11,-282.0,46.36571428571428,24.64429944709521,34.36571428571429,12.02,86.25,37.275666666666666,17.913462416493488,13.616666666666669,-282.0,86.25,97.23,24.76,-0.433883739117558,-0.9009688679024191,94,0.9989315138848577,-0.046215046983708354,0.8660254037844387,-0.4999999999999998,1301.136101609102,1128.0,1299.3077296388335,1126.0,-0.0011130348750928443,1
2025-04-05,5,5,4,2025,True,25,False,False,True,False,False,1128,1301.136101609102,80.65,6.25,-296.0,13.2,309.2,55.16,10.55,44.61,23.98,11.96,12.02,11.06,11.3,-0.24,38.95,10.51,28.44,40.355714285714285,12.120039682474792,28.41714285714286,12.02,44.61,37.71066666666666,18.19120077804444,24.503666666666668,-46.84,86.25,23.98,30.93,-0.9749279121818236,-0.2225209339563146,95,0.9979887423155984,-0.06339140486951038,0.8660254037844387,-0.4999999999999998,1301.136101609102,1128.0,1299.3077296388335,1126.0,-0.002966992211645425,1
2025-04-06,6,6,4,2025,True,24,False,False,False,False,False,1128,1301.136101609102,80.65,6.25,4.53,15.57,11.04,13.2,309.2,-296.0,24.81,12.02,12.79,15.29,12.91,2.38,54.67,11.15,43.52,38.815714285714286,14.911068436056604,-15.585714285714285,-296.0,44.61,36.852333333333334,18.730215802894183,13.689000000000002,-296.0,86.25,24.81,9.8,-0.7818314824680299,0.6234898018587334,96,0.9967506498213929,-0.08054900421874167,0.8660254037844387,-0.4999999999999998,1301.136101609102,1128.0,1299.3077296388335,1127.0,-0.002966992211645425,1
2025-04-07,0,7,4,2025,False,23,False,False,False,False,False,1128,1301.136101609102,80.66,6.25,31.84,42.15,10.31,15.57,11.04,4.53,49.26,12.47,36.79,33.81,11.25,22.56,18.68,11.36,7.32,37.49571428571429,16.663563901661718,-16.765714285714285,-296.0,44.61,35.549,18.80784563915298,12.389333333333335,-296.0,86.25,49.26,11.96,0.0,1.0,97,0.9952176027737294,-0.09768276782171598,0.8660254037844387,-0.4999999999999998,1301.136101609102,1128.0,1299.3077296388335,1127.0,-0.0032130499258528067,1
2025-04-08,1,8,4,2025,False,22,False,False,False,False,False,1129,1301.136101609102,80.6,6.25,37.19,48.25,11.06,42.15,10.31,31.84,41.64,13.3,28.34,40.85,10.42,30.43,12.01,12.22,-0.21,36.480000000000004,16.031679055337122,-17.47285714285714,-296.0,44.61,36.33133333333333,18.568573141352186,13.206666666666669,-296.0,86.25,41.64,34.62,0.7818314824680298,0.6234898018587336,98,0.9933900548258936,-0.11478762552212701,0.8660254037844387,-0.4999999999999998,1301.136101609102,1128.0,1301.136101609102,1127.0,-0.004323656578134716,1
2025-04-09,2,9,4,2025,False,21,False,False,False,False,False,1129,1301.136101609102,80.67,6.25,30.72,41.74,11.02,48.25,11.06,37.19,48.69,12.75,35.94,39.71,10.85,28.86,43.5,9.91,33.59,37.424285714285716,16.571833389965143,-16.208571428571425,-296.0,44.61,37.53933333333334,18.10478579010935,14.453333333333337,-296.0,86.25,48.69,33.81,0.9749279121818236,-0.22252093395631434,99,0.9912685467787256,-0.13185851571739118,0.8660254037844387,-0.4999999999999998,1301.136101609102,1129.0,1301.136101609102,1127.0,-0.0014853323431118781,1
2025-04-10,3,10,4,2025,False,20,False,False,False,False,False,1129,1301.136101609102,80.56,6.25,33.8,44.61,10.81,41.74,11.02,30.72,38.95,10.52,28.43,57.98,11.63,46.35,40.04,10.44,29.6,36.431428571428576,15.982087294396683,-16.95428571428571,-296.0,44.61,37.48066666666667,18.08764827803447,14.357666666666667,-296.0,86.25,38.95,33.31,0.43388373911755823,-0.900968867902419,100,0.9888537064205885,-0.1488903868564548,0.8660254037844387,-0.4999999999999998,1301.136101609102,1129.0,1301.136101609102,1128.0,-0.0035868893011749003,1
2025-04-11,4,11,4,2025,False,19,False,False,False,False,False,1129,1301.136101609102,80.53,6.25,33.69,44.89,11.2,44.61,10.81,33.8,55.16,10.55,44.61,97.23,10.98,86.25,59.04,11.67,47.37,37.24,16.271303983803357,-16.187142857142856,-296.0,44.61,37.633,18.12914269422535,14.49766666666667,-296.0,86.25,55.16,42.39,-0.433883739117558,-0.9009688679024191,101,0.986146248341595,-0.16587819893463143,0.8660254037844387,-0.4999999999999998,1301.136101609102,1129.0,1301.136101609102,1128.0,-0.0029714002723782995,1
2025-04-12,5,12,4,2025,True,18,False,False,False,False,False,1130,1301.136101609102,80.48,6.25,1.34,14.36,13.02,44.89,11.2,33.69,13.2,309.2,-296.0,23.98,11.96,12.02,36.68,11.24,25.44,35.77285714285715,14.780959276814842,-17.747142857142855,-296.0,37.19,37.16133333333334,17.732727338189495,14.041666666666668,-296.0,86.25,13.2,26.33,-0.9749279121818236,-0.2225209339563146,102,0.9831469737221499,-0.1828169249850199,0.8660254037844387,-0.4999999999999998,1301.136101609102,1129.0,1301.136101609102,1128.0,-0.0021078735275883442,1
2025-04-13,6,13,4,2025,True,17,False,False,False,False,False,1130,1301.136101609102,80.48,6.25,6.09,17.89,11.8,14.36,13.02,1.34,15.57,11.04,4.53,24.81,12.02,12.79,15.61,12.03,3.58,35.93857142857143,14.489334501132753,24.73,1.34,37.19,36.41733333333333,18.21528534582656,13.238333333333337,-296.0,86.25,15.57,11.06,-0.7818314824680299,0.6234898018587334,103,0.9798567700958665,-0.1997015525660636,0.8660254037844387,-0.4999999999999998,1301.136101609102,1130.0,1301.136101609102,1128.0,-0.0021078735275883442,1
2025-04-14,0,14,4,2025,False,16,False,False,False,False,False,1130,1301.136101609102,80.5,6.25,34.08,48.89,14.81,17.89,11.8,6.09,42.15,10.31,31.84,49.26,12.47,36.79,16.27,63.11,-46.84,36.27,13.962737315202022,24.952857142857145,1.34,37.19,36.49333333333333,18.13003382337662,13.322000000000001,-296.0,86.25,42.15,13.7,0.0,1.0,104,0.9762766110869321,-0.21652708524481437,0.8660254037844387,-0.4999999999999998,1301.136101609102,1130.0,1301.136101609102,1128.0,-0.001983635011157947,1
2025-04-15,1,15,4,2025,False,15,False,False,False,True,False,1130,1301.136101609102,80.42,6.25,-26.7,46.1,72.8,48.89,14.81,34.08,48.25,11.06,37.19,41.64,13.3,28.34,13.28,11.78,1.5,37.23285714285714,14.651214641666819,25.27285714285714,1.34,37.19,37.58066666666666,17.85137006880233,16.019333333333336,-296.0,86.25,48.25,40.07,0.7818314824680298,0.6234898018587336,105,0.9724075561219968,-0.23328854407545518,0.8660254037844387,-0.4999999999999998,1301.136101609102,1130.0,1301.136101609102,1129.0,-0.0022332506203472935,1
2025-04-16,2,16,4,2025,False,14,False,False,False,False,False,1131,1301.136101609102,80.48,6.25,32.1,43.35,11.25,46.1,72.8,-26.7,41.74,11.02,30.72,48.69,12.75,35.94,41.41,12.68,28.73,36.925714285714285,14.402181382395872,16.145714285714288,-26.7,34.08,38.67466666666667,17.308182783422577,15.079333333333334,-296.0,86.25,41.74,24.71,0.9749279121818236,-0.22252093395631434,106,0.9682507501166718,-0.2499809690726521,0.8660254037844387,-0.4999999999999998,1301.136101609102,1130.0,1301.136101609102,1129.0,-0.0023552745754307214,1
2025-04-17,3,17,4,2025,False,13,False,False,False,False,False,1131,1301.136101609102,80.48,6.25,42.48,54.06,11.58,43.35,11.25,32.1,44.61,10.81,33.8,38.95,10.52,28.43,40.49,11.94,28.55,37.15571428571428,14.504371590596294,16.342857142857145,-26.7,34.08,38.739333333333335,17.32237320153711,15.191666666666668,-296.0,86.25,44.61,30.17,0.43388373911755823,-0.900968867902419,107,0.9638074231367307,-0.26659942067929354,0.8660254037844387,-0.4999999999999998,1301.136101609102,1131.0,1301.136101609102,1129.0,-0.0009930486593843213,1
2025-04-18,4,18,4,2025,False,12,False,False,False,False,False,1131,1301.136101609102,80.33,6.25,33.01,44.89,11.88,54.06,11.58,42.48,44.89,11.2,33.69,55.16,10.55,44.61,37.19,11.53,25.66,38.50571428571429,15.703989787251423,17.582857142857144,-26.7,42.48,39.19166666666667,17.545402793763383,15.656,-296.0,86.25,44.89,40.75,-0.433883739117558,-0.9009688679024191,108,0.9590788900341131,-0.28313898122818354,0.8660254037844387,-0.4999999999999998,1301.136101609102,1131.0,1301.136101609102,1129.0,-0.002483546504408296,1
2025-04-19,5,19,4,2025,True,11,False,False,False,False,False,1131,1301.136101609102,80.17,6.25,3.42,15.51,12.09,44.89,11.88,33.01,14.36,13.02,1.34,13.2,309.2,-296.0,47.58,11.27,36.31,38.50571428571429,15.703989787251423,17.485714285714288,-26.7,42.48,39.44833333333334,17.571412535870436,15.901000000000003,-296.0,86.25,14.36,34.97,-0.9749279121818236,-0.2225209339563146,109,0.9540665500578387,-0.2995947563972602,0.8660254037844387,-0.4999999999999998,1301.136101609102,1131.0,1301.136101609102,1130.0,-0.0038518886679920206,1
2025-04-20,6,20,4,2025,True,10,False,False,False,False,False,1132,1301.136101609102,80.17,6.25,2.45,16.71,14.26,15.51,12.09,3.42,17.89,11.8,6.09,15.57,11.04,4.53,37.5,10.46,27.04,38.67,15.412604149418371,17.782857142857143,-26.7,42.48,38.379333333333335,18.029208664205683,14.804666666666668,-296.0,86.25,17.89,11.57,-0.7818314824680299,0.6234898018587334,110,0.9487718864399473,-0.31596187665790293,0.8660254037844387,-0.4999999999999998,1301.136101609102,1131.0,1301.136101609102,1130.0,-0.0038518886679920206,1
2025-04-21,0,21,4,2025,False,9,False,False,False,False,False,1132,1301.136101609102,80.15,6.25,52.92,63.57,10.65,16.71,14.26,2.45,48.89,14.81,34.08,42.15,10.31,31.84,11.06,11.3,-0.24,38.50142857142857,15.681860464213083,17.262857142857147,-26.7,42.48,37.68633333333334,18.45861904711279,13.985000000000001,-296.0,86.25,48.89,10.74,0.0,1.0,111,0.9431964659565866,-0.33223549871590435,0.8660254037844387,-0.4999999999999998,1301.136101609102,1132.0,1301.136101609102,1130.0,-0.004347826086956497,1
2025-04-22,1,22,4,2025,False,8,False,False,False,False,False,1132,1301.136101609102,80.15,6.25,24.17,36.8,12.63,63.57,10.65,52.92,46.1,72.8,-26.7,48.25,11.06,37.19,15.29,12.91,2.38,40.598571428571425,18.098108951463672,19.954285714285714,-26.7,52.92,39.43666666666666,18.33593651319969,15.757000000000001,-296.0,86.25,46.1,29.78,0.7818314824680298,0.6234898018587336,112,0.9373419384643772,-0.3484108069446808,0.8660254037844387,-0.4999999999999998,1301.136101609102,1132.0,1301.136101609102,1130.0,-0.0033573737876150256,1
2025-04-23,2,23,4,2025,False,7,False,False,False,False,False,1132,1301.136101609102,80.14,6.25,41.97,53.8,11.83,36.8,12.63,24.17,43.35,11.25,32.1,41.74,11.02,30.72,33.81,11.25,22.56,39.269999999999996,17.96782772995487,27.22142857142857,2.45,52.92,40.153666666666666,17.771013105099176,16.483333333333334,-296.0,86.25,43.35,33.61,0.9749279121818236,-0.22252093395631434,113,0.9312100364121947,-0.3644830148102912,0.8660254037844387,-0.4999999999999998,1301.136101609102,1132.0,1301.136101609102,1131.0,-0.004224652087475245,1
2025-04-24,3,24,4,2025,False,6,False,False,False,False,False,1133,1301.136101609102,80.16,6.25,23.4,33.31,9.91,53.8,11.83,41.97,54.06,11.58,42.48,44.61,10.81,33.8,40.85,10.42,30.43,40.762857142857136,18.779115806560018,28.631428571428575,2.45,52.92,40.82,17.899256967818445,17.130333333333336,-296.0,86.25,54.06,30.5,0.43388373911755823,-0.900968867902419,114,0.9248025743285089,-0.38044736628785164,0.8660254037844387,-0.4999999999999998,1301.136101609102,1132.0,1301.136101609102,1131.0,-0.003976143141153132,1
2025-04-25,4,25,4,2025,False,5,False,False,False,False,False,1133,1301.136101609102,80.24,6.25,36.18,48.71,12.53,33.31,9.91,23.4,44.89,11.88,33.01,44.89,11.2,33.69,39.71,10.85,28.86,37.79857142857143,17.9497134875662,25.90571428571429,2.45,52.92,40.56866666666667,17.95168107262745,16.896,-296.0,86.25,44.89,31.67,-0.433883739117558,-0.9009688679024191,115,0.9181214482844365,-0.39629913726891813,0.8660254037844387,-0.4999999999999998,1301.136101609102,1133.0,1301.136101609102,1131.0,-0.0011203784389394178,1
2025-04-26,5,26,4,2025,True,4,True,False,False,False,False,1133,1301.136101609102,80.15,6.25,18.39,31.56,13.17,48.71,12.53,36.18,15.51,12.09,3.42,14.36,13.02,1.34,57.98,11.63,46.35,38.34428571428572,18.25668631592538,26.35857142857143,2.45,52.92,40.86866666666667,18.011937369869162,17.14,-296.0,86.25,15.51,46.93,-0.9749279121818236,-0.2225209339563146,116,0.9111686353326631,-0.41203363695942635,0.8660254037844387,-0.4999999999999998,1301.136101609102,1133.0,1301.136101609102,1131.0,-0.00024946987651230934,1
2025-04-27,6,27,4,2025,True,3,True,False,False,False,False,1133,1301.136101609102,80.05,6.25,15.31,25.96,10.65,31.56,13.17,18.39,16.71,14.26,2.45,17.89,11.8,6.09,97.23,10.98,86.25,40.637142857142855,15.746222525085999,28.497142857142858,2.45,52.92,39.98800000000001,17.79098287684341,16.208000000000002,-296.0,86.25,16.71,14.34,-0.7818314824680299,0.6234898018587334,117,0.9039461929224011,-0.42764620926777464,0.8660254037844387,-0.4999999999999998,1301.136101609102,1133.0,1301.136101609102,1132.0,-0.0014968192590745222,1
2025-04-28,0,28,4,2025,False,2,True,False,False,False,False,1134,1301.136101609102,79.97,6.25,58.44,70.04,11.6,25.96,10.65,15.31,63.57,10.65,52.92,48.89,14.81,34.08,23.98,11.96,12.02,41.958571428571425,13.652522878661765,30.33428571428572,15.31,52.92,37.61233333333334,14.299599146379066,13.843333333333335,-296.0,52.92,63.57,17.82,0.0,1.0,118,0.8964562582905575,-0.44313223418263453,0.8660254037844387,-0.4999999999999998,1301.136101609102,1133.0,1301.136101609102,1132.0,-0.0022457891453525614,1
2025-04-29,1,29,4,2025,False,1,True,False,False,False,False,1134,1301.136101609102,79.99,6.25,51.63,61.4,9.77,70.04,11.6,58.44,36.8,12.63,24.17,46.1,72.8,-26.7,24.81,12.02,12.79,42.88285714285714,15.458983056555152,31.122857142857146,15.31,58.44,39.147666666666666,15.228006341160837,15.390666666666668,-296.0,58.44,36.8,78.19,0.7818314824680298,0.6234898018587336,119,0.8887010478292915,-0.45848712914008766,0.8660254037844387,-0.4999999999999998,1301.136101609102,1134.0,1301.136101609102,1132.0,-0.001996257018091252,1
2025-04-30,2,30,4,2025,False,0,True,False,False,False,False,1134,1301.136101609102,80.09,6.25,58.06,68.3,10.24,61.4,9.77,51.63,53.8,11.83,41.97,43.35,11.25,32.1,49.26,12.47,36.79,46.39714285714286,16.599763767682344,35.04571428571429,15.31,58.44,40.367333333333335,15.50288425519208,16.685333333333336,-296.0,58.44,53.8,33.61,0.9749279121818236,-0.22252093395631434,120,0.8806828564301475,-0.47370635037968,0.8660254037844387,-0.4999999999999998,1301.136101609102,1134.0,1301.136101609102,1132.0,-0.000623908160718667,1
2025-05-01,3,1,5,2025,False,30,False,False,False,False,False,1134,1308.3183152898996,80.06,6.25,31.71,45.01,13.3,68.3,10.24,58.06,33.31,9.91,23.4,54.06,11.58,42.48,41.64,13.3,28.34,48.46857142857142,18.476156191671745,37.34428571428572,15.31,58.44,41.002,16.251168106557245,17.394333333333336,-296.0,58.44,33.31,35.05,0.43388373911755823,-0.900968867902419,121,0.8724040568049612,-0.48878539428899265,0.49999999999999994,-0.8660254037844387,1301.136101609102,1134.0,1301.136101609102,1133.0,-0.0012475049900199098,1
2025-05-02,4,2,5,2025,False,29,False,False,False,False,False,1134,1308.3183152898996,79.86,6.25,29.46,40.89,11.43,45.01,13.3,31.71,48.71,12.53,36.18,44.89,11.88,33.01,48.69,12.75,35.94,50.14,17.37255402447596,38.53142857142858,15.31,58.44,41.114333333333335,16.26736942965631,17.506666666666668,-296.0,58.44,48.71,28.84,-0.433883739117558,-0.9009688679024191,122,0.8638670987837349,-0.503719798736334,0.49999999999999994,-0.8660254037844387,1308.3183152898996,1134.0,1301.136101609102,1133.0,-0.004735792622133528,1
2025-05-03,5,3,5,2025,True,28,False,False,False,False,False,1135,1308.3183152898996,79.72,6.25,4.92,15.65,10.73,40.89,11.43,29.46,31.56,13.17,18.39,15.51,12.09,3.42,38.95,10.52,28.43,49.02285714285715,17.72764010830337,37.57142857142857,15.31,58.44,40.85433333333333,16.204324174553538,17.290666666666667,-296.0,58.44,31.56,36.68,-0.9749279121818236,-0.2225209339563146,123,0.8550745085896932,-0.518505144391157,0.49999999999999994,-0.8660254037844387,1308.3183152898996,1134.0,1301.136101609102,1133.0,-0.0053649407361198165,1
2025-05-04,6,4,5,2025,True,27,False,False,False,False,False,1135,1308.3183152898996,79.65,6.25,4.82,17.08,12.26,15.65,10.73,4.92,25.96,10.65,15.31,16.71,14.26,2.45,55.16,10.55,44.61,46.75,21.048556561753486,35.64714285714286,4.92,58.44,40.07766666666667,16.844480459605172,16.507,-296.0,58.44,25.96,11.67,-0.7818314824680299,0.6234898018587334,124,0.8460288880917339,-0.533137056031809,0.49999999999999994,-0.8660254037844387,1308.3183152898996,1135.0,1301.136101609102,1133.0,-0.004996876951904983,1
2025-05-05,0,5,5,2025,False,26,False,False,True,False,False,1135,1308.3183152898996,79.61,6.25,-255.09,41.02,296.11,17.08,12.26,4.82,70.04,11.6,58.44,63.57,10.65,52.92,13.2,309.2,-296.0,45.48142857142857,22.712222428002285,34.14857142857143,4.82,58.44,38.80833333333333,17.101561550667306,15.180666666666669,-296.0,58.44,70.04,13.27,0.0,1.0,125,0.8367329140344921,-0.5476112038402312,0.49999999999999994,-0.8660254037844387,1308.3183152898996,1135.0,1301.136101609102,1134.0,-0.004501688133049853,1
2025-05-06,1,6,5,2025,False,25,False,False,False,False,False,1135,1308.3183152898996,79.58,6.25,29.31,40.74,11.43,41.02,296.11,-255.09,61.4,9.77,51.63,36.8,12.63,24.17,15.57,11.04,4.53,41.33571428571429,19.964729614283048,-10.641428571428568,-255.09,58.06,39.73566666666667,16.405155977425995,16.544333333333334,-255.09,58.44,61.4,40.85,0.7818314824680298,0.6234898018587336,126,0.8271893372462497,-0.5619233046832195,0.49999999999999994,-0.8660254037844387,1308.3183152898996,1135.0,1301.136101609102,1134.0,-0.005125640705088141,1
2025-05-07,2,7,5,2025,False,24,False,False,False,False,False,1136,1308.3183152898996,79.58,6.25,23.95,36.87,12.92,40.74,11.43,29.31,68.3,10.24,58.06,53.8,11.83,41.97,42.15,10.31,31.84,38.38428571428572,17.92737837047283,-13.829999999999998,-255.09,58.06,40.574666666666666,15.757490552297485,17.370333333333335,-255.09,58.44,68.3,34.23,0.9749279121818236,-0.22252093395631434,127,0.8174009818249189,-0.5760691233798758,0.49999999999999994,-0.8660254037844387,1308.3183152898996,1135.0,1301.136101609102,1134.0,-0.006367836184292708,1
2025-05-08,3,8,5,2025,False,23,False,False,False,False,False,1136,1308.3183152898996,79.55,6.25,39.85,50.53,10.68,36.87,12.92,23.95,45.01,13.3,31.71,33.31,9.91,23.4,48.25,11.06,37.19,33.894285714285715,12.210431137819427,-18.702857142857145,-255.09,31.71,40.39866666666667,15.7687713498882,17.107333333333333,-255.09,58.44,45.01,40.54,0.43388373911755823,-0.900968867902419,128,0.8073707443023492,-0.5900444739548627,0.49999999999999994,-0.8660254037844387,1308.3183152898996,1136.0,1308.3183152898996,1134.0,-0.006370222333250131,1
2025-05-09,4,9,5,2025,False,22,False,False,False,False,False,1136,1308.3183152898996,79.64,6.25,41.0,51.96,10.96,50.53,10.68,39.85,40.89,11.43,29.46,48.71,12.53,36.18,41.74,11.02,30.72,34.682857142857145,13.187132256213207,-17.54,-255.09,39.85,40.474666666666664,15.813348297176455,17.196,-255.09,58.44,40.89,21.68,-0.433883739117558,-0.9009688679024191,129,0.7971015927871943,-0.6038452208771035,0.49999999999999994,-0.8660254037844387,1308.3183152898996,1136.0,1308.3183152898996,1134.0,-0.0027548209366391463,1
2025-05-10,5,10,5,2025,True,21,False,False,False,False,False,1136,1308.3183152898996,79.58,6.25,5.01,17.19,12.18,51.96,10.96,41.0,15.65,10.73,4.92,31.56,13.17,18.39,44.61,10.81,33.8,36.26428571428571,14.639372547053728,-15.891428571428573,-255.09,41.0,40.815333333333335,15.951032554045748,17.538666666666664,-255.09,58.44,15.65,44.02,-0.9749279121818236,-0.2225209339563146,130,0.7865965660866021,-0.6174672802835514,0.49999999999999994,-0.8660254037844387,1308.3183152898996,1136.0,1308.3183152898996,1135.0,-0.001756146512794765,1
2025-05-11,6,11,5,2025,True,20,False,False,False,False,False,1137,1308.3183152898996,79.51,6.25,6.38,19.61,13.23,17.19,12.18,5.01,17.08,12.26,4.82,25.96,10.65,15.31,44.89,11.2,33.69,36.48428571428571,14.28523813492202,-15.878571428571428,-255.09,41.0,39.90133333333333,16.50216573735054,16.579,-255.09,58.44,17.08,12.38,-0.7818314824680299,0.6234898018587334,131,0.7758587728069828,-0.6309066211876704,0.49999999999999994,-0.8660254037844387,1308.3183152898996,1136.0,1308.3183152898996,1135.0,-0.0017576898932830654,1
2025-05-12,0,12,5,2025,False,19,False,False,False,False,False,1137,1308.3183152898996,79.55,6.25,34.26,47.85,13.59,19.61,13.23,6.38,41.02,296.11,-255.09,70.04,11.6,58.44,14.36,13.02,1.34,36.84571428571429,13.733832746351752,-15.655714285714284,-255.09,41.0,39.05866666666667,16.87976910557337,15.668666666666669,-255.09,58.44,41.02,14.05,0.0,1.0,132,0.7648913904341226,-0.6441592666722685,0.49999999999999994,-0.8660254037844387,1308.3183152898996,1137.0,1308.3183152898996,1135.0,-0.0007536741615374876,1
2025-05-13,1,13,5,2025,False,18,False,False,False,False,False,1137,1308.3183152898996,79.43,6.25,39.31,50.54,11.23,47.85,13.59,34.26,40.74,11.43,29.31,61.4,9.77,51.63,17.89,11.8,6.09,37.82142857142857,14.310337089637319,25.68,5.01,41.0,40.175,16.287025669913195,16.766000000000002,-255.09,58.44,40.74,26.55,0.7818314824680298,0.6234898018587336,133,0.753697664392914,-0.6572212950663319,0.49999999999999994,-0.8660254037844387,1308.3183152898996,1137.0,1308.3183152898996,1135.0,-0.0018848957024376611,1
2025-05-14,2,14,5,2025,False,17,False,False,False,False,False,1137,1308.3183152898996,79.46,6.25,36.56,49.75,13.19,50.54,11.23,39.31,36.87,12.92,23.95,68.3,10.24,58.06,48.89,14.81,34.08,39.221428571428575,15.100984988372431,27.10857142857143,5.01,41.0,41.26333333333333,15.83103332356897,17.873333333333335,-255.09,58.44,36.87,28.47,0.9749279121818236,-0.22252093395631434,134,0.742280907086982,-0.6700888411055113,0.49999999999999994,-0.8660254037844387,1308.3183152898996,1137.0,1308.3183152898996,1136.0,-0.0015079165619502621,1
2025-05-15,3,15,5,2025,False,16,False,False,False,True,False,1138,1308.3183152898996,79.47,6.25,-20.26,46.33,66.59,49.75,13.19,36.56,50.53,10.68,39.85,45.01,13.3,31.71,46.1,72.8,-26.7,41.06142857142857,15.544886006413266,28.910000000000004,5.01,41.0,41.292,15.846091305276818,17.956000000000003,-255.09,58.44,50.53,33.94,0.43388373911755823,-0.900968867902419,135,0.7306444969184916,-0.6827580970759147,0.49999999999999994,-0.8660254037844387,1308.3183152898996,1137.0,1308.3183152898996,1136.0,-0.00100565681961029,1
2025-05-16,4,16,5,2025,False,15,False,False,False,False,False,1138,1308.3183152898996,79.46,6.25,28.38,42.81,14.43,46.33,66.59,-20.26,51.96,10.96,41.0,40.89,11.43,29.46,43.35,11.25,32.1,40.46142857142858,15.195640195542369,20.32285714285715,-20.26,41.0,41.29966666666667,15.848553177375186,18.170666666666666,-255.09,58.44,51.96,32.96,-0.433883739117558,-0.9009688679024191,136,0.7187918772884232,-0.6952253139408722,0.49999999999999994,-0.8660254037844387,1308.3183152898996,1138.0,1308.3183152898996,1136.0,-0.0022601707684581918,1
2025-05-17,5,17,5,2025,True,14,False,False,False,False,False,1138,1308.3183152898996,79.58,6.25,13.83,24.56,10.73,42.81,14.43,28.38,17.19,12.18,5.01,15.65,10.73,4.92,54.06,11.58,42.48,39.15428571428571,14.415172397099422,18.520000000000007,-20.26,39.31,41.281666666666666,15.846450724837716,18.04666666666667,-255.09,58.44,17.19,34.79,-0.9749279121818236,-0.2225209339563146,137,0.7067265555776158,-0.7074868024503348,0.49999999999999994,-0.8660254037844387,1308.3183152898996,1138.0,1308.3183152898996,1136.0,0.0,1
2025-05-18,6,18,5,2025,True,13,False,False,False,False,False,1138,1308.3183152898996,79.53,6.25,1.48,15.2,13.72,24.56,10.73,13.83,19.61,13.23,6.38,17.08,12.26,4.82,44.89,11.88,33.01,40.207142857142856,12.712113270795134,19.780000000000005,-20.26,39.31,40.29833333333333,15.941174205731171,17.091666666666672,-255.09,58.44,19.61,14.07,-0.7818314824680299,0.6234898018587334,138,0.6944521021088763,-0.719538934232584,0.49999999999999994,-0.8660254037844387,1308.3183152898996,1138.0,1308.3183152898996,1137.0,0.00025154068670607543,1
2025-05-19,0,19,5,2025,False,12,False,False,False,False,False,1139,1308.3183152898996,79.7,6.25,30.52,41.78,11.26,15.2,13.72,1.48,47.85,13.59,34.26,41.02,296.11,-255.09,15.51,12.09,3.42,39.57714285714285,13.951843025547761,19.080000000000005,-20.26,39.31,39.30866666666667,16.55603832616575,16.04066666666667,-255.09,58.44,47.85,8.42,0.0,1.0,139,0.6819721490904629,-0.7313781428679254,0.49999999999999994,-0.8660254037844387,1308.3183152898996,1138.0,1308.3183152898996,1137.0,0.0018856065367693908,1
2025-05-20,1,20,5,2025,False,11,False,False,False,False,False,1139,1308.3183152898996,79.68,6.25,36.22,50.93,14.71,41.78,11.26,30.52,50.54,11.23,39.31,40.74,11.43,29.31,16.71,14.26,2.45,38.71,13.534353820309825,18.545714285714293,-20.26,39.31,40.184333333333335,15.937049587054295,16.944000000000003,-255.09,58.44,50.54,39.4,0.7818314824680298,0.6234898018587336,140,0.6692903895412567,-0.7430009249440493,0.49999999999999994,-0.8660254037844387,1308.3183152898996,1139.0,1308.3183152898996,1137.0,0.0031474254060179785,1
2025-05-21,2,21,5,2025,False,10,False,False,False,False,False,1139,1308.3183152898996,79.58,6.25,36.52,49.28,12.76,50.93,14.71,36.22,49.75,13.19,36.56,36.87,12.92,23.95,63.57,10.65,52.92,38.76571428571429,13.591849098072112,18.10428571428572,-20.26,36.56,41.325,15.415049017336717,18.069666666666667,-255.09,58.44,49.75,33.11,0.9749279121818236,-0.22252093395631434,141,0.6564105761979381,-0.7544038410927472,0.49999999999999994,-0.8660254037844387,1308.3183152898996,1139.0,1308.3183152898996,1137.0,0.0015101938082053845,1
2025-05-22,3,22,5,2025,False,9,False,False,False,False,False,1139,1308.3183152898996,79.58,6.25,25.71,36.58,10.87,49.28,12.76,36.52,46.33,66.59,-20.26,50.53,10.68,39.85,36.8,12.63,24.17,38.69857142857143,13.529561989179452,18.098571428571432,-20.26,36.52,40.84866666666667,14.916692277637976,17.523000000000003,-255.09,58.44,46.33,31.87,0.43388373911755823,-0.900968867902419,142,0.6433365204044917,-0.765583517007675,0.49999999999999994,-0.8660254037844387,1308.3183152898996,1139.0,1308.3183152898996,1138.0,0.0013841701270920215,1
2025-05-23,4,23,5,2025,False,8,False,False,False,False,False,1140,1308.3183152898996,79.5,6.25,46.22,57.65,11.43,36.58,10.87,25.71,42.81,14.43,28.38,51.96,10.96,41.0,53.8,11.83,41.97,37.30571428571428,13.108289816172192,24.66571428571429,1.48,36.52,40.84133333333333,14.918805243217527,17.574333333333335,-255.09,58.44,42.81,25.37,-0.433883739117558,-0.9009688679024191,143,0.6300720909843687,-0.7765366444428655,0.49999999999999994,-0.8660254037844387,1308.3183152898996,1139.0,1308.3183152898996,1138.0,0.0005033979360684615,1
2025-05-24,5,24,5,2025,True,7,False,False,False,False,False,1140,1308.3183152898996,79.44,6.25,3.19,16.21,13.02,57.65,11.43,46.22,24.56,10.73,13.83,17.19,12.18,5.01,33.31,9.91,23.4,39.425714285714285,15.182751021189489,27.214285714285722,1.48,46.22,40.96966666666667,15.05010241306269,17.716,-255.09,58.44,24.56,36.2,-0.9749279121818236,-0.2225209339563146,144,0.6166212130956382,-0.7872599821916922,0.49999999999999994,-0.8660254037844387,1308.3183152898996,1140.0,1308.3183152898996,1138.0,-0.0017592359889418985,1
2025-05-25,6,25,5,2025,True,6,False,False,False,False,False,1140,1308.3183152898996,79.47,6.25,0.13,13.5,13.37,16.21,13.02,3.19,15.2,13.72,1.48,19.61,13.23,6.38,48.71,12.53,36.18,38.23285714285714,16.788464009835014,25.69428571428572,1.48,46.22,40.39966666666667,15.661599751673094,17.042333333333335,-255.09,58.44,15.2,7.49,-0.7818314824680299,0.6234898018587334,145,0.6029878670694714,-0.7977503570459932,0.49999999999999994,-0.8660254037844387,1308.3183152898996,1140.0,1308.3183152898996,1138.0,-0.0007544322897020672,1
2025-05-26,0,26,5,2025,False,5,False,False,False,False,False,1140,1308.3183152898996,79.51,6.25,46.39,58.34,11.95,13.5,13.37,0.13,41.78,11.26,30.52,47.85,13.59,34.26,31.56,13.17,18.39,37.99,17.184799484816082,25.50142857142858,0.13,46.22,39.226,16.322705911577902,15.840666666666667,-255.09,58.44,41.78,13.0,0.0,1.0,146,0.5891760872322963,-0.8080046647350754,0.49999999999999994,-0.8660254037844387,1308.3183152898996,1140.0,1308.3183152898996,1139.0,-0.0023839397741530766,1
2025-05-27,1,27,5,2025,False,4,True,False,False,False,False,1140,1308.3183152898996,79.46,6.25,64.35,76.44,12.09,58.34,11.95,46.39,50.93,14.71,36.22,50.54,11.23,39.31,25.96,10.65,15.31,40.355714285714285,18.85243649783136,27.76857142857143,0.13,46.39,40.11866666666666,16.6186050149727,16.774,-255.09,58.44,50.93,36.65,0.7818314824680298,0.6234898018587336,147,0.5751899607119775,-0.8180198708443175,0.49999999999999994,-0.8660254037844387,1308.3183152898996,1140.0,1308.3183152898996,1139.0,-0.0027610441767069727,1
2025-05-28,2,28,5,2025,False,3,True,False,False,False,False,1141,1308.3183152898996,79.54,6.25,41.39,54.39,13.0,76.44,12.09,64.35,49.28,12.76,36.52,49.75,13.19,36.56,70.04,11.6,58.44,44.0,23.201223387284323,31.78714285714286,0.13,64.35,41.80133333333333,17.65863405763895,18.408666666666665,-255.09,64.35,49.28,48.41,0.9749279121818236,-0.22252093395631434,148,0.5610336262283677,-0.8277930117131022,0.49999999999999994,-0.8660254037844387,1308.3183152898996,1140.0,1308.3183152898996,1139.0,-0.0005026388539832727,1
2025-05-29,3,29,5,2025,False,2,True,False,False,False,False,1141,1308.3183152898996,79.64,6.25,81.83,94.04,12.21,54.39,13.0,41.39,36.58,10.87,25.71,46.33,66.59,-20.26,61.4,9.77,51.63,44.730000000000004,23.47382939928356,32.48285714285714,0.13,64.35,41.279666666666664,17.015086101970464,17.840333333333334,-255.09,64.35,36.58,46.92,0.43388373911755823,-0.900968867902419,149,0.5467112728685939,-0.8373211953118121,0.49999999999999994,-0.8660254037844387,1308.3183152898996,1141.0,1308.3183152898996,1139.0,0.0007539582809752421,1
2025-05-30,4,30,5,2025,False,1,True,False,False,False,False,1141,1308.3183152898996,79.75,6.25,66.3,76.89,10.59,94.04,12.21,81.83,57.65,11.43,46.22,42.81,14.43,28.38,68.3,10.24,58.06,52.93857142857143,29.437824550834556,40.5,0.13,81.83,42.36766666666667,19.243623338534743,18.847,-255.09,81.83,57.65,59.18,-0.433883739117558,-0.9009688679024191,150,0.5322271388474397,-0.8466016020976267,0.49999999999999994,-0.8660254037844387,1308.3183152898996,1141.0,1308.3183152898996,1140.0,0.003144654088050425,1
2025-05-31,5,31,5,2025,True,0,True,False,False,False,False,1141,1308.3183152898996,79.79,6.25,12.75,23.86,11.11,76.89,10.59,66.3,16.21,13.02,3.19,24.56,10.73,13.83,45.01,13.3,31.71,55.68714285714286,30.81694323706026,43.36857142857143,0.13,81.83,42.653999999999996,19.701251596859404,19.12166666666667,-255.09,81.83,16.21,46.42,-0.9749279121818236,-0.2225209339563146,151,0.5175855102531889,-0.8556314858488706,0.49999999999999994,-0.8660254037844387,1308.3183152898996,1141.0,1308.3183152898996,1140.0,0.004405840886203549,1
2025-06-01,6,1,6,2025,True,29,False,False,False,False,False,1142,1314.7705250751972,79.9,6.25,9.2,22.06,12.86,23.86,11.11,12.75,13.5,13.37,0.13,15.2,13.72,1.48,40.89,11.43,29.46,56.78000000000001,29.28101148070772,44.73428571428571,0.13,81.83,41.949,19.990336518876514,18.48966666666667,-255.09,81.83,13.5,11.69,-0.7818314824680299,0.6234898018587334,152,0.5027907197793043,-0.8644081744776648,1.2246467991473532e-16,-1.0,1308.3183152898996,1141.0,1308.3183152898996,1140.0,0.005410846860450569,1
2025-06-02,0,2,6,2025,False,28,False,False,False,False,False,1142,1314.7705250751972,79.75,6.25,34.52,48.71,14.19,22.06,12.86,9.2,58.34,11.95,46.39,41.78,11.26,30.52,15.65,10.73,4.92,58.002857142857145,27.282833866912135,46.029999999999994,9.2,81.83,41.321333333333335,20.317671047184675,17.814333333333334,-255.09,81.83,58.34,12.09,0.0,1.0,153,0.4878471454423119,-0.8729290708206411,1.2246467991473532e-16,-1.0,1314.7705250751972,1142.0,1308.3183152898996,1140.0,0.003018488240472905,1
2025-06-03,1,3,6,2025,False,27,False,False,False,False,False,1142,1314.7705250751972,79.73,6.25,32.32,47.09,14.77,48.71,14.19,34.52,76.44,12.09,64.35,50.93,14.71,36.22,17.08,12.26,4.82,56.62714285714286,27.50488908920608,44.33428571428572,9.2,81.83,42.42333333333333,19.766366301918165,18.801,-255.09,81.83,76.44,47.6,0.7818314824680298,0.6234898018587336,154,0.47275920928627757,-0.881191653407483,1.2246467991473532e-16,-1.0,1314.7705250751972,1142.0,1308.3183152898996,1140.0,0.0033979360684621707,1
2025-06-04,2,4,6,2025,False,26,False,False,False,False,False,1142,1314.7705250751972,79.66,6.25,28.45,42.03,13.58,47.09,14.77,32.32,54.39,13.0,41.39,49.28,12.76,36.52,41.02,296.11,-255.09,52.434285714285714,26.18670455093765,39.75857142857143,9.2,81.83,43.42366666666667,19.19055182102377,19.71766666666667,-255.09,81.83,54.39,41.69,0.9749279121818236,-0.22252093395631434,155,0.4575313760742512,-0.8891934772070711,1.2246467991473532e-16,-1.0,1314.7705250751972,1142.0,1308.3183152898996,1141.0,0.0015086748805630545,1
2025-06-05,3,5,6,2025,False,25,False,False,True,False,False,1143,1314.7705250751972,79.67,6.25,-269.12,52.56,321.68,42.03,13.58,28.45,94.04,12.21,81.83,36.58,10.87,25.71,40.74,11.43,29.31,50.66857142857143,26.448254780842994,37.91000000000001,9.2,81.83,43.45733333333333,19.187075199535755,29.169000000000004,-20.26,81.83,94.04,35.31,0.43388373911755823,-0.900968867902419,156,0.44216815196707204,-0.8969321743510065,1.2246467991473532e-16,-1.0,1314.7705250751972,1142.0,1308.3183152898996,1141.0,0.0003766951280763653,1
2025-06-06,4,6,6,2025,False,24,False,False,False,False,False,1143,1314.7705250751972,79.62,6.25,38.02,51.57,13.55,52.56,321.68,-269.12,76.89,10.59,66.3,57.65,11.43,46.22,36.87,12.92,23.95,44.74285714285714,18.591033425001594,-12.225714285714279,-269.12,66.3,43.85133333333333,19.250606212278775,19.221333333333337,-269.12,81.83,76.89,36.27,-0.433883739117558,-0.9009688679024191,157,0.42667408318992467,-0.9044054548343001,1.2246467991473532e-16,-1.0,1314.7705250751972,1143.0,1308.3183152898996,1141.0,-0.0016300940438871425,1
2025-06-07,5,7,6,2025,True,23,False,False,False,False,False,1143,1314.7705250751972,79.61,6.25,4.85,16.61,11.76,51.57,13.55,38.02,23.86,11.11,12.75,16.21,13.02,3.19,50.53,10.68,39.85,41.12571428571429,12.87985618080022,-16.265714285714274,-269.12,38.02,44.34133333333333,19.253862260700295,19.690333333333335,-269.12,81.83,23.86,28.55,-0.9749279121818236,-0.2225209339563146,158,0.4110537546870351,-0.9116111071930239,1.2246467991473532e-16,-1.0,1314.7705250751972,1143.0,1308.3183152898996,1141.0,-0.0022559217947112353,1
2025-06-08,6,8,6,2025,True,22,False,False,False,False,False,1143,1314.7705250751972,79.76,6.25,1.99,14.37,12.38,16.61,11.76,4.85,22.06,12.86,9.2,13.5,13.37,0.13,51.96,10.96,41.0,40.089999999999996,14.667143552853169,-17.394285714285708,-269.12,38.02,43.21066666666666,19.864194253312412,18.523666666666667,-269.12,81.83,22.06,14.21,-0.7818314824680299,0.6234898018587334,159,0.3953117887649151,-0.9185469991587165,1.2246467991473532e-16,-1.0,1314.7705250751972,1143.0,1314.7705250751972,1142.0,-0.0017521902377972687,1
2025-06-09,0,9,6,2025,False,21,False,False,False,False,False,1144,1314.7705250751972,79.75,6.25,36.86,48.45,11.59,14.37,12.38,1.99,48.71,14.19,34.52,58.34,11.95,46.39,17.19,12.18,5.01,38.99142857142857,16.42528582051821,-18.424285714285705,-269.12,38.02,41.95766666666667,20.46960163069954,17.223333333333336,-269.12,81.83,48.71,9.65,0.0,1.0,160,0.37945284372454435,-0.925211078289358,1.2246467991473532e-16,-1.0,1314.7705250751972,1143.0,1314.7705250751972,1142.0,0.0,1
2025-06-10,1,10,6,2025,False,20,False,False,False,False,False,1144,1314.7705250751972,79.78,6.25,35.63,46.74,11.11,48.45,11.59,36.86,47.09,14.77,32.32,76.44,12.09,64.35,19.61,13.23,6.38,38.95428571428572,16.39992058633509,-18.089999999999996,-269.12,38.02,42.99966666666667,19.95449417590154,18.285000000000004,-269.12,81.83,47.09,43.34,0.7818314824680298,0.6234898018587336,161,0.36348161248290634,-0.9316013725767187,1.2246467991473532e-16,-1.0,1314.7705250751972,1144.0,1314.7705250751972,1142.0,0.0006271165182489824,1
2025-06-11,2,11,6,2025,False,19,False,False,False,False,False,1144,1314.7705250751972,79.76,6.25,24.22,37.23,13.01,46.74,11.11,35.63,42.03,13.58,28.45,54.39,13.0,41.39,47.85,13.59,34.26,38.90428571428571,16.37149133620486,-17.617142857142852,-269.12,38.02,43.903999999999996,19.466728751278637,19.26,-269.12,81.83,42.03,38.74,0.9749279121818236,-0.22252093395631434,162,0.3474028211842774,-0.9377159910299093,1.2246467991473532e-16,-1.0,1314.7705250751972,1144.0,1314.7705250751972,1142.0,0.001255335174491723,1
2025-06-12,3,12,6,2025,False,18,False,False,False,False,False,1144,1314.7705250751972,79.77,6.25,23.5,36.32,12.82,37.23,13.01,24.22,52.56,321.68,-269.12,94.04,12.21,81.83,50.54,11.23,39.31,38.21857142857143,16.319191594123662,-18.221428571428564,-269.12,38.02,43.55,19.489045729544383,18.925333333333338,-269.12,81.83,52.56,58.17,0.43388373911755823,-0.900968867902419,163,0.3312212278016865,-0.9435531242349544,1.2246467991473532e-16,-1.0,1314.7705250751972,1144.0,1314.7705250751972,1143.0,0.0012551776076314969,1
2025-06-13,4,13,6,2025,False,17,False,False,False,False,False,1145,1314.7705250751972,79.77,6.25,38.91,52.4,13.49,36.32,12.82,23.5,51.57,13.55,38.02,76.89,10.59,66.3,49.75,13.19,36.56,35.89857142857143,15.045194613310354,23.581428571428578,1.99,38.02,43.07600000000001,19.486101784569875,18.398333333333333,-269.12,81.83,51.57,31.05,-0.433883739117558,-0.9009688679024191,164,0.31494162072895193,-0.9491110448902284,1.2246467991473532e-16,-1.0,1314.7705250751972,1144.0,1314.7705250751972,1143.0,0.0018839487565938118,1
2025-06-14,5,14,6,2025,True,16,False,False,False,False,False,1145,1314.7705250751972,79.8,6.25,-2.93,10.37,13.3,52.4,13.49,38.91,16.61,11.76,4.85,23.86,11.11,12.75,46.33,66.59,-20.26,36.01714285714286,15.191841795610534,23.708571428571435,1.99,38.91,43.16433333333334,19.523370024830072,18.47666666666667,-269.12,81.83,16.61,37.16,-0.9749279121818236,-0.2225209339563146,165,0.2985688173637202,-0.9543881083175908,1.2246467991473532e-16,-1.0,1314.7705250751972,1145.0,1314.7705250751972,1143.0,0.0023866348448686736,1
2025-06-15,6,15,6,2025,True,15,False,False,False,True,False,1145,1314.7705250751972,79.9,6.25,-57.19,17.19,74.38,10.37,13.3,-2.93,14.37,12.38,1.99,22.06,12.86,9.2,42.81,14.43,28.38,35.12571428571429,16.634946004463927,22.597142857142863,-2.93,38.91,41.96566666666667,20.406253382883243,19.054333333333332,-269.12,81.83,14.37,18.31,-0.7818314824680299,0.6234898018587334,166,0.2821076626819194,-0.9593827529490743,1.2246467991473532e-16,-1.0,1314.7705250751972,1145.0,1314.7705250751972,1143.0,0.0017552657973922692,1
2025-06-16,0,16,6,2025,False,14,False,False,False,False,False,1145,1314.7705250751972,80.03,6.25,30.11,43.43,13.32,17.19,74.38,-57.19,48.45,11.59,36.86,48.71,14.19,34.52,24.56,10.73,13.83,35.528571428571425,16.073179968062206,14.14285714285715,-57.19,38.91,41.111666666666665,20.89982792922616,16.202,-269.12,81.83,48.45,16.42,0.0,1.0,167,0.26556302780405594,-0.9640935007889755,1.2246467991473532e-16,-1.0,1314.7705250751972,1145.0,1314.7705250751972,1144.0,0.003510971786833794,1
2025-06-17,1,17,6,2025,False,13,False,False,False,False,False,1146,1314.7705250751972,80.05,6.25,47.35,59.9,12.55,43.43,13.32,30.11,46.74,11.11,35.63,47.09,14.77,32.32,15.2,13.72,1.48,34.81142857142857,15.50242930271627,13.178571428571436,-57.19,38.91,41.74066666666667,20.66717302679632,16.744666666666667,-269.12,81.83,46.74,33.39,0.7818314824680298,0.6234898018587336,168,0.24893980855376657,-0.9685189578512204,1.2246467991473532e-16,-1.0,1314.7705250751972,1145.0,1314.7705250751972,1144.0,0.003384306843820406,1
2025-06-18,2,18,6,2025,False,12,False,False,False,False,False,1146,1314.7705250751972,80.1,6.25,30.17,43.31,13.14,59.9,12.55,47.35,37.23,13.01,24.22,42.03,13.58,28.45,41.78,11.26,30.52,36.691428571428574,17.81552078813254,14.85285714285715,-57.19,47.35,43.23066666666667,20.295727923728666,18.273666666666667,-269.12,81.83,37.23,39.41,0.9749279121818236,-0.22252093395631434,169,0.23224292400907015,-0.9726578145718654,1.2246467991473532e-16,-1.0,1314.7705250751972,1146.0,1314.7705250751972,1144.0,0.004262788365095194,1
2025-06-19,3,19,6,2025,False,11,False,False,False,False,False,1146,1314.7705250751972,80.01,6.25,41.58,53.3,11.72,43.31,13.14,30.17,36.32,12.82,23.5,52.56,321.68,-269.12,50.93,14.71,36.22,37.559999999999995,17.993476595699953,15.702857142857152,-57.19,47.35,43.281666666666666,20.29387916612277,18.262,-269.12,81.83,36.32,37.87,0.43388373911755823,-0.900968867902419,170,0.21547731504673012,-0.976508846196619,1.2246467991473532e-16,-1.0,1314.7705250751972,1146.0,1314.7705250751972,1144.0,0.0030086498683716822,1
2025-06-20,4,20,6,2025,False,10,False,False,False,False,False,1146,1314.7705250751972,80.0,6.25,30.99,44.07,13.08,53.3,11.72,41.58,52.4,13.49,38.91,51.57,13.55,38.02,49.28,12.76,36.52,39.98571428571428,18.919181498453643,18.285714285714295,-57.19,47.35,43.36066666666667,20.329261386133624,18.44066666666667,-269.12,81.83,52.4,39.82,-0.433883739117558,-0.9009688679024191,171,0.19864794288017112,-0.9800709131432666,1.2246467991473532e-16,-1.0,1314.7705250751972,1146.0,1314.7705250751972,1145.0,0.0028832894571895196,1
2025-06-21,5,21,6,2025,True,9,False,False,False,False,False,1146,1314.7705250751972,80.08,6.25,3.43,16.91,13.48,44.07,13.08,30.99,10.37,13.3,-2.93,16.61,11.76,4.85,36.58,10.87,25.71,38.79571428571428,18.25863618231376,17.154285714285724,-57.19,47.35,43.187,20.29918210514718,18.256333333333334,-269.12,81.83,10.37,33.38,-0.9749279121818236,-0.2225209339563146,172,0.18175978759137534,-0.9833429613388902,1.2246467991473532e-16,-1.0,1314.7705250751972,1146.0,1314.7705250751972,1145.0,0.0035087719298245723,1
2025-06-22,6,22,6,2025,True,8,False,False,False,False,False,1147,1314.7705250751972,80.14,6.25,7.12,18.92,11.8,16.91,13.48,3.43,17.19,74.38,-57.19,14.37,12.38,1.99,57.65,11.43,46.22,39.730000000000004,16.658930537902748,18.06285714285715,-57.19,47.35,42.531333333333336,20.83066236855277,17.513666666666666,-269.12,81.83,17.19,13.04,-0.7818314824680299,0.6234898018587334,173,0.16481784665719793,-0.9863240225317866,1.2246467991473532e-16,-1.0,1314.7705250751972,1146.0,1314.7705250751972,1145.0,0.003003754693366556,1
2025-06-23,0,23,6,2025,False,7,False,False,False,False,False,1147,1314.7705250751972,80.16,6.25,30.87,43.55,12.68,18.92,11.8,7.12,43.43,13.32,30.11,48.45,11.59,36.86,16.21,13.02,3.19,39.97714285714286,16.27726811055403,27.250000000000007,3.43,47.35,41.24033333333333,21.060257470236234,16.210333333333335,-269.12,81.83,43.43,9.94,0.0,1.0,174,0.14782713347053048,-0.9890132145779883,1.2246467991473532e-16,-1.0,1314.7705250751972,1147.0,1314.7705250751972,1145.0,0.0016243908534299134,1
2025-06-24,1,24,6,2025,False,6,False,True,False,False,False,1147,1314.7705250751972,80.23,6.25,44.78,56.63,11.85,43.55,12.68,30.87,59.9,12.55,47.35,46.74,11.11,35.63,13.5,13.37,0.13,39.994285714285716,16.281573283053163,27.35857142857144,3.43,47.35,42.151666666666664,20.524501771992,17.133,-269.12,81.83,59.9,38.78,0.7818314824680298,0.6234898018587336,175,0.13079267585675922,-0.9914097417023038,1.2246467991473532e-16,-1.0,1314.7705250751972,1147.0,1314.7705250751972,1146.0,0.00224859462835747,1
2025-06-25,2,25,6,2025,False,5,False,True,False,False,False,1147,1314.7705250751972,80.27,6.25,27.61,39.58,11.97,56.63,11.85,44.78,43.31,13.14,30.17,37.23,13.01,24.22,58.34,11.95,46.39,39.527142857142856,15.649918758346931,26.991428571428578,3.43,44.78,43.589333333333336,19.95088589050843,18.621333333333336,-269.12,81.83,43.31,41.05,0.9749279121818236,-0.22252093395631434,176,0.11371951458594969,-0.9935128947338007,1.2246467991473532e-16,-1.0,1314.7705250751972,1147.0,1314.7705250751972,1146.0,0.0021223470661673183,1
2025-06-26,3,26,6,2025,False,4,True,True,False,False,False,1148,1314.7705250751972,80.37,6.25,61.09,72.37,11.28,39.58,11.97,27.61,53.3,11.72,41.58,36.32,12.82,23.5,76.44,12.09,64.35,38.99428571428571,15.562909814837452,26.62571428571429,3.43,44.78,42.964000000000006,19.76574790755018,17.99533333333334,-269.12,81.83,53.3,52.68,0.43388373911755823,-0.900968867902419,177,0.0966127018812031,-0.9953220513156602,1.2246467991473532e-16,-1.0,1314.7705250751972,1147.0,1314.7705250751972,1146.0,0.004499437570303799,1
2025-06-27,4,27,6,2025,False,3,True,True,False,False,False,1148,1314.7705250751972,80.39,6.25,66.7,81.03,14.33,72.37,11.28,61.09,44.07,13.08,30.99,52.4,13.49,38.91,54.39,13.0,41.39,41.71857142857142,19.6237852520621,29.412857142857153,3.43,61.09,42.82833333333333,19.540741715237065,17.886666666666667,-269.12,81.83,44.07,41.04,-0.433883739117558,-0.9009688679024191,178,0.07947729992362097,-0.9968366760893436,1.2246467991473532e-16,-1.0,1314.7705250751972,1148.0,1314.7705250751972,1146.0,0.004874999999999963,1
2025-06-28,5,28,6,2025,True,2,True,True,False,False,False,1148,1314.7705250751972,80.36,6.25,13.0,27.05,14.05,81.03,14.33,66.7,16.91,13.48,3.43,10.37,13.3,-2.93,94.04,12.21,81.83,46.99857142857143,24.682207105910326,34.51428571428573,3.43,66.7,43.71633333333334,20.657649411184195,18.730333333333338,-269.12,81.83,16.91,65.57,-0.9749279121818236,-0.2225209339563146,179,0.062318379354325076,-0.998056320853012,1.2246467991473532e-16,-1.0,1314.7705250751972,1148.0,1314.7705250751972,1146.0,0.0034965034965035446,1
2025-06-29,6,29,6,2025,True,1,True,True,False,False,False,1148,1314.7705250751972,80.39,6.25,20.59,33.92,13.33,27.05,14.05,13.0,18.92,11.8,7.12,17.19,74.38,-57.19,76.89,10.59,66.3,48.447142857142865,22.85170651124754,35.88142857142858,7.12,66.7,41.483333333333334,18.54270231642086,16.436,-269.12,66.7,18.92,20.51,-0.7818314824680299,0.6234898018587334,180,0.04514101777397193,-0.9989806246941579,1.2246467991473532e-16,-1.0,1314.7705250751972,1148.0,1314.7705250751972,1147.0,0.003119540803593779,1
2025-06-30,0,30,6,2025,False,0,True,True,False,False,False,1149,1314.7705250751972,80.15,6.25,44.43,59.82,15.39,33.92,13.33,20.59,43.55,12.68,30.87,43.43,13.32,30.11,23.86,11.11,12.75,50.589999999999996,20.16699366126087,37.805714285714295,13.0,66.7,40.051,17.333590142880883,14.912333333333335,-269.12,66.7,43.55,16.86,0.0,1.0,181,0.02795029824021032,-0.999609314096404,1.2246467991473532e-16,-1.0,1314.7705250751972,1148.0,1314.7705250751972,1147.0,-0.00012475049900184665,1
2025-07-01,1,1,7,2025,False,30,False,False,False,False,False,1149,1363.5411900217616,80.19,6.25,25.4,38.3,12.9,59.82,15.39,44.43,56.63,11.85,44.78,59.9,12.55,47.35,22.06,12.86,9.2,52.91428571428572,20.157963568726338,39.74285714285715,13.0,66.7,41.24966666666667,17.41848789575921,15.968333333333335,-269.12,66.7,56.63,37.53,0.7818314824680298,0.6234898018587336,182,0.01075130776352193,-0.9999422030204416,-0.4999999999999997,-0.8660254037844388,1314.7705250751972,1149.0,1314.7705250751972,1147.0,-0.0004985666209648132,1
2025-07-02,2,2,7,2025,False,29,False,False,False,False,False,1149,1363.5411900217616,79.89,6.25,23.24,41.04,17.8,38.3,12.9,25.4,39.58,11.97,27.61,43.31,13.14,30.17,48.71,14.19,34.52,50.29571428571428,20.775921044278594,36.97428571428572,13.0,66.7,41.791000000000004,17.050001385377556,16.508333333333336,-269.12,66.7,39.58,30.13,0.9749279121818236,-0.22252093395631434,183,-0.00645086419810515,-0.9999791929590823,-0.4999999999999997,-0.8660254037844388,1363.5411900217616,1149.0,1314.7705250751972,1147.0,-0.004734022673477001,1
2025-07-03,3,3,7,2025,False,28,False,False,False,False,False,1149,1363.5411900217616,79.76,6.25,42.43,55.28,12.85,41.04,17.8,23.24,72.37,11.28,61.09,53.3,11.72,41.58,47.09,14.77,32.32,50.50428571428572,20.657406143352837,36.35000000000001,13.0,66.7,41.535333333333334,17.000105827932863,16.132333333333335,-269.12,66.7,72.37,32.82,0.43388373911755823,-0.900968867902419,184,-0.023651127245231586,-0.9997202729664083,-0.4999999999999997,-0.8660254037844388,1363.5411900217616,1149.0,1314.7705250751972,1148.0,-0.00758989672763466,1
2025-07-04,4,4,7,2025,False,27,False,False,False,False,False,1150,1363.5411900217616,79.79,6.25,40.19,53.69,13.5,55.28,12.85,42.43,81.03,14.33,66.7,44.07,13.08,30.99,42.03,13.58,28.45,48.06285714285713,18.544291767087245,33.68428571428572,13.0,66.7,41.80833333333333,17.157415222766918,16.469333333333335,-269.12,66.7,81.03,35.84,-0.433883739117558,-0.9009688679024191,185,-0.04084439154329611,-0.9991655196610109,-0.4999999999999997,-0.8660254037844388,1363.5411900217616,1149.0,1314.7705250751972,1148.0,-0.007463614877472269,1
2025-07-05,5,5,7,2025,True,26,False,False,True,False,False,1150,1363.5411900217616,79.83,6.25,-283.44,17.5,300.94,53.69,13.5,40.19,27.05,14.05,13.0,16.91,13.48,3.43,52.56,321.68,-269.12,44.15714285714286,12.256933703399312,29.89714285714286,13.0,44.43,42.197,17.294131982683602,16.860666666666667,-269.12,66.7,27.05,49.25,-0.9749279121818236,-0.2225209339563146,186,-0.05802556932878035,-0.9983150972033183,-0.4999999999999997,-0.8660254037844388,1363.5411900217616,1150.0,1314.7705250751972,1148.0,-0.006595321055251402,1
2025-07-06,6,6,7,2025,True,25,False,False,False,False,False,1150,1363.5411900217616,79.74,6.25,0.38,14.04,13.66,17.5,300.94,-283.44,33.92,13.33,20.59,18.92,11.8,7.12,51.57,13.55,38.02,42.79285714285714,14.755307196944173,-12.451428571428567,-283.44,44.43,41.028333333333336,17.748336120816194,16.383333333333336,-283.44,66.7,33.92,12.32,-0.7818314824680299,0.6234898018587334,187,-0.07518957641475855,-0.9971692572470178,-0.4999999999999997,-0.8660254037844388,1363.5411900217616,1150.0,1314.7705250751972,1148.0,-0.008085582783928458,1
2025-07-07,0,7,7,2025,False,24,False,False,False,False,False,1150,1363.5411900217616,79.68,6.25,42.05,56.35,14.3,14.04,13.66,0.38,59.82,15.39,44.43,43.55,12.68,30.87,16.61,11.76,4.85,39.95285714285715,18.24762332861074,-15.338571428571424,-283.44,44.43,39.77733333333333,18.29395319984609,15.12866666666667,-283.44,66.7,59.82,15.51,0.0,1.0,188,-0.09233133369539122,-0.9957283388645872,-0.4999999999999997,-0.8660254037844388,1363.5411900217616,1150.0,1314.7705250751972,1149.0,-0.005864004990642546,1
2025-07-08,1,8,7,2025,False,23,False,False,False,False,False,1151,1363.5411900217616,79.79,6.25,26.36,39.38,13.02,56.35,14.3,42.05,38.3,12.9,25.4,56.63,11.85,44.78,14.37,12.38,1.99,39.457142857142856,17.655487073698236,-15.67857142857142,-283.44,42.43,41.102,17.994902228322722,16.36866666666667,-283.44,66.7,38.3,35.83,0.7818314824680298,0.6234898018587336,189,-0.10944576864891556,-0.993992768446958,-0.4999999999999997,-0.8660254037844388,1363.5411900217616,1150.0,1363.5411900217616,1149.0,-0.004988153136301188,1
2025-07-09,2,9,7,2025,False,22,False,False,False,False,False,1151,1363.5411900217616,79.75,6.25,44.74,60.47,15.73,39.38,13.02,26.36,41.04,17.8,23.24,39.58,11.97,27.61,48.45,11.59,36.86,39.61142857142857,17.648407320559627,-15.541428571428566,-283.44,42.43,41.93566666666666,17.278843089331655,17.181,-283.44,66.7,41.04,41.28,0.9749279121818236,-0.22252093395631434,190,-0.12652781683868314,-0.9919630595773397,-0.4999999999999997,-0.8660254037844388,1363.5411900217616,1151.0,1363.5411900217616,1149.0,-0.0017524095631493708,1
2025-07-10,3,10,7,2025,False,21,False,False,False,False,False,1151,1363.5411900217616,79.93,6.25,68.61,82.1,13.49,60.47,15.73,44.74,55.28,12.85,42.43,72.37,11.28,61.09,46.74,11.11,35.63,42.387142857142855,19.355898079815166,-12.46999999999999,-283.44,44.74,42.336333333333336,17.57198308501994,17.44366666666667,-283.44,66.7,55.28,38.49,0.43388373911755823,-0.900968867902419,191,-0.1435724234118113,-0.9896398128792412,-0.4999999999999997,-0.8660254037844388,1363.5411900217616,1151.0,1363.5411900217616,1149.0,0.002131394182547597,1
2025-07-11,4,11,7,2025,False,20,False,False,False,False,False,1151,1363.5411900217616,79.93,6.25,38.9,52.43,13.53,82.1,13.49,68.61,53.69,13.5,40.19,81.03,14.33,66.7,37.23,13.01,24.22,46.21857142857142,24.34485258979914,-8.729999999999992,-283.44,68.61,43.515,19.005028690250324,18.543000000000003,-283.44,68.61,53.69,46.2,-0.433883739117558,-0.9009688679024191,192,-0.16057454459499376,-0.9870237158387383,-0.4999999999999997,-0.8660254037844388,1363.5411900217616,1151.0,1363.5411900217616,1150.0,0.0017546058403308251,1
2025-07-12,5,12,7,2025,True,19,False,False,False,False,False,1152,1363.5411900217616,79.96,6.25,7.05,19.08,12.03,52.43,13.53,38.9,17.5,300.94,-283.44,27.05,14.05,13.0,36.32,12.82,23.5,46.03857142857142,24.2849881123926,-8.914285714285706,-283.44,68.61,44.02166666666667,19.034285777445593,19.032333333333334,-283.44,68.61,17.5,35.86,-0.9749279121818236,-0.2225209339563146,193,-0.17752914918703497,-0.984115542601034,-0.4999999999999997,-0.8660254037844388,1363.5411900217616,1151.0,1363.5411900217616,1150.0,0.0016284604785168355,1
2025-07-13,6,13,7,2025,True,18,False,False,False,False,False,1152,1363.5411900217616,80.09,6.25,1.98,15.72,13.74,19.08,12.03,7.05,14.04,13.66,0.38,33.92,13.33,20.59,52.4,13.49,38.91,46.26428571428572,23.98097082907121,32.58428571428572,0.38,68.61,43.446999999999996,19.52865342215779,18.483999999999998,-283.44,68.61,14.04,10.41,-0.7818314824680299,0.6234898018587334,194,-0.19443122004766195,-0.9809161537413774,-0.4999999999999997,-0.8660254037844388,1363.5411900217616,1152.0,1363.5411900217616,1150.0,0.004389265111612861,1
2025-07-14,0,14,7,2025,False,17,False,False,False,False,False,1152,1363.5411900217616,80.1,6.25,22.44,35.44,13.0,15.72,13.74,1.98,56.35,14.3,42.05,59.82,15.39,44.43,10.37,13.3,-2.93,46.50428571428571,23.610263910104106,32.81285714285715,1.98,68.61,42.224333333333334,20.08899487424566,17.253,-283.44,68.61,56.35,10.77,0.0,1.0,195,-0.2112757555821793,-0.9774264960104055,-0.4999999999999997,-0.8660254037844388,1363.5411900217616,1152.0,1363.5411900217616,1150.0,0.00527108433734913,1
2025-07-15,1,15,7,2025,False,16,False,False,False,True,False,1152,1363.5411900217616,80.02,6.25,-24.82,44.04,68.86,35.44,13.0,22.44,39.38,13.02,26.36,38.3,12.9,25.4,17.19,74.38,-57.19,43.51714285714286,23.479375853633602,30.011428571428578,1.98,68.61,43.059999999999995,19.2208957773241,18.09866666666667,-283.44,68.61,39.38,35.87,0.7818314824680298,0.6234898018587336,196,-0.2280577712215198,-0.9736476020539838,-0.4999999999999997,-0.8660254037844388,1363.5411900217616,1152.0,1363.5411900217616,1151.0,0.0028825667376863873,1
2025-07-16,2,16,7,2025,False,15,False,False,False,False,False,1152,1363.5411900217616,80.01,6.25,28.13,40.32,12.19,44.04,68.86,-24.82,60.47,15.73,44.74,41.04,17.8,23.24,43.43,13.32,30.11,44.182857142857145,23.40848045352067,22.70000000000001,-24.82,68.61,43.955000000000005,18.58949921419292,19.177666666666667,-283.44,68.61,60.47,31.53,0.9749279121818236,-0.22252093395631434,197,-0.24477230089725957,-0.9695805901076308,-0.4999999999999997,-0.8660254037844388,1363.5411900217616,1152.0,1363.5411900217616,1151.0,0.003260188087774285,1
2025-07-17,3,17,7,2025,False,14,False,False,False,False,False,1153,1363.5411900217616,80.01,6.25,20.6,37.83,17.23,40.32,12.19,28.13,82.1,13.49,68.61,55.28,12.85,42.43,59.9,12.55,47.35,41.30428571428571,22.283735366961345,20.327142857142864,-24.82,68.61,43.85133333333333,18.60119587059091,19.111666666666668,-283.44,68.61,82.1,42.5,0.43388373911755823,-0.900968867902419,198,-0.2614143985111562,-0.965226663665613,-0.4999999999999997,-0.8660254037844388,1363.5411900217616,1152.0,1363.5411900217616,1151.0,0.0010008757662955947,1
2025-07-18,4,18,7,2025,False,13,False,False,False,False,False,1153,1363.5411900217616,79.9,6.25,54.08,66.93,12.85,37.83,17.23,20.6,52.43,13.53,38.9,53.69,13.5,40.19,43.31,13.14,30.17,34.98,13.211064806946286,13.468571428571437,-24.82,38.9,43.11566666666667,18.379702763596523,18.220000000000002,-283.44,68.61,52.43,36.3,-0.433883739117558,-0.9009688679024191,199,-0.2779791393987801,-0.9605871111248129,-0.4999999999999997,-0.8660254037844388,1363.5411900217616,1153.0,1363.5411900217616,1151.0,-0.0003753284123608758,1
2025-07-19,5,19,7,2025,True,12,False,False,False,False,False,1153,1363.5411900217616,79.88,6.25,6.65,18.05,11.4,66.93,12.85,54.08,19.08,12.03,7.05,17.5,300.94,-283.44,53.3,11.72,41.58,37.05142857142857,16.997341388750062,15.637142857142864,-24.82,54.08,43.903,18.887213910747697,19.017,-283.44,68.61,19.08,60.53,-0.9749279121818236,-0.2225209339563146,200,-0.2944616217868012,-0.9556633054034704,-0.4999999999999997,-0.8660254037844388,1363.5411900217616,1153.0,1363.5411900217616,1152.0,-0.0010005002501249916,1
2025-07-20,6,20,7,2025,True,11,False,False,False,False,False,1153,1363.5411900217616,79.82,6.25,6.1,18.4,12.3,18.05,11.4,6.65,15.72,13.74,1.98,14.04,13.66,0.38,44.07,13.08,30.99,36.90428571428571,17.182297922709974,15.580000000000009,-24.82,54.08,42.728,19.372691301826368,17.852666666666668,-283.44,68.61,15.72,10.11,-0.7818314824680299,0.6234898018587334,201,-0.3108569682435036,-0.9504567035349151,-0.4999999999999997,-0.8660254037844388,1363.5411900217616,1153.0,1363.5411900217616,1152.0,-0.0033712073916845053,1
2025-07-21,0,21,7,2025,False,10,False,False,False,False,False,1154,1363.5411900217616,79.9,6.25,33.3,46.43,13.13,18.4,12.3,6.1,35.44,13.0,22.44,56.35,14.3,42.05,16.91,13.48,3.43,37.287142857142854,16.65331169696262,16.168571428571436,-24.82,54.08,41.87233333333334,19.871847645615947,17.023000000000003,-283.44,68.61,35.44,14.33,0.0,1.0,202,-0.3271603271220951,-0.9449688462364056,-0.4999999999999997,-0.8660254037844388,1363.5411900217616,1153.0,1363.5411900217616,1152.0,-0.0024968789013731785,1
2025-07-22,1,22,7,2025,False,9,False,False,False,False,False,1154,1363.5411900217616,79.9,6.25,33.64,47.58,13.94,46.43,13.13,33.3,44.04,68.86,-24.82,39.38,13.02,26.36,18.92,11.8,7.12,38.857142857142854,16.965270126826518,17.720000000000006,-24.82,54.08,42.85633333333333,19.316266235076714,18.018666666666668,-283.44,68.61,44.04,32.22,0.7818314824680298,0.6234898018587336,203,-0.34336687399638804,-0.939201357453208,-0.4999999999999997,-0.8660254037844388,1363.5411900217616,1154.0,1363.5411900217616,1152.0,-0.0014996250937264755,1
2025-07-23,2,23,7,2025,False,8,False,False,False,False,False,1154,1363.5411900217616,79.88,6.25,44.44,58.39,13.95,47.58,13.94,33.64,40.32,12.19,28.13,60.47,15.73,44.74,43.55,12.68,30.87,39.36285714285714,17.196697080433566,26.07142857142858,6.1,54.08,43.81166666666666,18.793259261718216,18.90266666666667,-283.44,68.61,40.32,36.12,0.9749279121818236,-0.22252093395631434,204,-0.3594718130884232,-0.9331559438780432,-0.4999999999999997,-0.8660254037844388,1363.5411900217616,1154.0,1363.5411900217616,1152.0,-0.0016247969003875262,1
2025-07-24,3,24,7,2025,False,7,False,False,False,False,False,1154,1363.5411900217616,79.87,6.25,34.67,48.8,14.13,58.39,13.95,44.44,37.83,17.23,20.6,82.1,13.49,68.61,56.63,11.85,44.78,41.94428571428572,18.658456400198205,28.40142857142858,6.1,54.08,44.306333333333335,18.980506966691905,19.355000000000004,-283.44,68.61,37.83,40.5,0.43388373911755823,-0.900968867902419,205,-0.3754703786876202,-0.9268343944460494,-0.4999999999999997,-0.8660254037844388,1363.5411900217616,1154.0,1363.5411900217616,1153.0,-0.0017497812773403787,1
2025-07-25,4,25,7,2025,False,6,False,False,False,False,False,1155,1363.5411900217616,79.89,6.25,41.62,54.01,12.39,48.8,14.13,34.67,66.93,12.85,54.08,52.43,13.53,38.9,39.58,11.97,27.61,43.51142857142857,18.715901820440905,30.41142857142858,6.1,54.08,44.04533333333333,18.858645092175635,19.018000000000004,-283.44,68.61,66.93,25.98,-0.433883739117558,-0.9009688679024191,206,-0.3913578365610259,-0.9202385798054075,-0.4999999999999997,-0.8660254037844388,1363.5411900217616,1154.0,1363.5411900217616,1153.0,-0.00012515644555699534,1
2025-07-26,5,26,7,2025,True,5,False,False,False,False,False,1155,1363.5411900217616,79.93,6.25,2.92,16.59,13.67,54.01,12.39,41.62,18.05,11.4,6.65,19.08,12.03,7.05,72.37,11.28,61.09,41.66571428571428,16.5310504376289,28.63142857142858,6.1,44.44,44.52633333333333,18.92473376724005,19.485000000000003,-283.44,68.61,18.05,41.2,-0.9749279121818236,-0.2225209339563146,207,-0.4071294853542516,-0.9133704517637858,-0.4999999999999997,-0.8660254037844388,1363.5411900217616,1155.0,1363.5411900217616,1153.0,0.0006259389083627109,1
2025-07-27,6,27,7,2025,True,4,True,False,False,False,False,1155,1363.5411900217616,79.85,6.25,11.32,23.42,12.1,16.59,13.67,2.92,18.4,12.3,6.1,15.72,13.74,1.98,81.03,14.33,66.7,41.457142857142856,16.88410861755887,28.098571428571432,2.92,44.44,42.667,18.83474067267435,17.546,-283.44,68.61,18.4,28.22,-0.7818314824680299,0.6234898018587334,208,-0.4227806579826773,-0.9062320427107697,-0.4999999999999997,-0.8660254037844388,1363.5411900217616,1155.0,1363.5411900217616,1153.0,0.00037584565271853165,1
2025-07-28,0,28,7,2025,False,3,True,False,False,False,False,1155,1363.5411900217616,79.77,6.25,42.83,55.25,12.42,23.42,12.1,11.32,46.43,13.13,33.3,35.44,13.0,22.44,27.05,14.05,13.0,42.174285714285716,15.814262399432268,28.844285714285718,2.92,44.44,40.74666666666667,17.69061027647211,15.7,-283.44,68.61,46.43,18.47,0.0,1.0,209,-0.4383067230125192,-0.898825465016444,-0.4999999999999997,-0.8660254037844388,1363.5411900217616,1155.0,1363.5411900217616,1154.0,-0.0016270337922403844,1
2025-07-29,1,29,7,2025,False,2,True,False,False,False,False,1156,1363.5411900217616,79.86,6.25,37.79,49.86,12.07,55.25,12.42,42.83,47.58,13.94,33.64,44.04,68.86,-24.82,33.92,13.33,20.59,43.43428571428571,16.544361433373528,30.205714285714294,2.92,44.44,41.68666666666666,17.686945377356896,16.694333333333336,-283.44,68.61,47.58,59.98,0.7818314824680298,0.6234898018587336,210,-0.45370308603134424,-0.8911529104063088,-0.4999999999999997,-0.8660254037844388,1363.5411900217616,1155.0,1363.5411900217616,1154.0,-0.0005006257822278704,1
2025-07-30,2,30,7,2025,False,1,True,False,False,False,False,1156,1363.5411900217616,79.83,6.25,56.16,67.9,11.74,49.86,12.07,37.79,58.39,13.95,44.44,40.32,12.19,28.13,59.82,15.39,44.43,43.76,16.661610566408903,30.79857142857143,2.92,44.44,42.217999999999996,17.68500814541643,17.26766666666667,-283.44,68.61,58.39,68.84,0.9749279121818236,-0.22252093395631434,211,-0.46896519100763184,-0.8832166493127127,-0.4999999999999997,-0.8660254037844388,1363.5411900217616,1156.0,1363.5411900217616,1154.0,-0.0006259389083624889,1
2025-07-31,3,31,7,2025,False,0,True,False,False,False,False,1156,1363.5411900217616,79.71,6.25,57.19,71.9,14.71,67.9,11.74,56.16,48.8,14.13,34.67,37.83,17.23,20.6,38.3,12.9,25.4,45.11857142857143,18.35500969633041,32.472857142857144,2.92,56.16,42.48733333333333,18.020662840067768,17.658666666666665,-283.44,68.61,48.8,55.58,0.43388373911755823,-0.900968867902419,212,-0.48408852163897587,-0.8750190302029955,-0.4999999999999997,-0.8660254037844388,1363.5411900217616,1156.0,1363.5411900217616,1154.0,-0.0020032552898461287,1
2025-08-01,4,1,8,2025,False,30,False,False,False,False,False,1156,1305.8396245903846,79.75,6.25,22.73,37.3,14.57,71.9,14.71,57.19,54.01,12.39,41.62,66.93,12.85,54.08,41.04,17.8,23.24,48.41857142857143,21.01150591824355,35.690000000000005,2.92,57.19,43.60733333333334,18.779596032035233,18.718333333333337,-283.44,68.61,54.01,35.07,-0.433883739117558,-0.9009688679024191,213,-0.4990686026885319,-0.8665624788845385,-0.8660254037844384,-0.5000000000000004,1363.5411900217616,1156.0,1363.5411900217616,1155.0,-0.0017524095631493708,1
2025-08-02,5,2,8,2025,True,29,False,False,False,False,False,1157,1305.8396245903846,79.79,6.25,1.35,16.35,15.0,37.3,14.57,22.73,16.59,13.67,2.92,18.05,11.4,6.65,55.28,12.85,42.43,46.03142857142858,21.218583387030897,32.99142857142858,2.92,57.19,43.48266666666667,18.809616567125858,18.701333333333334,-283.44,68.61,16.59,25.85,-0.9749279121818236,-0.2225209339563146,214,-0.5139010013093103,-0.8578494977869301,-0.8660254037844384,-0.5000000000000004,1305.8396245903846,1156.0,1363.5411900217616,1155.0,-0.0017515325910171242,1
2025-08-03,6,3,8,2025,True,28,False,False,False,False,False,1157,1305.8396245903846,79.66,6.25,2.95,16.61,13.66,16.35,15.0,1.35,23.42,12.1,11.32,18.4,12.3,6.1,53.69,13.5,40.19,45.99714285714286,21.274205597613427,32.767142857142865,1.35,57.19,42.184999999999995,19.304041876213848,17.332000000000004,-283.44,68.61,23.42,15.3,-0.7818314824680299,0.6234898018587334,215,-0.5285813283559292,-0.8488826652214553,-0.8660254037844384,-0.5000000000000004,1305.8396245903846,1157.0,1363.5411900217616,1155.0,-0.0023794614902942213,1
2025-08-04,0,4,8,2025,False,27,False,False,False,False,False,1157,1305.8396245903846,79.68,6.25,17.18,31.89,14.71,16.61,13.66,2.95,55.25,12.42,42.83,46.43,13.13,33.3,17.5,300.94,-283.44,45.02428571428572,22.59351887683939,31.571428571428577,1.35,57.19,40.949,19.724498743685547,16.090666666666667,-283.44,68.61,55.25,13.35,0.0,1.0,216,-0.5431052396834317,-0.8396646346181327,-0.8660254037844384,-0.5000000000000004,1305.8396245903846,1157.0,1363.5411900217616,1155.0,-0.001128243700639242,1
2025-08-05,1,5,8,2025,False,26,False,False,True,False,False,1157,1305.8396245903846,79.74,6.25,-223.09,39.87,262.96,31.89,14.71,17.18,49.86,12.07,37.79,47.58,13.94,33.64,14.04,13.66,0.38,41.68714285714286,22.556562765845467,27.907142857142865,1.35,57.19,41.428666666666665,19.305106655714262,26.111333333333338,-24.82,68.61,49.86,32.45,0.7818314824680298,0.6234898018587336,217,-0.5574684374327892,-0.8301981337405212,-0.8660254037844384,-0.5000000000000004,1305.8396245903846,1157.0,1363.5411900217616,1156.0,-0.0015026296018032514,1
2025-08-06,2,6,8,2025,False,25,False,False,False,False,False,1158,1305.8396245903846,79.77,6.25,35.74,50.59,14.85,39.87,262.96,-223.09,67.9,11.74,56.16,58.39,13.95,44.44,56.35,14.3,42.05,40.26,22.26746655249916,-9.361428571428563,-223.09,57.19,42.28966666666667,18.604761993924342,18.662333333333333,-223.09,68.61,67.9,39.84,0.9749279121818236,-0.22252093395631434,218,-0.5716666713027052,-0.8204859638785327,-0.8660254037844384,-0.5000000000000004,1305.8396245903846,1157.0,1363.5411900217616,1156.0,-0.0007515971439309155,1
2025-08-07,3,7,8,2025,False,24,False,False,False,False,False,1158,1305.8396245903846,79.82,6.25,36.54,50.4,13.86,50.59,14.85,35.74,71.9,14.71,57.19,48.8,14.13,34.67,39.38,13.02,26.36,37.787142857142854,19.472093462427857,-12.278571428571423,-223.09,57.19,42.09766666666667,18.48398611348957,18.452,-223.09,68.61,71.9,35.06,0.43388373911755823,-0.900968867902419,219,-0.5856957398073508,-0.8105309990194823,-0.8660254037844384,-0.5000000000000004,1305.8396245903846,1158.0,1363.5411900217616,1156.0,0.0013800025090955348,1
2025-08-08,4,8,8,2025,False,23,False,False,False,False,False,1158,1305.8396245903846,79.71,6.25,23.69,38.19,14.5,50.4,13.86,36.54,37.3,14.57,22.73,54.01,12.39,41.62,60.47,15.73,44.74,34.715714285714284,14.167662542027298,-15.228571428571422,-223.09,36.54,42.465,18.53753838324662,18.791333333333334,-223.09,68.61,37.3,35.41,-0.433883739117558,-0.9009688679024191,220,-0.5995514915196489,-0.8003361849976323,-0.8660254037844384,-0.5000000000000004,1305.8396245903846,1158.0,1305.8396245903846,1156.0,-0.0005015673981192403,1
2025-08-09,5,9,8,2025,True,22,False,False,False,False,False,1158,1305.8396245903846,79.74,6.25,2.78,16.93,14.15,38.19,14.5,23.69,16.35,15.0,1.35,16.59,13.67,2.92,82.1,13.49,68.61,34.84285714285714,14.198679180691139,-15.091428571428565,-223.09,36.54,41.72233333333333,18.235167365576107,18.08966666666667,-223.09,68.61,16.35,43.43,-0.9749279121818236,-0.2225209339563146,221,-0.6132298262997502,-0.7899045386224707,-0.8660254037844384,-0.5000000000000004,1305.8396245903846,1158.0,1305.8396245903846,1157.0,-0.000626644942975485,1
2025-08-10,6,10,8,2025,True,21,False,False,False,False,False,1158,1305.8396245903846,79.71,6.25,7.44,19.78,12.34,16.93,14.15,2.78,16.61,13.66,2.95,23.42,12.1,11.32,52.43,13.53,38.9,34.925714285714285,14.07392134071963,-14.88714285714285,-223.09,36.54,39.55,17.10600963162477,15.895333333333335,-223.09,57.19,16.61,10.71,-0.7818314824680299,0.6234898018587334,222,-0.6267266965083301,-0.7792391467859886,-0.8660254037844384,-0.5000000000000004,1305.8396245903846,1158.0,1305.8396245903846,1157.0,0.0006276675872458615,1
2025-08-11,0,11,8,2025,False,20,False,False,False,False,False,1159,1305.8396245903846,79.67,6.25,42.33,54.07,11.74,19.78,12.34,7.44,31.89,14.71,17.18,55.25,12.42,42.83,19.08,12.03,7.05,35.378571428571426,13.422265616717462,-14.24571428571428,-223.09,36.54,38.461666666666666,17.29587933451264,14.846666666666668,-223.09,57.19,31.89,16.46,0.0,1.0,223,-0.6400381082043503,-0.7683431655492202,-0.8660254037844384,-0.5000000000000004,1305.8396245903846,1158.0,1305.8396245903846,1157.0,-0.00012550200803218559,1
2025-08-12,1,12,8,2025,False,19,False,False,False,False,False,1159,1305.8396245903846,79.74,6.25,33.51,46.21,12.7,54.07,11.74,42.33,39.87,262.96,-223.09,49.86,12.07,37.79,15.72,13.74,1.98,38.54714285714285,14.988127205987377,-10.652857142857133,-223.09,42.33,39.62800000000001,17.12271820187109,16.02266666666667,-223.09,57.19,39.87,30.28,0.7818314824680298,0.6234898018587336,224,-0.65316012232693,-0.7572198192083127,-0.8660254037844384,-0.5000000000000004,1305.8396245903846,1159.0,1305.8396245903846,1157.0,0.0,1
2025-08-13,2,13,8,2025,False,18,False,False,False,False,False,1159,1305.8396245903846,79.86,6.25,28.79,43.21,14.42,46.21,12.7,33.51,50.59,14.85,35.74,67.9,11.74,56.16,35.44,13.0,22.44,39.45285714285715,15.270292197909171,26.00428571428572,2.78,42.33,40.64433333333333,16.550006913913126,17.073666666666668,-223.09,57.19,50.59,34.56,0.9749279121818236,-0.22252093395631434,225,-0.666088855860977,-0.7458723993404063,-0.8660254037844384,-0.5000000000000004,1305.8396245903846,1159.0,1305.8396245903846,1158.0,0.0011282437006394641,1
2025-08-14,3,14,8,2025,False,17,False,False,False,False,False,1159,1305.8396245903846,80.0,6.25,27.37,41.98,14.61,43.21,14.42,28.79,50.4,13.86,36.54,71.9,14.71,57.19,44.04,68.86,-24.82,38.39857142857143,14.613866050856725,25.011428571428578,2.78,42.33,40.90333333333333,16.526534846209778,17.285333333333334,-223.09,57.19,50.4,55.04,0.43388373911755823,-0.900968867902419,226,-0.6788204829862355,-0.734304263829602,-0.8660254037844384,-0.5000000000000004,1305.8396245903846,1159.0,1305.8396245903846,1158.0,0.002255073916311856,1
2025-08-15,4,15,8,2025,False,16,False,False,False,True,True,1160,1305.8396245903846,80.11,6.25,-51.44,12.79,64.23,41.98,14.61,27.37,38.19,14.5,23.69,37.3,14.57,22.73,40.32,12.19,28.13,37.19571428571429,13.784379876201548,23.70142857142858,2.78,42.33,40.834666666666664,16.517329819550543,19.025,-223.09,57.19,38.19,11.93,-0.433883739117558,-0.9009688679024191,227,-0.6913512362094071,-0.722518835873311,-0.8660254037844384,-0.5000000000000004,1305.8396245903846,1159.0,1305.8396245903846,1158.0,0.005018190942165379,1
2025-08-16,5,16,8,2025,True,15,False,False,False,False,False,1160,1305.8396245903846,80.1,6.25,4.67,17.04,12.37,12.79,64.23,-51.44,16.93,14.15,2.78,16.35,15.0,1.35,37.83,17.23,20.6,33.567142857142855,16.545590262751535,12.968571428571437,-51.44,42.33,39.917,17.293429517673946,16.372666666666667,-223.09,57.19,16.93,39.63,-0.9749279121818236,-0.2225209339563146,228,-0.7036774074790128,-0.7105196029692745,-0.8660254037844384,-0.5000000000000004,1305.8396245903846,1160.0,1305.8396245903846,1158.0,0.004514672686230181,1
2025-08-17,6,17,8,2025,True,14,False,False,False,False,False,1160,1305.8396245903846,80.13,6.25,5.74,18.43,12.69,17.04,12.37,4.67,19.78,12.34,7.44,16.61,13.66,2.95,66.93,12.85,54.08,33.582857142857144,16.527197498150084,13.238571428571436,-51.44,42.33,39.224,17.78939292639446,15.841666666666669,-223.09,57.19,19.78,11.51,-0.7818314824680299,0.6234898018587334,229,-0.7157953492826642,-0.6983101158835584,-0.8660254037844384,-0.5000000000000004,1305.8396245903846,1160.0,1305.8396245903846,1158.0,0.005269100489273537,1
2025-08-18,0,18,8,2025,False,13,False,False,False,False,False,1160,1305.8396245903846,80.19,6.25,34.97,48.14,13.17,18.43,12.69,5.74,54.07,11.74,42.33,31.89,14.71,17.18,18.05,11.4,6.65,33.39,16.721839013697068,12.995714285714294,-51.44,42.33,37.60733333333334,17.383873012638436,14.230333333333336,-223.09,57.19,54.07,12.39,0.0,1.0,230,-0.7277014757264236,-0.6858939875998223,-0.8660254037844384,-0.5000000000000004,1305.8396245903846,1160.0,1305.8396245903846,1159.0,0.006526923559683651,1
2025-08-19,1,19,8,2025,False,12,False,False,False,False,False,1161,1305.8396245903846,80.2,6.25,42.56,54.48,11.92,48.14,13.17,34.97,46.21,12.7,33.51,39.87,262.96,-223.09,18.4,12.3,6.1,32.54285714285714,15.613007092683704,11.944285714285721,-51.44,34.97,38.61033333333333,17.081992632560432,15.174333333333335,-223.09,57.19,46.21,39.46,0.7818314824680298,0.6234898018587336,231,-0.7393922635959241,-0.673274892250183,-0.8660254037844384,-0.5000000000000004,1305.8396245903846,1160.0,1305.8396245903846,1159.0,0.0057687484324053795,1
2025-08-20,2,20,8,2025,False,11,False,False,False,False,False,1161,1305.8396245903846,80.21,6.25,35.97,47.82,11.85,54.48,11.92,42.56,43.21,14.42,28.79,50.59,14.85,35.74,46.43,13.13,33.3,33.72428571428571,17.064939551746534,13.237142857142866,-51.44,42.56,39.813,16.878915872605106,16.389666666666667,-223.09,57.19,43.21,39.2,0.9749279121818236,-0.22252093395631434,232,-0.7508642533989489,-0.6604565640279754,-0.8660254037844384,-0.5000000000000004,1305.8396245903846,1161.0,1305.8396245903846,1159.0,0.0043826696719257985,1
2025-08-21,3,21,8,2025,False,10,False,False,False,False,False,1161,1305.8396245903846,80.28,6.25,41.56,54.14,12.58,47.82,11.85,35.97,41.98,14.61,27.37,50.4,13.86,36.54,47.58,13.94,33.64,34.38285714285714,17.573404824986493,14.262857142857152,-51.44,42.56,39.85933333333333,16.899601287549917,16.478666666666665,-223.09,57.19,41.98,38.31,0.43388373911755823,-0.900968867902419,233,-0.7621140503891487,-0.6474427960827475,-0.8660254037844384,-0.5000000000000004,1305.8396245903846,1161.0,1305.8396245903846,1159.0,0.0035000000000000586,1
2025-08-22,4,22,8,2025,False,9,False,False,False,False,False,1161,1305.8396245903846,80.27,6.25,41.22,54.99,13.77,54.14,12.58,41.56,12.79,64.23,-51.44,38.19,14.5,23.69,58.39,13.95,44.44,36.12,18.99320843529782,16.29000000000001,-51.44,42.56,40.078,17.044762043027944,16.74266666666667,-223.09,57.19,12.79,38.72,-0.433883739117558,-0.9009688679024191,234,-0.7731383255706026,-0.6342374393978054,-0.8660254037844384,-0.5000000000000004,1305.8396245903846,1161.0,1305.8396245903846,1160.0,0.0019972537760579723,1
2025-08-23,5,23,8,2025,True,8,False,False,False,False,False,1162,1305.8396245903846,80.21,6.25,2.09,14.24,12.15,54.99,13.77,41.22,17.04,12.37,4.67,16.93,14.15,2.78,48.8,14.13,34.67,42.14857142857142,16.940258192219204,29.527142857142866,4.67,42.56,39.964666666666666,16.929719376319188,16.635333333333335,-223.09,57.19,17.04,37.47,-0.9749279121818236,-0.2225209339563146,235,-0.7839338166829201,-0.620844401650647,-0.8660254037844384,-0.5000000000000004,1305.8396245903846,1161.0,1305.8396245903846,1160.0,0.0013732833957553758,1
2025-08-24,6,24,8,2025,True,7,False,False,False,False,False,1162,1305.8396245903846,80.18,6.25,-1.63,11.88,13.51,14.24,12.15,2.09,18.43,12.69,5.74,19.78,12.34,7.44,54.01,12.39,41.62,41.74857142857143,17.650127882984773,29.158571428571438,2.09,42.56,38.812666666666665,17.474837857929263,15.549333333333333,-223.09,57.19,18.43,10.51,-0.7818314824680299,0.6234898018587334,236,-0.7944973291665992,-0.6072676460566135,-0.8660254037844384,-0.5000000000000004,1305.8396245903846,1162.0,1305.8396245903846,1160.0,0.0006239860227132965,1
2025-08-25,0,25,8,2025,False,6,False,False,False,False,False,1162,1305.8396245903846,80.23,6.25,46.88,62.07,15.19,11.88,13.51,-1.63,48.14,13.17,34.97,54.07,11.74,42.33,16.59,13.67,2.92,40.81285714285714,19.198129001099538,28.105714285714292,-1.63,42.56,37.40833333333333,17.899117505376157,14.107666666666667,-223.09,57.19,48.14,12.42,0.0,1.0,237,-0.8048257371083452,-0.593511190196115,-0.8660254037844384,-0.5000000000000004,1305.8396245903846,1162.0,1305.8396245903846,1160.0,0.0004988153136302742,1
2025-08-26,1,26,8,2025,False,5,False,False,False,False,False,1162,1305.8396245903846,80.23,6.25,37.23,49.23,12.0,62.07,15.19,46.88,54.48,11.92,42.56,46.21,12.7,33.51,23.42,12.1,11.32,42.80285714285714,20.743944268376882,29.807142857142868,-1.63,46.88,38.92433333333334,18.000786320628265,15.573000000000002,-223.09,57.19,54.48,45.91,0.7818314824680298,0.6234898018587336,238,-0.8149159841660791,-0.5795791048257612,-0.8660254037844384,-0.5000000000000004,1305.8396245903846,1162.0,1305.8396245903846,1161.0,0.00037406483790514145,1
2025-08-27,2,27,8,2025,False,4,True,False,False,False,False,1163,1305.8396245903846,80.26,6.25,36.66,50.06,13.4,49.23,12.0,37.23,47.82,11.85,35.97,43.21,14.42,28.79,55.25,12.42,42.83,42.05285714285714,20.34241194670696,29.045714285714293,-1.63,46.88,39.784666666666666,17.850372493618092,16.43666666666667,-223.09,57.19,47.82,44.14,0.9749279121818236,-0.22252093395631434,239,-0.8247650844733614,-0.5654755126737576,-0.8660254037844384,-0.5000000000000004,1305.8396245903846,1162.0,1305.8396245903846,1161.0,0.0006233636703654177,1
2025-08-28,3,28,8,2025,False,3,True,False,False,False,False,1163,1305.8396245903846,80.31,6.25,44.79,59.95,15.16,50.06,13.4,36.66,54.14,12.58,41.56,41.98,14.61,27.37,49.86,12.07,37.79,42.37285714285714,20.46549919114751,29.144285714285722,-1.63,46.88,39.611666666666665,17.71999281609044,16.231,-223.09,57.19,54.14,54.57,0.43388373911755823,-0.900968867902419,240,-0.8343701235229537,-0.5512045872199277,-0.8660254037844384,-0.5000000000000004,1305.8396245903846,1163.0,1305.8396245903846,1161.0,0.00037369207772797175,1
2025-08-29,4,29,8,2025,False,2,True,False,False,False,False,1163,1305.8396245903846,80.28,6.25,65.2,78.32,13.12,59.95,15.16,44.79,54.99,13.77,41.22,12.79,64.23,-51.44,67.9,11.74,56.16,43.20285714285715,21.129315901755856,29.605714285714292,-1.63,46.88,39.948,18.01452678180617,16.464333333333336,-223.09,57.19,54.99,48.72,-0.433883739117558,-0.9009688679024191,241,-0.8437282590292712,-0.5367705514607103,-0.8660254037844384,-0.5000000000000004,1305.8396245903846,1163.0,1305.8396245903846,1161.0,0.00012457954403899407,1
2025-08-30,5,30,8,2025,True,1,True,False,False,False,False,1163,1305.8396245903846,80.34,6.25,9.77,22.69,12.92,78.32,13.12,65.2,14.24,12.15,2.09,17.04,12.37,4.67,71.9,14.71,57.19,46.535714285714285,24.816692538922894,33.03142857142858,-1.63,65.2,40.29533333333334,18.66090228319591,16.765666666666668,-223.09,65.2,14.24,57.61,-0.9749279121818236,-0.2225209339563146,242,-0.8528367217694595,-0.522177676659508,-0.8660254037844384,-0.5000000000000004,1305.8396245903846,1163.0,1305.8396245903846,1162.0,0.0016207455429497752,1
2025-08-31,6,31,8,2025,True,0,True,False,False,False,False,1164,1305.8396245903846,80.37,6.25,6.38,21.76,15.38,22.69,12.92,9.77,11.88,13.51,-1.63,18.43,12.69,5.74,37.3,14.57,22.73,47.74285714285714,23.132278828717386,34.12857142857144,-1.63,65.2,38.654999999999994,17.935729078746846,15.185000000000002,-223.09,65.2,11.88,18.43,-0.7818314824680299,0.6234898018587334,243,-0.8616928164028521,-0.5074302810827518,-0.8660254037844384,-0.5000000000000004,1305.8396245903846,1163.0,1305.8396245903846,1162.0,0.0023696682464455776,1
2025-09-01,0,1,9,2025,False,29,False,False,False,False,False,1164,1309.1939317732115,80.27,6.25,47.24,60.65,13.41,21.76,15.38,6.38,62.07,15.19,46.88,48.14,13.17,34.97,16.35,15.0,1.35,49.15428571428571,20.759067783455457,35.27285714285715,6.38,65.2,38.13699999999999,18.198689067982393,14.640000000000002,-223.09,65.2,62.07,17.82,0.0,1.0,244,-0.8702939222685674,-0.49253272872205434,-1.0,-1.8369701987210297e-16,1305.8396245903846,1164.0,1305.8396245903846,1162.0,0.0004985666209647022,1
2025-09-02,1,2,9,2025,False,28,False,False,False,False,False,1164,1309.1939317732115,80.39,6.25,23.59,39.03,15.44,60.65,13.41,47.24,49.23,12.0,37.23,54.48,11.92,42.56,16.61,13.66,2.95,48.95142857142857,20.618281070101776,35.32428571428572,6.38,65.2,39.61366666666667,18.167156512429905,16.169666666666668,-223.09,65.2,49.23,42.75,0.7818314824680298,0.6234898018587336,245,-0.8786374941610001,-0.4774894280028391,-1.0,-1.8369701987210297e-16,1309.1939317732115,1164.0,1305.8396245903846,1162.0,0.0019942664838588087,1
2025-09-03,2,3,9,2025,False,27,False,False,False,False,False,1164,1309.1939317732115,80.35,6.25,26.39,40.82,14.43,39.03,15.44,23.59,50.06,13.4,36.66,47.82,11.85,35.97,31.89,14.71,17.18,47.49428571428571,20.953024329948917,33.375714285714295,6.38,65.2,40.361,17.641778851195262,16.85766666666667,-223.09,65.2,50.06,30.81,0.9749279121818236,-0.22252093395631434,246,-0.886721063082993,-0.46230483047981086,-1.0,-1.8369701987210297e-16,1309.1939317732115,1164.0,1305.8396245903846,1163.0,0.0011213555943183628,1
2025-09-04,3,4,9,2025,False,26,False,False,False,False,False,1164,1309.1939317732115,80.22,6.25,35.6,48.96,13.36,40.82,14.43,26.39,59.95,15.16,44.79,54.14,12.58,41.56,39.87,262.96,-223.09,46.17428571428571,21.05525180498754,31.908571428571438,6.38,65.2,40.65866666666667,17.569108024643903,17.16466666666667,-223.09,65.2,59.95,44.03,0.43388373911755823,-0.900968867902419,247,-0.8945422369764496,-0.4469834295196741,-1.0,-1.8369701987210297e-16,1309.1939317732115,1164.0,1305.8396245903846,1163.0,-0.0011206574523721091,1
2025-09-05,4,5,9,2025,False,25,False,False,True,False,False,1165,1309.1939317732115,80.13,6.25,-278.7,50.56,329.26,48.96,13.36,35.6,78.32,13.12,65.2,54.99,13.77,41.22,50.59,14.85,35.74,44.604285714285716,20.251244288638105,30.59571428571429,6.38,65.2,40.961666666666666,17.633304125087093,25.787666666666667,-51.44,65.2,78.32,33.94,-0.433883739117558,-0.9009688679024191,248,-0.9020987014301837,-0.43152975897147144,-1.0,-1.8369701987210297e-16,1309.1939317732115,1164.0,1305.8396245903846,1163.0,-0.0018684603886398587,1
2025-09-06,5,6,9,2025,True,24,False,False,False,False,False,1165,1309.1939317732115,80.05,6.25,3.75,18.04,14.29,50.56,329.26,-278.7,22.69,12.92,9.77,14.24,12.15,2.09,50.4,13.86,36.54,40.63857142857143,14.429774113006161,-18.532857142857132,-278.7,47.24,40.96066666666666,17.632740106919243,15.306333333333336,-278.7,65.2,22.69,35.17,-0.9749279121818236,-0.2225209339563146,249,-0.9093882203647925,-0.4159483918249421,-1.0,-1.8369701987210297e-16,1309.1939317732115,1165.0,1305.8396245903846,1163.0,-0.0036096589494648557,1
2025-09-07,6,7,9,2025,True,23,False,False,False,False,False,1165,1309.1939317732115,80.06,6.25,4.11,19.44,15.33,18.04,14.29,3.75,21.76,15.38,6.38,11.88,13.51,-1.63,38.19,14.5,23.69,39.97428571428571,15.463751008021855,-19.392857142857135,-278.7,47.24,39.882,18.020909770750066,14.213333333333336,-278.7,65.2,21.76,14.45,-0.7818314824680299,0.6234898018587334,250,-0.9164086366943458,-0.4002439388573056,-1.0,-1.8369701987210297e-16,1309.1939317732115,1165.0,1305.8396245903846,1164.0,-0.0038571606320766394,1
2025-09-08,0,8,9,2025,False,22,False,False,False,False,False,1165,1309.1939317732115,80.03,6.25,35.75,48.85,13.1,19.44,15.33,4.11,60.65,13.41,47.24,62.07,15.19,46.88,16.93,14.15,2.78,39.642857142857146,15.9368197520561,-19.717142857142846,-278.7,47.24,39.257,18.402713658588457,13.560666666666668,-278.7,65.2,60.65,12.5,0.0,1.0,251,-0.9231578729647039,-0.38442104726885545,-1.0,-1.8369701987210297e-16,1309.1939317732115,1165.0,1309.1939317732115,1164.0,-0.002989909056932749,1
2025-09-09,1,9,9,2025,False,21,False,False,False,False,False,1166,1309.1939317732115,80.01,6.25,37.56,51.47,13.91,48.85,13.1,35.75,39.03,15.44,23.59,49.23,12.0,37.23,19.78,12.34,7.44,37.95714285714286,13.829156053167475,-21.35857142857142,-278.7,35.75,40.321000000000005,17.98534275842217,14.65966666666667,-278.7,65.2,39.03,45.83,0.7818314824680298,0.6234898018587336,252,-0.9296339319682695,-0.3684843993077793,-1.0,-1.8369701987210297e-16,1309.1939317732115,1165.0,1309.1939317732115,1164.0,-0.004726956089065704,1
2025-09-10,2,10,9,2025,False,20,False,False,False,False,False,1166,1309.1939317732115,80.06,6.25,31.21,44.98,13.77,51.47,13.91,37.56,40.82,14.43,26.39,50.06,13.4,36.66,54.07,11.74,42.33,39.73428571428571,14.758116249647072,-19.36285714285713,-278.7,37.56,41.37733333333334,17.66507989837831,15.66366666666667,-278.7,65.2,40.82,33.94,0.9749279121818236,-0.22252093395631434,253,-0.9358348973349941,-0.35243871088460327,-1.0,-1.8369701987210297e-16,1309.1939317732115,1166.0,1309.1939317732115,1164.0,-0.003609209707529426,1
2025-09-11,3,11,9,2025,False,19,False,False,False,False,False,1166,1309.1939317732115,80.08,6.25,32.81,47.67,14.86,44.98,13.77,31.21,48.96,13.36,35.6,59.95,15.16,44.79,46.21,12.7,33.51,40.32857142857143,14.892271405633508,-18.674285714285705,-278.7,37.56,41.074333333333335,17.5172009422331,15.293000000000003,-278.7,65.2,48.96,34.91,0.43388373911755823,-0.900968867902419,254,-0.9417589340994617,-0.33628873017668287,-1.0,-1.8369701987210297e-16,1309.1939317732115,1166.0,1309.1939317732115,1164.0,-0.0017452006980802626,1
2025-09-12,4,12,9,2025,False,18,False,False,False,False,False,1166,1309.1939317732115,80.11,6.25,35.55,48.05,12.5,47.67,14.86,32.81,50.56,329.26,-278.7,78.32,13.12,65.2,43.21,14.42,28.79,40.144285714285715,14.775180604810341,-19.072857142857135,-278.7,37.56,41.123000000000005,17.53398102798257,15.26966666666667,-278.7,65.2,50.56,34.67,-0.433883739117558,-0.9009688679024191,255,-0.9474042892438845,-0.32003923622313857,-1.0,-1.8369701987210297e-16,1309.1939317732115,1166.0,1309.1939317732115,1165.0,-0.0002495944090852298,1
2025-09-13,5,13,9,2025,True,17,False,False,False,False,False,1167,1309.1939317732115,80.14,6.25,1.8,17.15,15.35,48.05,12.5,35.55,18.04,14.29,3.75,22.69,12.92,9.77,41.98,14.61,27.37,39.785714285714285,14.508325032135755,25.82000000000001,3.75,37.56,41.28433333333333,17.576062421085176,15.495000000000003,-278.7,65.2,18.04,35.24,-0.9749279121818236,-0.2225209339563146,256,-0.9527692922168511,-0.30369503751065885,-1.0,-1.8369701987210297e-16,1309.1939317732115,1166.0,1309.1939317732115,1165.0,0.001124297314178735,1
2025-09-14,6,14,9,2025,True,16,False,False,False,False,False,1167,1309.1939317732115,80.19,6.25,4.43,18.96,14.53,17.15,15.35,1.8,19.44,15.33,4.11,21.76,15.38,6.38,12.79,64.23,-51.44,39.65857142857143,14.73281646367668,25.54142857142858,1.8,37.56,40.45666666666667,18.11843437959842,14.642666666666669,-278.7,65.2,19.44,16.65,-0.7818314824680299,0.6234898018587334,257,-0.9578523554276669,-0.28726097055059635,-1.0,-1.8369701987210297e-16,1309.1939317732115,1167.0,1309.1939317732115,1165.0,0.0016237821633773297,1
2025-09-15,0,15,9,2025,False,15,False,False,False,True,False,1167,1309.1939317732115,80.02,6.25,-12.67,52.08,64.75,18.96,14.53,4.43,48.85,13.1,35.75,60.65,13.41,47.24,17.04,12.37,4.67,39.589999999999996,14.843307133744432,25.58714285714286,1.8,37.56,40.662333333333336,17.8262162003883,16.505000000000003,-278.7,65.2,48.85,15.29,0.0,1.0,258,-0.9626519747161487,-0.2707418984477642,-1.0,-1.8369701987210297e-16,1309.1939317732115,1167.0,1309.1939317732115,1165.0,-0.00012495314257154888,1
2025-09-16,1,16,9,2025,False,14,False,False,False,False,False,1167,1309.1939317732115,79.99,6.25,31.87,47.51,15.64,52.08,64.75,-12.67,51.47,13.91,37.56,39.03,15.44,23.59,18.43,12.69,5.74,40.05142857142857,15.224457766558256,18.670000000000012,-12.67,37.56,41.83033333333333,17.36709859700688,15.927000000000001,-278.7,65.2,51.47,53.09,0.7818314824680298,0.6234898018587336,259,-0.9671667297977312,-0.2541427094613622,-1.0,-1.8369701987210297e-16,1309.1939317732115,1167.0,1309.1939317732115,1166.0,-0.000249968753905927,1
2025-09-17,2,17,9,2025,False,13,False,False,False,False,False,1168,1309.1939317732115,79.82,6.25,23.39,40.74,17.35,47.51,15.64,31.87,44.98,13.77,31.21,40.82,14.43,26.39,48.14,13.17,34.97,39.48571428571428,14.797020935696153,17.857142857142865,-12.67,35.55,42.79966666666667,16.818874964083307,16.798000000000002,-278.7,65.2,44.98,58.69,0.9749279121818236,-0.22252093395631434,260,-0.97139528468375,-0.23746831555846842,-1.0,-1.8369701987210297e-16,1309.1939317732115,1167.0,1309.1939317732115,1166.0,-0.002997751686235395,1
2025-09-18,3,18,9,2025,False,12,False,False,False,False,False,1168,1309.1939317732115,79.82,6.25,32.37,47.71,15.34,40.74,17.35,23.39,47.67,14.86,32.81,48.96,13.36,35.6,54.48,11.92,42.56,38.88,14.620355672828262,16.740000000000006,-12.67,35.55,42.553,16.79209566720452,16.412000000000003,-278.7,65.2,47.67,32.41,0.43388373911755823,-0.900968867902419,261,-0.9753363880767837,-0.2207236509605022,-1.0,-1.8369701987210297e-16,1309.1939317732115,1168.0,1309.1939317732115,1166.0,-0.0032467532467532756,1
2025-09-19,4,19,9,2025,False,11,False,False,False,False,False,1168,1309.1939317732115,79.82,6.25,30.89,46.89,16.0,47.71,15.34,32.37,48.05,12.5,35.55,50.56,329.26,-278.7,47.82,11.85,35.97,38.885714285714286,14.624371048747024,16.677142857142865,-12.67,35.55,42.32733333333333,16.67133962995981,16.072333333333336,-278.7,65.2,48.05,39.52,-0.433883739117558,-0.9009688679024191,262,-0.9789888737409319,-0.20391367068311472,-1.0,-1.8369701987210297e-16,1309.1939317732115,1168.0,1309.1939317732115,1166.0,-0.0036200224691050886,1
2025-09-20,5,20,9,2025,True,10,False,False,False,False,False,1168,1309.1939317732115,79.9,6.25,3.09,17.08,13.99,46.89,16.0,30.89,17.15,15.35,1.8,18.04,14.29,3.75,54.14,12.58,41.56,38.720000000000006,14.509339520920133,16.011428571428578,-12.67,32.37,42.29633333333334,16.661635777486147,15.903,-278.7,65.2,17.15,31.58,-0.9749279121818236,-0.2225209339563146,263,-0.9823516608469237,-0.18704334906991657,-1.0,-1.8369701987210297e-16,1309.1939317732115,1168.0,1309.1939317732115,1167.0,-0.002994759171449868,1
2025-09-21,6,21,9,2025,True,9,False,False,False,False,False,1169,1309.1939317732115,80.0,6.25,12.78,24.54,11.76,17.08,13.99,3.09,18.96,14.53,4.43,19.44,15.33,4.11,54.99,13.77,41.22,38.71,14.526697261708692,16.195714285714292,-12.67,32.37,41.061,17.120770476942198,14.62066666666667,-278.7,65.2,18.96,11.87,-0.7818314824680299,0.6234898018587334,264,-0.9854237542919524,-0.17011767832049052,-1.0,-1.8369701987210297e-16,1309.1939317732115,1168.0,1309.1939317732115,1167.0,-0.0023693727397431363,1
2025-09-22,0,22,9,2025,False,8,False,False,False,False,False,1169,1309.1939317732115,80.02,6.25,31.34,42.89,11.55,24.54,11.76,12.78,52.08,64.75,-12.67,48.85,13.1,35.75,14.24,12.15,2.09,39.50714285714286,13.36929281885142,17.388571428571435,-12.67,32.37,40.04600000000001,17.169060304050888,13.672666666666668,-278.7,65.2,52.08,12.19,0.0,1.0,265,-0.9882042449941422,-0.15314166701312007,-1.0,-1.8369701987210297e-16,1309.1939317732115,1169.0,1309.1939317732115,1167.0,0.0,1
2025-09-23,1,23,9,2025,False,7,False,False,False,False,False,1169,1309.1939317732115,79.98,6.25,36.6,50.85,14.25,42.89,11.55,31.34,47.51,15.64,31.87,51.47,13.91,37.56,11.88,13.51,-1.63,38.19428571428572,12.340514383043224,23.675714285714292,3.09,32.37,41.001000000000005,16.46658085858784,14.64766666666667,-278.7,65.2,47.51,32.26,0.7818314824680298,0.6234898018587336,266,-0.9906923101615609,-0.13612033862266704,-1.0,-1.8369701987210297e-16,1309.1939317732115,1169.0,1309.1939317732115,1167.0,-0.00012501562695321766,1
2025-09-24,2,24,9,2025,False,6,False,True,False,False,False,1169,1309.1939317732115,80.01,6.25,44.04,57.13,13.09,50.85,14.25,36.6,40.74,17.35,23.39,44.98,13.77,31.21,62.07,15.19,46.88,38.67142857142858,12.816140121700027,24.35142857142858,3.09,36.6,42.3,15.604650500455833,15.922000000000002,-278.7,65.2,40.74,32.29,0.9749279121818236,-0.22252093395631434,267,-0.9928872135356962,-0.11905873003404988,-1.0,-1.8369701987210297e-16,1309.1939317732115,1169.0,1309.1939317732115,1168.0,0.0023803558005512926,1
2025-09-25,3,25,9,2025,False,5,False,True,False,False,False,1170,1309.1939317732115,79.97,6.25,35.29,47.97,12.68,57.13,13.09,44.04,47.71,15.34,32.37,47.67,14.86,32.81,49.23,12.0,37.23,41.01285714285715,14.626371974719468,27.30142857142858,3.09,44.04,42.13533333333334,15.41373206241601,15.827333333333337,-278.7,65.2,47.71,38.02,0.43388373911755823,-0.900968867902419,268,-0.994788305609327,-0.10196189005174576,-1.0,-1.8369701987210297e-16,1309.1939317732115,1169.0,1309.1939317732115,1168.0,0.0018792282635931024,1
2025-09-26,4,26,9,2025,False,4,True,True,False,False,False,1170,1309.1939317732115,79.97,6.25,90.29,104.1,13.81,47.97,12.68,35.29,46.89,16.0,30.89,48.05,12.5,35.55,50.06,13.4,36.66,41.050000000000004,14.64652973688086,27.718571428571437,3.09,44.04,42.093333333333334,15.39543939038395,15.762666666666668,-278.7,65.2,46.89,45.45,-0.433883739117558,-0.9009688679024191,269,-0.9963950238187231,-0.08483487790576538,-1.0,-1.8369701987210297e-16,1309.1939317732115,1170.0,1309.1939317732115,1168.0,0.0018792282635931024,1
2025-09-27,5,27,9,2025,True,3,True,True,False,False,False,1170,1309.1939317732115,80.05,6.25,7.57,22.35,14.78,104.1,13.81,90.29,17.08,13.99,3.09,17.15,15.35,1.8,59.95,15.16,44.79,49.222857142857144,28.168400566524785,36.204285714285724,3.09,90.29,43.89466666666667,19.08021357021598,17.550333333333334,-278.7,90.29,17.08,65.84,-0.9749279121818236,-0.2225209339563146,270,-0.9977068927101168,-0.06768276175455162,-1.0,-1.8369701987210297e-16,1309.1939317732115,1170.0,1309.1939317732115,1168.0,0.001877346683354153,1
2025-09-28,6,28,9,2025,True,2,True,True,False,False,False,1170,1309.1939317732115,80.01,6.25,13.34,25.36,12.02,22.35,14.78,7.57,24.54,11.76,12.78,18.96,14.53,4.43,78.32,13.12,65.2,49.97571428571429,27.22061832333655,36.844285714285725,7.57,90.29,42.641333333333336,19.22359859621769,16.30966666666667,-278.7,90.29,24.54,16.79,-0.7818314824680299,0.6234898018587334,271,-0.9987235240803972,-0.050510617185222886,-1.0,-1.8369701987210297e-16,1309.1939317732115,1170.0,1309.1939317732115,1169.0,0.00012500000000015277,1
2025-09-29,0,29,9,2025,False,1,True,True,False,False,False,1170,1309.1939317732115,80.07,6.25,45.9,59.19,13.29,25.36,12.02,13.34,42.89,11.55,31.34,52.08,64.75,-12.67,22.69,12.92,9.77,50.09285714285714,27.094384851407753,36.92428571428572,7.57,90.29,40.876000000000005,18.240765939756017,14.581000000000001,-278.7,90.29,42.89,32.84,0.0,1.0,272,-0.9994446170919858,-0.033323525711631344,-1.0,-1.8369701987210297e-16,1309.1939317732115,1170.0,1309.1939317732115,1169.0,0.0006248437890528091,1
2025-09-30,1,30,9,2025,False,0,True,True,False,False,False,1171,1309.1939317732115,80.13,6.25,47.97,64.15,16.18,59.19,13.29,45.9,50.85,14.25,36.6,47.51,15.64,31.87,21.76,15.38,6.38,52.42142857142857,27.07260388201299,39.00428571428573,7.57,90.29,42.092666666666666,18.203167957203444,15.785333333333336,-278.7,90.29,50.85,52.17,0.7818314824680298,0.6234898018587336,273,-0.9998699583618592,-0.016126573270657762,-1.0,-1.8369701987210297e-16,1309.1939317732115,1170.0,1309.1939317732115,1169.0,0.0018754688672166786,1
2025-10-01,2,1,10,2025,False,30,False,False,False,False,False,1171,1447.655681793803,80.05,6.25,42.13,54.5,12.37,64.15,16.18,47.97,57.13,13.09,44.04,40.74,17.35,23.39,60.65,13.41,47.24,54.32142857142857,27.40856096707229,40.62857142857144,7.57,90.29,43.50566666666667,18.215677159189354,17.17166666666667,-278.7,90.29,57.13,43.77,0.9749279121818236,-0.22252093395631434,274,-0.9999994220246925,0.001075151282798226,-0.8660254037844386,0.5000000000000001,1309.1939317732115,1171.0,1309.1939317732115,1169.0,0.0004999375078114099,1
2025-10-02,3,2,10,2025,False,29,False,False,False,False,False,1171,1447.655681793803,80.13,6.25,45.66,60.69,15.03,54.5,12.37,42.13,47.97,12.68,35.29,47.71,15.34,32.37,39.03,15.44,23.59,53.94571428571429,27.381657398791006,40.35571428571429,7.57,90.29,43.300666666666665,18.049933027544654,17.001333333333335,-278.7,90.29,47.97,34.22,0.43388373911755823,-0.900968867902419,275,-0.999832969770105,0.018276557681691223,-0.8660254037844386,0.5000000000000001,1447.655681793803,1171.0,1309.1939317732115,1170.0,0.00200075028135549,1
2025-10-03,4,3,10,2025,False,28,False,False,False,False,False,1171,1447.655681793803,80.18,6.25,42.08,55.2,13.12,60.69,15.03,45.66,104.1,13.81,90.29,46.89,16.0,30.89,40.82,14.43,26.39,55.762857142857136,27.34103491962576,41.837142857142865,7.57,90.29,44.022666666666666,18.304619905506204,17.737000000000005,-278.7,90.29,104.1,58.74,-0.433883739117558,-0.9009688679024191,276,-0.9993706508539969,0.03547255575312556,-0.8660254037844386,0.5000000000000001,1447.655681793803,1171.0,1309.1939317732115,1170.0,0.0026259847442791084,1
2025-10-04,5,4,10,2025,True,27,False,False,False,False,False,1172,1447.655681793803,80.19,6.25,8.32,22.88,14.56,55.2,13.12,42.08,22.35,14.78,7.57,17.08,13.99,3.09,48.96,13.36,35.6,48.777142857142856,17.356214750808824,34.95000000000001,7.57,47.97,44.502,18.405862147134176,18.26,-278.7,90.29,22.35,52.85,-0.9749279121818236,-0.2225209339563146,277,-0.9986126020839734,0.052658056924614005,-0.8660254037844386,0.5000000000000001,1447.655681793803,1171.0,1309.1939317732115,1170.0,0.0017489069331668716,1
2025-10-05,6,5,10,2025,True,26,False,False,True,False,False,1172,1447.655681793803,80.13,6.25,-332.25,17.93,350.18,22.88,14.56,8.32,25.36,12.02,13.34,24.54,11.76,12.78,50.56,329.26,-278.7,48.85285714285714,17.222355350228003,35.057142857142864,8.32,47.97,43.632666666666665,18.799726691581384,17.35066666666667,-278.7,90.29,25.36,15.95,-0.7818314824680299,0.6234898018587334,278,-0.9975590477788613,0.06982797572987089,-0.8660254037844386,0.5000000000000001,1447.655681793803,1172.0,1309.1939317732115,1170.0,0.0014998125234344517,1
2025-10-06,0,6,10,2025,False,25,False,False,False,False,False,1172,1447.655681793803,80.06,6.25,34.24,49.09,14.85,17.93,350.18,-332.25,59.19,13.29,45.9,42.89,11.55,31.34,18.04,14.29,3.75,47.791428571428575,19.044156959175623,-14.312857142857135,-332.25,47.97,42.545,19.321785587151595,15.565666666666667,-332.25,90.29,59.19,11.87,0.0,1.0,279,-0.9962102997023297,0.0869772313136861,-0.8660254037844386,0.5000000000000001,1447.655681793803,1172.0,1309.1939317732115,1170.0,-0.0001248907206193861,1
2025-10-07,1,7,10,2025,False,24,False,False,False,False,False,1172,1447.655681793803,80.02,6.25,69.69,84.79,15.1,49.09,14.85,34.24,64.15,16.18,47.97,50.85,14.25,36.6,19.44,15.33,4.11,46.34857142857144,18.408627894343017,-15.978571428571419,-332.25,47.97,43.58,18.788125193213364,16.582000000000004,-332.25,90.29,64.15,44.88,0.7818314824680298,0.6234898018587336,280,-0.9945667569706337,0.1041007489354256,-0.8660254037844386,0.5000000000000001,1447.655681793803,1172.0,1309.1939317732115,1171.0,-0.0013727692499687638,1
2025-10-08,2,8,10,2025,False,23,False,False,False,False,False,1173,1447.655681793803,80.06,6.25,43.65,55.95,12.3,84.79,15.1,69.69,54.5,12.37,42.13,57.13,13.09,44.04,48.85,13.1,35.75,49.297142857142866,22.851912913573063,-12.875714285714277,-332.25,69.69,45.75833333333333,19.660906613138945,18.768000000000004,-332.25,90.29,54.5,35.31,0.9749279121818236,-0.22252093395631434,281,-0.9926289059345095,0.121193461470736,-0.8660254037844386,0.5000000000000001,1447.655681793803,1172.0,1447.655681793803,1171.0,0.00012492192379776057,1
2025-10-09,3,9,10,2025,False,22,False,False,False,False,False,1173,1447.655681793803,79.98,6.25,30.37,45.79,15.42,55.95,12.3,43.65,60.69,15.03,45.66,47.97,12.68,35.29,51.47,13.91,37.56,49.50428571428572,22.913423909099635,-12.658571428571419,-332.25,69.69,45.995,19.741971349351527,19.031333333333336,-332.25,90.29,60.69,56.22,0.43388373911755823,-0.900968867902419,282,-0.9903973200352558,0.1382503109109819,-0.8660254037844386,0.5000000000000001,1447.655681793803,1173.0,1447.655681793803,1171.0,-0.0018719580681391124,1
2025-10-10,4,10,10,2025,False,21,False,False,False,False,False,1173,1447.655681793803,80.02,6.25,33.32,45.99,12.67,45.79,15.42,30.37,55.2,13.12,42.08,104.1,13.81,90.29,44.98,13.77,31.21,47.37571428571429,22.387161393041733,-14.842857142857133,-332.25,69.69,45.80566666666666,19.71487145372187,18.79166666666667,-332.25,90.29,55.2,49.98,-0.433883739117558,-0.9009688679024191,283,-0.9878726596350429,0.15526624985999563,-0.8660254037844386,0.5000000000000001,1447.655681793803,1173.0,1447.655681793803,1171.0,-0.0019955101022700594,1
2025-10-11,5,11,10,2025,True,20,False,False,False,False,False,1173,1447.655681793803,79.92,6.25,1.23,15.39,14.16,45.99,12.67,33.32,22.88,14.56,8.32,22.35,14.78,7.57,47.67,14.86,32.81,46.06,22.119723476270437,-16.094285714285704,-332.25,69.69,45.83933333333333,19.714275229287225,18.862000000000005,-332.25,90.29,22.88,43.96,-0.9749279121818236,-0.2225209339563146,284,-0.9850556718215013,0.172236243027682,-0.8660254037844386,0.5000000000000001,1447.655681793803,1173.0,1447.655681793803,1172.0,-0.0033670033670033517,1
2025-10-12,6,12,10,2025,True,19,False,False,False,False,False,1174,1447.655681793803,79.9,6.25,7.42,21.59,14.17,15.39,14.16,1.23,17.93,350.18,-332.25,25.36,12.02,13.34,48.05,12.5,35.55,44.99000000000001,23.562028775128905,-17.107142857142847,-332.25,69.69,44.763333333333335,20.477072179817785,17.809333333333335,-332.25,90.29,17.93,9.75,-0.7818314824680299,0.6234898018587334,285,-0.981947190186646,0.18915526872004093,-0.8660254037844386,0.5000000000000001,1447.655681793803,1173.0,1447.655681793803,1172.0,-0.0028703357044801425,1
2025-10-13,0,13,10,2025,False,18,False,False,False,False,False,1174,1447.655681793803,79.91,6.25,34.31,48.81,14.5,21.59,14.17,7.42,49.09,14.85,34.24,59.19,13.29,45.9,17.15,15.35,1.8,45.51285714285715,22.89256772716551,31.417142857142863,1.23,69.69,43.88133333333334,20.896186375926778,16.87166666666667,-332.25,90.29,49.09,12.67,0.0,1.0,286,-0.9785481345802031,0.20601832032517084,-0.8660254037844386,0.5000000000000001,1447.655681793803,1174.0,1447.655681793803,1172.0,-0.0018735948038971495,1
2025-10-14,1,14,10,2025,False,17,False,False,False,False,False,1174,1447.655681793803,80.11,6.25,39.04,53.32,14.28,48.81,14.5,34.31,84.79,15.1,69.69,64.15,16.18,47.97,18.96,14.53,4.43,45.472857142857144,22.885519231081325,31.42714285714286,1.23,69.69,44.93666666666666,20.290292622646913,17.955333333333336,-332.25,90.29,84.79,48.9,0.7818314824680298,0.6234898018587336,287,-0.9748595108374125,0.22282040779479959,-0.8660254037844386,0.5000000000000001,1447.655681793803,1174.0,1447.655681793803,1172.0,0.0011247188202949676,1
2025-10-15,2,15,10,2025,False,16,False,False,False,True,False,1174,1447.655681793803,80.0,6.25,-16.32,51.52,67.84,53.32,14.28,39.04,55.95,12.3,43.65,54.5,12.37,42.13,52.08,64.75,-12.67,40.97714285714286,15.899380191573258,27.04857142857143,1.23,43.65,46.082,19.735599446615172,19.109,-332.25,90.29,55.95,53.75,0.9749279121818236,-0.22252093395631434,288,-0.9708824104813836,0.23955655912092708,-0.8660254037844386,0.5000000000000001,1447.655681793803,1174.0,1447.655681793803,1173.0,-0.0007494379215589042,1
2025-10-16,3,16,10,2025,False,15,False,False,False,False,False,1175,1447.655681793803,80.12,6.25,47.37,59.45,12.08,51.52,67.84,-16.32,45.79,15.42,30.37,60.69,15.03,45.66,47.51,15.64,31.87,40.34428571428572,15.280180907680055,18.481428571428577,-16.32,39.04,46.06333333333334,19.72999472767336,18.987333333333336,-332.25,90.29,45.79,52.76,0.43388373911755823,-0.900968867902419,289,-0.9666180104000972,0.2562218218071163,-0.8660254037844386,0.5000000000000001,1447.655681793803,1174.0,1447.655681793803,1173.0,0.001750437609402411,1
2025-10-17,4,17,10,2025,False,14,False,False,False,False,False,1175,1447.655681793803,80.13,6.25,29.67,44.75,15.08,59.45,12.08,47.37,45.99,12.67,33.32,55.2,13.12,42.08,40.74,17.35,23.39,42.29571428571428,16.88006502469991,20.910000000000007,-16.32,47.37,46.461333333333336,19.880041929695025,19.504000000000005,-332.25,90.29,45.99,32.44,-0.433883739117558,-0.9009688679024191,290,-0.9620675724981452,0.27281126433401914,-0.8660254037844386,0.5000000000000001,1447.655681793803,1175.0,1447.655681793803,1173.0,0.0013746563359160469,1
2025-10-18,5,18,10,2025,True,13,False,False,False,False,False,1175,1447.655681793803,80.16,6.25,0.95,15.03,14.08,44.75,15.08,29.67,15.39,14.16,1.23,22.88,14.56,8.32,47.71,15.34,32.37,42.11857142857143,16.841296890453027,20.38857142857143,-16.32,47.37,46.595000000000006,19.853710632072396,19.713333333333335,-332.25,90.29,15.39,45.62,-0.9749279121818236,-0.2225209339563146,291,-0.957232443323312,0.28931997761869527,-0.8660254037844386,0.5000000000000001,1447.655681793803,1175.0,1447.655681793803,1173.0,0.0030030030030030463,1
2025-10-19,6,19,10,2025,True,12,False,False,False,False,False,1175,1447.655681793803,80.17,6.25,3.49,18.99,15.5,15.03,14.08,0.95,21.59,14.17,7.42,17.93,350.18,-332.25,46.89,16.0,30.89,42.06714285714286,16.93680087293718,20.348571428571436,-16.32,47.37,45.50566666666667,20.670178032253453,18.666000000000004,-332.25,90.29,21.59,18.16,-0.7818314824680299,0.6234898018587334,292,-0.9521140536681102,0.3057430764672831,-0.8660254037844386,0.5000000000000001,1447.655681793803,1175.0,1447.655681793803,1174.0,0.003379224030037431,1
2025-10-20,0,20,10,2025,False,11,False,False,False,False,True,1176,1447.655681793803,80.21,6.25,0.75,14.52,13.77,18.99,15.5,3.49,48.81,14.5,34.31,49.09,14.85,34.24,17.08,13.99,3.09,41.69571428571429,17.480497568378794,19.787142857142864,-16.32,47.37,44.57566666666666,21.225918392597094,17.752666666666673,-332.25,90.29,48.81,11.22,0.0,1.0,293,-0.9467139181463862,0.3220757010206104,-0.8660254037844386,0.5000000000000001,1447.655681793803,1175.0,1447.655681793803,1174.0,0.003754223501439169,1
2025-10-21,1,21,10,2025,False,10,False,False,False,False,False,1176,1447.655681793803,80.19,6.25,43.31,55.33,12.02,14.52,13.77,0.75,53.32,14.28,39.04,84.79,15.1,69.69,24.54,11.76,12.78,36.79714285714285,19.804633897386854,14.992857142857147,-16.32,47.37,44.49033333333333,21.345080751752775,17.67466666666667,-332.25,90.29,53.32,43.15,0.7818314824680298,0.6234898018587336,294,-0.9410336347451197,0.3383130181923076,-0.8660254037844386,0.5000000000000001,1447.655681793803,1176.0,1447.655681793803,1174.0,0.0009986268880288751,1
2025-10-22,2,22,10,2025,False,9,False,False,False,False,False,1176,1447.655681793803,80.31,6.25,29.81,45.05,15.24,55.33,12.02,43.31,51.52,67.84,-16.32,55.95,12.3,43.65,42.89,11.55,31.34,37.08428571428572,20.09654187262316,15.602857142857149,-16.32,47.37,45.516666666666666,21.091462128374115,18.692333333333337,-332.25,90.29,51.52,45.39,0.9749279121818236,-0.22252093395631434,295,-0.9350748843515574,0.3544502230989869,-0.8660254037844386,0.5000000000000001,1447.655681793803,1176.0,1447.655681793803,1174.0,0.003875000000000073,1
2025-10-23,3,23,10,2025,False,8,False,False,False,False,False,1176,1447.655681793803,80.27,6.25,45.54,58.87,13.33,45.05,15.24,29.81,59.45,12.08,47.37,45.79,15.42,30.37,50.85,14.25,36.6,36.160000000000004,19.46068087195308,22.19285714285715,0.75,47.37,45.58866666666666,21.085872330876395,18.641333333333332,-332.25,90.29,59.45,40.93,0.43388373911755823,-0.900968867902419,296,-0.9288394302558068,0.3704825404820963,-0.8660254037844386,0.5000000000000001,1447.655681793803,1176.0,1447.655681793803,1175.0,0.0018721917124311371,1
2025-10-24,4,24,10,2025,False,7,False,False,False,False,False,1176,1447.655681793803,80.36,6.25,31.27,45.58,14.31,58.87,13.33,45.54,44.75,15.08,29.67,45.99,12.67,33.32,57.13,13.09,44.04,36.07714285714285,19.345889067435596,21.931428571428576,0.75,45.54,45.856,21.20537872560986,18.939333333333334,-332.25,90.29,44.75,30.96,-0.433883739117558,-0.9009688679024191,297,-0.9223291176290545,0.3864052261209853,-0.8660254037844386,0.5000000000000001,1447.655681793803,1176.0,1447.655681793803,1175.0,0.0028703357044803646,1
2025-10-25,5,25,10,2025,True,6,False,False,False,False,False,1177,1447.655681793803,80.31,6.25,3.63,16.61,12.98,45.58,14.31,31.27,15.03,14.08,0.95,15.39,14.16,1.23,47.97,12.68,35.29,36.19571428571428,19.410340763918313,22.160000000000004,0.75,45.54,45.471,21.09821112697985,18.51366666666667,-332.25,90.29,15.03,40.75,-0.9749279121818236,-0.2225209339563146,298,-0.9155458729775467,0.40221356823680365,-0.8660254037844386,0.5000000000000001,1447.655681793803,1176.0,1447.655681793803,1175.0,0.0018712574850299202,1
2025-10-26,6,26,10,2025,True,5,False,False,False,False,False,1177,1447.655681793803,80.31,6.25,-0.93,15.39,16.32,16.61,12.98,3.63,18.99,15.5,3.49,21.59,14.17,7.42,104.1,13.81,90.29,36.42142857142857,19.130360188777978,22.542857142857148,0.75,45.54,44.42566666666667,21.737328085550136,17.458333333333336,-332.25,90.29,18.99,14.26,-0.7818314824680299,0.6234898018587334,299,-0.9084917035725082,0.41790288888678667,-0.8660254037844386,0.5000000000000001,1447.655681793803,1177.0,1447.655681793803,1175.0,0.0017462891355868315,1
2025-10-27,0,27,10,2025,False,4,True,False,False,False,False,1177,1447.655681793803,80.22,6.25,82.83,95.51,12.68,15.39,16.32,-0.93,14.52,13.77,0.75,48.81,14.5,34.31,22.35,14.78,7.57,35.90714285714286,19.71648609183503,21.91142857142858,-0.93,45.54,41.468666666666664,19.22871411292962,14.417666666666669,-332.25,69.69,14.52,21.35,0.0,1.0,300,-0.9011686968561569,0.4334685453485363,-0.8660254037844386,0.5000000000000001,1447.655681793803,1177.0,1447.655681793803,1176.0,0.00012467273407312796,1
2025-10-28,1,28,10,2025,False,3,True,False,False,False,False,1177,1447.655681793803,80.26,6.25,71.31,84.69,13.38,95.51,12.68,82.83,55.33,12.02,43.31,53.32,14.28,39.04,25.36,12.02,13.34,47.47714285714285,27.357129914208105,33.63714285714286,-0.93,82.83,43.907333333333334,21.25306419016469,16.926333333333336,-332.25,82.83,55.33,56.61,0.7818314824680298,0.6234898018587336,301,-0.8935790198239952,0.4489059314938798,-0.8660254037844386,0.5000000000000001,1447.655681793803,1177.0,1447.655681793803,1176.0,0.0008729267988527578,1
2025-10-29,2,29,10,2025,False,2,True,False,False,False,False,1178,1447.655681793803,80.37,6.25,70.25,84.26,14.01,84.69,13.38,71.31,45.05,15.24,29.81,51.52,67.84,-16.32,59.19,13.29,45.9,51.67142857142857,30.796267321745095,37.63714285714286,-0.93,82.83,45.885,22.206691093234497,18.85866666666667,-332.25,82.83,45.05,57.85,0.9749279121818236,-0.22252093395631434,302,-0.8857249183835637,0.4642104791518923,-0.8660254037844386,0.5000000000000001,1447.655681793803,1177.0,1447.655681793803,1176.0,0.0007471049682481468,1
2025-10-30,3,30,10,2025,False,1,True,False,False,False,False,1178,1447.655681793803,80.37,6.25,82.17,94.59,12.42,84.26,14.01,70.25,58.87,13.33,45.54,59.45,12.08,47.37,64.15,16.18,47.97,57.27285714285714,32.88616766680984,43.41428571428572,-0.93,82.83,46.72066666666667,23.175227697922843,19.67033333333334,-332.25,82.83,58.87,62.21,0.43388373911755823,-0.900968867902419,303,-0.8776087166898392,0.4793776594606945,-0.8660254037844386,0.5000000000000001,1447.655681793803,1178.0,1447.655681793803,1176.0,0.0012457954403888305,1
2025-10-31,4,31,10,2025,False,0,True,False,False,False,False,1178,1447.655681793803,80.35,6.25,111.05,125.37,14.32,94.59,12.42,82.17,45.58,14.31,31.27,44.75,15.08,29.67,54.5,12.37,42.13,62.37571428571429,35.81606802220806,48.64714285714286,-0.93,82.83,47.73533333333333,24.587948510480047,20.810333333333336,-332.25,82.83,45.58,16.96,-0.433883739117558,-0.9009688679024191,304,-0.8692328164574792,0.49440298420761813,-0.8660254037844386,0.5000000000000001,1447.655681793803,1178.0,1447.655681793803,1176.0,-0.00012444001991052112,1
2025-11-01,5,1,11,2025,True,29,False,False,False,False,False,1178,1489.3994855643873,80.26,6.25,-2.03,13.8,15.83,125.37,14.32,111.05,16.61,12.98,3.63,15.03,14.08,0.95,60.69,15.03,45.66,73.77428571428571,41.78005180192381,60.04428571428572,-0.93,111.05,50.09766666666667,28.373379544594318,23.107666666666667,-332.25,111.05,16.61,42.49,-0.9749279121818236,-0.2225209339563146,305,-0.8605996962501181,0.5092820071573356,-0.5000000000000004,0.8660254037844384,1447.655681793803,1178.0,1447.655681793803,1177.0,-0.0006225874735400483,1
2025-11-02,6,2,11,2025,True,28,False,False,False,False,False,1179,1489.3994855643873,80.24,6.25,3.59,16.43,12.84,13.8,15.83,-2.03,15.39,16.32,-0.93,18.99,15.5,3.49,55.2,13.12,42.08,73.37285714285714,42.42928969249347,59.23571428571429,-2.03,111.05,48.534666666666666,29.05312930303456,21.518000000000004,-332.25,111.05,15.39,14.59,-0.7818314824680299,0.6234898018587334,306,-0.8517119107469189,0.5240103253675756,-0.5000000000000004,0.8660254037844384,1489.3994855643873,1178.0,1447.655681793803,1177.0,-0.0008716224629561342,1
2025-11-03,0,3,11,2025,False,27,False,False,False,False,False,1179,1489.3994855643873,80.12,6.25,33.96,47.99,14.03,16.43,12.84,3.59,95.51,12.68,82.83,14.52,13.77,0.75,22.88,14.56,8.32,73.52142857142857,42.193582619703236,59.88142857142857,-2.03,111.05,47.242333333333335,29.603485661883273,20.235000000000003,-332.25,111.05,95.51,15.97,0.0,1.0,307,-0.8425720899866032,0.5385835804920232,-0.5000000000000004,0.8660254037844384,1489.3994855643873,1179.0,1447.655681793803,1177.0,-0.001246571927200124,1
2025-11-04,1,4,11,2025,False,26,False,False,False,False,False,1179,1489.3994855643873,80.04,6.25,35.75,46.0,10.25,47.99,14.03,33.96,84.69,13.38,71.31,55.33,12.02,43.31,17.93,350.18,-332.25,66.73285714285714,41.88785453019604,52.90000000000001,-2.03,111.05,48.07933333333334,29.243710309119002,21.089666666666673,-332.25,111.05,84.69,31.77,0.7818314824680298,0.6234898018587336,308,-0.8331829385891785,0.5529974600700271,-0.5000000000000004,0.8660254037844384,1489.3994855643873,1179.0,1447.655681793803,1177.0,-0.0027410914527784547,1
2025-11-05,2,5,11,2025,False,25,False,False,True,False,False,1179,1489.3994855643873,80.06,6.25,-268.11,44.16,312.27,46.0,10.25,35.75,84.26,14.01,70.25,45.05,15.24,29.81,49.09,14.85,34.24,61.205714285714286,41.67553513239434,47.82000000000001,-2.03,111.05,49.015,28.68961145035618,33.35633333333334,-16.32,111.05,84.26,48.91,0.9749279121818236,-0.22252093395631434,309,-0.8235472349556007,0.5672476988027229,-0.5000000000000004,0.8660254037844384,1489.3994855643873,1179.0,1447.655681793803,1178.0,-0.0038571606320766394,1
2025-11-06,3,6,11,2025,False,24,False,False,False,False,False,1180,1489.3994855643873,80.17,6.25,37.72,50.8,13.08,44.16,312.27,-268.11,94.59,12.42,82.17,58.87,13.33,45.54,84.79,15.1,69.69,55.47714285714286,40.72354344204585,-0.5171428571428497,-268.11,111.05,48.85066666666667,28.70328323564644,23.278000000000006,-268.11,111.05,94.59,44.88,0.43388373911755823,-0.900968867902419,310,-0.8136678304455991,0.5813300798152042,-0.5000000000000004,0.8660254037844384,1489.3994855643873,1179.0,1447.655681793803,1178.0,-0.0024884907303720505,1
2025-11-07,4,7,11,2025,False,23,False,False,False,False,False,1180,1489.3994855643873,80.39,6.25,30.63,43.07,12.44,50.8,13.08,37.72,125.37,14.32,111.05,45.58,14.31,31.27,55.95,12.3,43.65,49.22142857142857,36.89752540418374,-6.867142857142852,-268.11,111.05,47.71766666666667,27.89520360246513,22.212333333333333,-268.11,111.05,125.37,45.21,-0.433883739117558,-0.9009688679024191,311,-0.8035476485339116,0.5952404359043674,-0.5000000000000004,0.8660254037844384,1489.3994855643873,1180.0,1447.655681793803,1178.0,0.0004978220286249169,1
2025-11-08,5,8,11,2025,True,22,False,False,False,False,False,1180,1489.3994855643873,80.35,6.25,4.89,19.93,15.04,43.07,12.44,30.63,13.8,15.83,-2.03,16.61,12.98,3.63,45.79,15.42,30.37,37.464285714285715,15.492936946818576,-18.355714285714278,-268.11,37.72,47.288333333333334,27.863230508464223,21.778333333333332,-268.11,111.05,13.8,53.36,-0.9749279121818236,-0.2225209339563146,312,-0.7931896839451843,0.6089746507720486,-0.5000000000000004,0.8660254037844384,1489.3994855643873,1180.0,1489.3994855643873,1178.0,0.0011213555943183628,1
2025-11-09,6,9,11,2025,True,21,False,False,False,False,False,1180,1489.3994855643873,80.46,6.25,5.87,18.94,13.07,19.93,15.04,4.89,16.43,12.84,3.59,15.39,16.32,-0.93,45.99,12.67,33.32,38.339999999999996,14.037278938597787,-17.367142857142852,-268.11,37.72,46.42633333333333,28.3076515162917,20.929,-268.11,111.05,16.43,11.05,-0.7818314824680299,0.6234898018587334,313,-0.7825970017677834,0.6225286602431057,-0.5000000000000004,0.8660254037844384,1489.3994855643873,1180.0,1489.3994855643873,1179.0,0.0027417746759721418,1
2025-11-10,0,10,11,2025,False,20,False,False,False,False,False,1181,1489.3994855643873,80.48,6.25,45.2,58.47,13.27,18.94,13.07,5.87,47.99,14.03,33.96,95.51,12.68,82.83,15.39,14.16,1.23,38.69857142857143,13.402009088903377,-17.041428571428565,-268.11,37.72,45.52466666666667,28.74938616835962,20.014000000000003,-268.11,111.05,47.99,11.01,0.0,1.0,314,-0.7717727365467837,0.6358984534680745,-0.5000000000000004,0.8660254037844384,1489.3994855643873,1180.0,1489.3994855643873,1179.0,0.0044932601098353064,1
2025-11-11,1,11,11,2025,False,19,False,False,False,False,False,1181,1489.3994855643873,80.47,6.25,45.74,58.75,13.01,58.47,13.27,45.2,46.0,10.25,35.75,84.69,13.38,71.31,21.59,14.17,7.42,40.19571428571429,15.091784583168529,-15.435714285714282,-268.11,45.2,46.96066666666666,28.26409296730329,21.47966666666667,-268.11,111.05,46.0,47.15,0.7818314824680298,0.6234898018587336,315,-0.7607200913564104,0.6490800741100398,-0.5000000000000004,0.8660254037844384,1489.3994855643873,1181.0,1489.3994855643873,1179.0,0.005372313843078347,1
2025-11-12,2,12,11,2025,False,18,False,False,False,False,False,1181,1489.3994855643873,80.5,6.25,48.62,59.77,11.15,58.75,13.01,45.74,44.16,312.27,-268.11,84.26,14.01,70.25,48.81,14.5,34.31,42.01714285714286,16.602812727854044,-14.00857142857142,-268.11,45.74,48.199333333333335,27.926133099393706,22.757000000000005,-268.11,111.05,44.16,44.83,0.9749279121818236,-0.22252093395631434,316,-0.7494423368521953,0.6620696215153815,-0.5000000000000004,0.8660254037844384,1489.3994855643873,1181.0,1489.3994855643873,1179.0,0.005495878091431372,1
2025-11-13,3,13,11,2025,False,17,False,False,False,False,False,1181,1489.3994855643873,80.51,6.25,38.07,50.13,12.06,59.77,11.15,48.62,50.8,13.08,37.72,94.59,12.42,82.17,53.32,14.28,39.04,44.24714285714286,17.933591120469785,31.23857142857144,4.89,48.62,48.56466666666667,28.005973344779516,23.234,-268.11,111.05,50.8,46.28,0.43388373911755823,-0.900968867902419,317,-0.7379428103031386,0.6748632518680403,-0.5000000000000004,0.8660254037844384,1489.3994855643873,1181.0,1489.3994855643873,1180.0,0.004240987900711035,1
2025-11-14,4,14,11,2025,False,16,False,False,False,False,False,1182,1489.3994855643873,80.52,6.25,63.66,78.55,14.89,50.13,12.06,38.07,43.07,12.44,30.63,125.37,14.32,111.05,51.52,67.84,-16.32,44.151428571428575,17.894534015141325,31.288571428571437,4.89,48.62,48.458333333333336,27.993348727662088,23.201666666666668,-268.11,111.05,43.07,41.3,-0.433883739117558,-0.9009688679024191,318,-0.7262249146041543,0.6874571793269664,-0.5000000000000004,0.8660254037844384,1489.3994855643873,1181.0,1489.3994855643873,1180.0,0.0016171165567855361,1
2025-11-15,5,15,11,2025,True,15,False,False,False,True,False,1182,1489.3994855643873,80.48,6.25,-39.96,19.58,59.54,78.55,14.89,63.66,19.93,15.04,4.89,13.8,15.83,-2.03,59.45,12.08,47.37,49.220000000000006,22.07391144918974,36.00714285714287,4.89,63.66,49.35933333333333,28.5252339509077,25.86766666666667,-268.11,111.05,19.93,50.59,-0.9749279121818236,-0.2225209339563146,319,-0.7142921172691032,0.699847677146407,-0.5000000000000004,0.8660254037844384,1489.3994855643873,1182.0,1489.3994855643873,1180.0,0.0016179215930305357,1
2025-11-16,6,16,11,2025,True,14,False,False,False,False,False,1182,1489.3994855643873,80.37,6.25,0.9,13.42,12.52,19.58,59.54,-39.96,18.94,13.07,5.87,16.43,12.84,3.59,44.75,15.08,29.67,49.17,22.151574059947446,29.600000000000005,-39.96,63.66,48.03033333333333,28.964294366701125,22.956666666666667,-268.11,111.05,18.94,18.58,-0.7818314824680299,0.6234898018587334,320,-0.7021479494046978,0.7120310787787131,-0.5000000000000004,0.8660254037844384,1489.3994855643873,1182.0,1489.3994855643873,1180.0,-0.0011185682326620983,1
2025-11-17,0,17,11,2025,False,13,False,False,False,False,False,1182,1489.3994855643873,80.25,6.25,31.78,44.77,12.99,13.42,12.52,0.9,58.47,13.27,45.2,47.99,14.03,33.96,15.03,14.08,0.95,48.38142857142857,23.466323692028343,28.89000000000001,-39.96,63.66,46.986,29.64350002602761,21.997666666666667,-268.11,111.05,58.47,17.14,0.0,1.0,321,-0.6897960046655887,0.7240037789593305,-0.5000000000000004,0.8660254037844384,1489.3994855643873,1182.0,1489.3994855643873,1181.0,-0.002857852882703793,1
2025-11-18,1,18,11,2025,False,12,False,False,False,False,False,1182,1489.3994855643873,80.3,6.25,23.1,39.2,16.1,44.77,12.99,31.78,58.75,13.01,45.74,46.0,10.25,35.75,18.99,15.5,3.49,46.424285714285716,23.05233311195994,26.97285714285715,-39.96,63.66,47.977333333333334,29.028890595325848,23.025333333333332,-268.11,111.05,58.75,42.83,0.7818314824680298,0.6234898018587336,322,-0.6772399381909491,0.7357622347736527,-0.5000000000000004,0.8660254037844384,1489.3994855643873,1182.0,1489.3994855643873,1181.0,-0.002112588542313887,1
2025-11-19,2,19,11,2025,False,11,False,False,False,False,False,1183,1489.3994855643873,80.28,6.25,39.18,53.79,14.61,39.2,16.1,23.1,59.77,11.15,48.62,44.16,312.27,-268.11,14.52,13.77,0.75,43.63142857142857,22.487504255009043,23.738571428571436,-39.96,63.66,48.650999999999996,28.563769835954325,23.679,-268.11,111.05,59.77,30.72,0.9749279121818236,-0.22252093395631434,323,-0.6644834655228552,0.7473029667054297,-0.5000000000000004,0.8660254037844384,1489.3994855643873,1182.0,1489.3994855643873,1181.0,-0.0027329192546583503,1
2025-11-20,3,20,11,2025,False,10,False,False,False,False,False,1183,1489.3994855643873,80.23,6.25,39.66,52.46,12.8,53.79,14.61,39.18,50.13,12.06,38.07,50.8,13.08,37.72,55.33,12.02,43.31,42.777142857142856,21.877543824879563,22.390000000000008,-39.96,63.66,49.96,27.836257180035858,24.96,-268.11,111.05,50.13,51.55,0.43388373911755823,-0.900968867902419,324,-0.6515303615068021,0.75862255966641,-0.5000000000000004,0.8660254037844384,1489.3994855643873,1183.0,1489.3994855643873,1181.0,-0.0034778288411377867,1
2025-11-21,4,21,11,2025,False,9,False,False,False,False,False,1183,1489.3994855643873,80.23,6.25,33.86,49.28,15.42,52.46,12.8,39.66,78.55,14.89,63.66,43.07,12.44,30.63,45.05,15.24,29.81,43.11,22.025285469205663,22.617142857142863,-39.96,63.66,49.864333333333335,27.82209351345184,24.838333333333335,-268.11,111.05,78.55,55.93,-0.433883739117558,-0.9009688679024191,325,-0.6383844591746642,0.769717664006921,-0.5000000000000004,0.8660254037844384,1489.3994855643873,1183.0,1489.3994855643873,1182.0,-0.003601589667163285,1
2025-11-22,5,22,11,2025,True,8,False,False,False,False,False,1183,1489.3994855643873,80.3,6.25,14.38,26.95,12.57,49.28,15.42,33.86,19.58,59.54,-39.96,19.93,15.04,4.89,58.87,13.33,45.54,38.92857142857143,16.177989603750184,18.36000000000001,-39.96,39.66,50.00533333333333,27.80756839836737,24.97333333333334,-268.11,111.05,19.58,50.41,-0.9749279121818236,-0.2225209339563146,326,-0.6250496486104377,0.7805849965070866,-0.5000000000000004,0.8660254037844384,1489.3994855643873,1183.0,1489.3994855643873,1182.0,-0.0022365805168986785,1
2025-11-23,6,23,11,2025,True,7,False,False,False,False,False,1184,1489.3994855643873,80.31,6.25,5.74,20.72,14.98,26.95,12.57,14.38,13.42,12.52,0.9,18.94,13.07,5.87,45.58,14.31,31.27,39.98142857142857,14.89811781017038,26.122857142857153,0.9,39.66,48.94133333333333,28.06615838401787,23.93466666666667,-268.11,111.05,13.42,13.41,-0.7818314824680299,0.6234898018587334,327,-0.6115298757991053,0.7912213413483807,-0.5000000000000004,0.8660254037844384,1489.3994855643873,1183.0,1489.3994855643873,1182.0,-0.000746547219111604,1
2025-11-24,0,24,11,2025,False,6,False,False,False,False,False,1184,1489.3994855643873,80.26,6.25,49.28,61.1,11.82,20.72,14.98,5.74,44.77,12.99,31.78,58.47,13.27,45.2,16.61,12.98,3.63,41.02428571428572,12.842661792041543,26.814285714285724,5.74,39.66,48.11266666666667,28.531961864128576,23.08366666666667,-268.11,111.05,44.77,17.74,0.0,1.0,328,-0.5978291414589552,0.801623551065242,-0.5000000000000004,0.8660254037844384,1489.3994855643873,1184.0,1489.3994855643873,1182.0,0.00012461059190038704,1
2025-11-25,1,25,11,2025,False,5,False,False,False,False,False,1184,1489.3994855643873,80.36,6.25,30.26,45.34,15.08,61.1,11.82,49.28,39.2,16.1,23.1,58.75,13.01,45.74,15.39,16.32,-0.93,43.357142857142854,14.947196743075025,29.31428571428572,5.74,49.28,49.595666666666666,27.98915229320011,24.605333333333338,-268.11,111.05,39.2,52.41,0.7818314824680298,0.6234898018587336,329,-0.5839514998576998,0.8117885474764613,-0.5000000000000004,0.8660254037844384,1489.3994855643873,1184.0,1489.3994855643873,1182.0,0.0007471980074720275,1
2025-11-26,2,26,11,2025,False,4,True,False,False,False,False,1184,1489.3994855643873,80.48,6.25,51.94,64.95,13.01,45.34,15.08,30.26,53.79,14.61,39.18,59.77,11.15,48.62,95.51,12.68,82.83,44.23428571428572,14.842373863528849,30.33714285714286,5.74,49.28,50.594,27.25142813087799,25.645,-268.11,111.05,53.79,86.17,0.9749279121818236,-0.22252093395631434,330,-0.5699010576127624,0.821713322596059,-0.5000000000000004,0.8660254037844384,1489.3994855643873,1184.0,1489.3994855643873,1183.0,0.0024912805181864783,1
2025-11-27,3,27,11,2025,False,3,True,False,False,False,False,1185,1489.3994855643873,80.52,6.25,66.03,78.26,12.23,64.95,13.01,51.94,52.46,12.8,39.66,50.13,12.06,38.07,84.69,13.38,71.31,45.82857142857143,16.54193300733171,32.16000000000001,5.74,51.94,49.57533333333333,26.05967088120601,24.61533333333334,-268.11,111.05,52.46,55.59,0.43388373911755823,-0.900968867902419,331,-0.5556819724760489,0.8313949395234058,-0.5000000000000004,0.8660254037844384,1489.3994855643873,1184.0,1489.3994855643873,1183.0,0.0036146080019940907,1
2025-11-28,4,28,11,2025,False,2,True,False,False,False,False,1185,1489.3994855643873,80.6,6.25,66.94,80.21,13.27,78.26,12.23,66.03,49.28,15.42,33.86,78.55,14.89,63.66,84.26,14.01,70.25,49.51428571428572,20.63388625307325,35.92714285714287,5.74,66.03,49.361,25.785908387708687,24.439333333333334,-268.11,111.05,49.28,62.49,-0.433883739117558,-0.9009688679024191,332,-0.5412984521036173,0.8408305333122887,-0.5000000000000004,0.8660254037844384,1489.3994855643873,1185.0,1489.3994855643873,1183.0,0.004611741243923495,1
2025-11-29,5,29,11,2025,True,1,True,False,False,False,False,1185,1489.3994855643873,80.7,6.25,5.54,19.48,13.94,80.21,13.27,66.94,26.95,12.57,14.38,19.58,59.54,-39.96,94.59,12.42,82.17,53.93285714285714,23.6644921871608,40.65285714285715,5.74,66.94,49.226,25.60687738977885,24.329,-268.11,111.05,26.95,74.46,-0.9749279121818236,-0.2225209339563146,333,-0.5267547528105542,0.8500173118187018,-0.5000000000000004,0.8660254037844384,1489.3994855643873,1185.0,1489.3994855643873,1183.0,0.00498132004981322,1
2025-11-30,6,30,11,2025,True,0,True,False,False,False,False,1185,1489.3994855643873,80.79,6.25,13.44,26.34,12.9,19.48,13.94,5.54,20.72,14.98,5.74,13.42,12.52,0.9,125.37,14.32,111.05,52.86571428571428,25.20252094344464,39.39000000000001,5.54,66.94,46.72233333333334,24.67340781060658,21.774666666666672,-268.11,111.05,20.72,23.02,-0.7818314824680299,0.6234898018587334,334,-0.5120551783114646,0.8589525565270845,-0.5000000000000004,0.8660254037844384,1489.3994855643873,1185.0,1489.3994855643873,1184.0,0.005976839745984286,1
2025-12-01,0,1,12,2025,False,30,False,False,False,False,False,1186,1508.2243073180225,80.84,6.25,40.64,54.43,13.79,26.34,12.9,13.44,61.1,11.82,49.28,44.77,12.99,31.78,13.8,15.83,-2.03,53.66857142857143,24.071964625937472,40.49000000000001,5.54,66.94,43.42133333333333,19.96343255906226,18.521000000000004,-268.11,66.94,61.1,12.59,0.0,1.0,335,-0.4972040784469378,0.8676336233547726,-2.4492935982947064e-16,1.0,1489.3994855643873,1185.0,1489.3994855643873,1184.0,0.007226513830052239,1
2025-12-02,1,2,12,2025,False,29,False,False,False,False,False,1186,1508.2243073180225,80.89,6.25,39.92,52.23,12.31,54.43,13.79,40.64,45.34,15.08,30.26,39.2,16.1,23.1,16.43,12.84,3.59,52.715714285714284,23.859851115170418,39.2557142857143,5.54,66.94,44.775666666666666,19.25004374080706,19.943333333333335,-268.11,66.94,45.34,47.41,0.7818314824680298,0.6234898018587336,336,-0.4822058478963526,0.8760579434344281,-2.4492935982947064e-16,1.0,1508.2243073180225,1186.0,1489.3994855643873,1184.0,0.006595321055251402,1
2025-12-03,2,3,12,2025,False,28,False,False,False,False,False,1186,1508.2243073180225,80.93,6.25,33.02,46.9,13.88,52.23,12.31,39.92,64.95,13.01,51.94,53.79,14.61,39.18,47.99,14.03,33.96,53.699999999999996,23.646028560133956,40.63571428571429,5.54,66.94,45.969,18.52838481339104,21.154333333333337,-268.11,66.94,64.95,48.83,0.9749279121818236,-0.22252093395631434,337,-0.46706492487743034,0.8842230238742036,-2.4492935982947064e-16,1.0,1508.2243073180225,1186.0,1489.3994855643873,1184.0,0.005591451292246585,1
2025-12-04,3,4,12,2025,False,27,False,False,False,False,False,1186,1508.2243073180225,80.84,6.25,35.63,49.27,13.64,46.9,13.88,33.02,78.26,12.23,66.03,52.46,12.8,39.66,46.0,10.25,35.75,51.121428571428574,23.19461965526455,37.93285714285715,5.54,66.94,45.93266666666667,18.525353537197535,21.123,-268.11,66.94,78.26,44.7,0.43388373911755823,-0.900968867902419,338,-0.451785789832884,0.8921264484954345,-2.4492935982947064e-16,1.0,1508.2243073180225,1186.0,1489.3994855643873,1185.0,0.003974167908594284,1
2025-12-05,4,5,12,2025,False,26,False,False,True,False,False,1187,1508.2243073180225,80.9,6.25,-258.57,52.59,311.16,49.27,13.64,35.63,80.21,13.27,66.94,49.28,15.42,33.86,44.16,312.27,-268.11,46.980000000000004,19.894756428097732,33.59000000000001,5.54,66.94,46.041666666666664,18.535380721898953,21.119000000000003,-268.11,66.94,80.21,45.77,-0.433883739117558,-0.9009688679024191,339,-0.4363729641045924,0.8997658785476209,-2.4492935982947064e-16,1.0,1508.2243073180225,1186.0,1489.3994855643873,1185.0,0.0037220843672458592,1
2025-12-06,5,6,12,2025,True,25,False,False,False,False,False,1187,1508.2243073180225,80.79,6.25,6.83,19.32,12.49,52.59,311.16,-258.57,19.48,13.94,5.54,26.95,12.57,14.38,50.8,13.08,37.72,43.034285714285716,14.101220818476346,-12.911428571428562,-258.57,40.64,46.32266666666667,18.569738997540536,21.437000000000005,-258.57,66.94,19.48,41.99,-0.9749279121818236,-0.2225209339563146,340,-0.42083100859565564,0.9071390534005044,-2.4492935982947064e-16,1.0,1508.2243073180225,1187.0,1489.3994855643873,1185.0,0.0011152416356878803,1
2025-12-07,6,7,12,2025,True,24,False,False,False,False,False,1187,1508.2243073180225,80.72,6.25,7.93,21.19,13.26,19.32,12.49,6.83,26.34,12.9,13.44,20.72,14.98,5.74,43.07,12.44,30.63,43.01142857142857,14.145823209898971,-12.72714285714285,-258.57,40.64,45.27333333333333,19.187177351362557,20.407333333333337,-258.57,66.94,26.34,20.09,-0.7818314824680299,0.6234898018587334,341,-0.4051645224207563,0.9142437912130223,-2.4492935982947064e-16,1.0,1508.2243073180225,1187.0,1489.3994855643873,1185.0,-0.0008664438668153362,1
2025-12-08,0,8,12,2025,False,23,False,False,False,False,False,1187,1508.2243073180225,80.83,6.25,52.16,65.96,13.8,21.19,13.26,7.93,54.43,13.79,40.64,61.1,11.82,49.28,19.93,15.04,4.89,42.27571428571429,15.248361504484034,-13.514285714285705,-258.57,40.64,44.544,19.683250292290708,19.650666666666673,-258.57,66.94,54.43,13.09,0.0,1.0,342,-0.3893781415452015,0.9210779895789526,-2.4492935982947064e-16,1.0,1508.2243073180225,1187.0,1508.2243073180225,1186.0,-0.00012370113805049154,1
2025-12-09,1,9,12,2025,False,22,False,False,False,False,False,1188,1508.2243073180225,80.89,6.25,35.43,51.49,16.06,65.96,13.8,52.16,52.23,12.31,39.92,45.34,15.08,30.26,18.94,13.07,5.87,43.92285714285714,17.268962248579367,-11.868571428571423,-258.57,52.16,46.07833333333333,19.491510633647803,21.22633333333334,-258.57,66.94,52.23,39.58,0.7818314824680298,0.6234898018587336,343,-0.37347653741307074,0.9276396261490467,-2.4492935982947064e-16,1.0,1508.2243073180225,1187.0,1508.2243073180225,1186.0,0.0,1
2025-12-10,2,10,12,2025,False,21,False,False,False,False,False,1188,1508.2243073180225,81.01,6.25,35.66,50.02,14.36,51.49,16.06,35.43,46.9,13.88,33.02,64.95,13.01,51.94,58.47,13.27,45.2,43.81714285714286,17.211803812389704,-12.509999999999993,-258.57,52.16,47.163333333333334,18.82325310543478,22.21166666666667,-258.57,66.94,46.9,44.08,0.9749279121818236,-0.22252093395631434,344,-0.3574644155648614,0.9339267592294762,-2.4492935982947064e-16,1.0,1508.2243073180225,1188.0,1508.2243073180225,1186.0,0.000988508587668413,1
2025-12-11,3,11,12,2025,False,20,False,False,False,False,False,1188,1508.2243073180225,80.99,6.25,44.34,58.75,14.41,50.02,14.36,35.66,49.27,13.64,35.63,78.26,12.23,66.03,58.75,13.01,45.74,44.26285714285715,17.344826043411125,-12.132857142857135,-258.57,52.16,46.88166666666667,18.71111657099408,21.89366666666667,-258.57,66.94,49.27,51.54,0.43388373911755823,-0.900968867902419,345,-0.34134651424503615,0.9399375283564133,-2.4492935982947064e-16,1.0,1508.2243073180225,1188.0,1508.2243073180225,1186.0,0.00185551707075704,1
2025-12-12,4,12,12,2025,False,19,False,False,False,False,False,1188,1508.2243073180225,80.9,6.25,42.81,60.61,17.8,58.75,14.41,44.34,52.59,311.16,-258.57,80.21,13.27,66.94,59.77,11.15,48.62,45.61714285714286,18.152250286843035,-10.888571428571423,-258.57,52.16,46.88166666666667,18.71111657099408,21.847,-258.57,66.94,52.59,33.6,-0.433883739117558,-0.9009688679024191,346,-0.3251276029999093,0.9456701548465688,-2.4492935982947064e-16,1.0,1508.2243073180225,1188.0,1508.2243073180225,1187.0,0.0,1
2025-12-13,5,13,12,2025,True,18,False,False,False,False,False,1188,1508.2243073180225,80.88,6.25,3.81,17.57,13.76,60.61,17.8,42.81,19.32,12.49,6.83,19.48,13.94,5.54,50.13,12.06,38.07,46.76285714285715,18.903269306556293,32.16571428571429,6.83,52.16,46.909666666666666,18.73168539710423,21.65333333333334,-258.57,66.94,19.32,34.75,-0.9749279121818236,-0.2225209339563146,347,-0.30881248126625377,0.9511229423235357,-2.4492935982947064e-16,1.0,1508.2243073180225,1188.0,1508.2243073180225,1187.0,0.0011139992573336865,1
2025-12-14,6,14,12,2025,True,17,False,False,False,False,False,1189,1508.2243073180225,80.89,6.25,8.18,21.91,13.73,17.57,13.76,3.81,21.19,13.26,7.93,26.34,12.9,13.44,78.55,14.89,63.66,46.512857142857136,19.33337590307307,31.734285714285715,3.81,52.16,45.824333333333335,19.467490262651555,20.511333333333337,-258.57,66.94,21.19,10.67,-0.7818314824680299,0.6234898018587334,348,-0.29240597695107734,0.9562942772197719,-2.4492935982947064e-16,1.0,1508.2243073180225,1188.0,1508.2243073180225,1187.0,0.002106045589692851,1
2025-12-15,0,15,12,2025,False,16,False,False,False,True,False,1189,1508.2243073180225,80.9,6.25,-13.64,64.77,78.41,21.91,13.73,8.18,65.96,13.8,52.16,54.43,13.79,40.64,19.58,59.54,-39.96,46.615714285714276,19.177486676780614,31.770000000000007,3.81,52.16,43.93633333333333,18.92316760742893,18.662000000000003,-258.57,66.94,65.96,15.49,0.0,1.0,349,-0.27591294500296043,0.9611826292540837,-2.4492935982947064e-16,1.0,1508.2243073180225,1189.0,1508.2243073180225,1187.0,0.0008660150934061139,1
2025-12-16,1,16,12,2025,False,15,False,False,False,False,False,1189,1508.2243073180225,80.99,6.25,56.69,68.51,11.82,64.77,78.41,-13.64,51.49,16.06,35.43,52.23,12.31,39.92,13.42,12.52,0.9,46.44571428571429,18.981703345715964,22.370000000000005,-13.64,44.34,45.44266666666667,18.71495933707851,19.53933333333334,-258.57,66.94,51.49,35.97,0.7818314824680298,0.6234898018587336,350,-0.2593382659754056,0.9657865518844574,-2.4492935982947064e-16,1.0,1508.2243073180225,1189.0,1508.2243073180225,1188.0,0.0012362467548521217,1
2025-12-17,2,17,12,2025,False,14,False,False,False,False,False,1189,1508.2243073180225,80.96,6.25,62.27,74.78,12.51,68.51,11.82,56.69,50.02,14.36,35.66,46.9,13.88,33.02,44.77,12.99,31.78,48.87714285714286,20.743815716405543,25.407142857142862,-13.64,56.69,47.278999999999996,18.15899935531148,21.399000000000004,-258.57,66.94,50.02,41.05,0.9749279121818236,-0.22252093395631434,351,-0.2426868445825954,0.9701046827361175,-2.4492935982947064e-16,1.0,1508.2243073180225,1189.0,1508.2243073180225,1188.0,-0.0006172077521294783,1
2025-12-18,3,18,12,2025,False,13,False,False,False,False,False,1190,1508.2243073180225,80.99,6.25,34.02,46.46,12.44,74.78,12.51,62.27,58.75,14.41,44.34,49.27,13.64,35.63,39.2,16.1,23.1,52.41428571428571,22.963404115492814,29.208571428571435,-13.64,62.27,48.279333333333334,18.830201700777117,22.41533333333334,-258.57,66.94,58.75,49.56,0.43388373911755823,-0.900968867902419,352,-0.22596360824801906,0.974135744004672,-2.4492935982947064e-16,1.0,1508.2243073180225,1189.0,1508.2243073180225,1188.0,0.0,1
2025-12-19,4,19,12,2025,False,12,False,False,False,False,False,1190,1508.2243073180225,80.91,6.25,40.46,54.43,13.97,46.46,12.44,34.02,60.61,17.8,42.81,52.59,311.16,-258.57,53.79,14.61,39.18,50.65857142857143,22.86788900661911,27.734285714285722,-13.64,62.27,48.52133333333333,18.755998715506653,22.779333333333337,-258.57,66.94,60.61,39.2,-0.433883739117558,-0.9009688679024191,353,-0.20917350564635637,0.9778785428342386,-2.4492935982947064e-16,1.0,1508.2243073180225,1190.0,1508.2243073180225,1188.0,0.00012360939431377282,1
2025-12-20,5,20,12,2025,True,11,False,False,False,False,False,1190,1508.2243073180225,80.94,6.25,6.18,19.04,12.86,54.43,13.97,40.46,17.57,13.76,3.81,19.32,12.49,6.83,52.46,12.8,39.66,49.77571428571429,22.536558342053144,27.398571428571433,-13.64,62.27,48.54266666666667,18.762560837886646,22.822000000000003,-258.57,66.94,17.57,45.87,-0.9749279121818236,-0.2225209339563146,354,-0.19232150523909483,0.9813319716704275,-2.4492935982947064e-16,1.0,1508.2243073180225,1190.0,1508.2243073180225,1188.0,0.0007418397626113293,1
2025-12-21,6,21,12,2025,True,10,False,False,False,False,False,1190,1508.2243073180225,80.94,6.25,5.4,18.67,13.27,19.04,12.86,6.18,21.91,13.73,8.18,21.19,13.26,7.93,49.28,15.42,33.86,49.98571428571428,22.190636807103242,27.73714285714286,-13.64,62.27,47.428666666666665,19.49961002852015,21.706000000000007,-258.57,66.94,21.91,14.59,-0.7818314824680299,0.6234898018587334,355,-0.17541259380427843,0.9844950085880858,-2.4492935982947064e-16,1.0,1508.2243073180225,1190.0,1508.2243073180225,1189.0,0.0006181233774260608,1
2025-12-22,0,22,12,2025,False,9,False,False,False,False,False,1191,1508.2243073180225,80.88,6.25,33.7,48.31,14.61,18.67,13.27,5.4,64.77,78.41,-13.64,65.96,13.8,52.16,26.95,12.57,14.38,49.52285714285715,22.896414358501502,27.340000000000003,-13.64,62.27,46.40833333333333,20.188089708834514,20.75733333333334,-258.57,66.94,64.77,17.38,0.0,1.0,356,-0.15845177496083632,0.9873667175937016,-2.4492935982947064e-16,1.0,1508.2243073180225,1190.0,1508.2243073180225,1189.0,-0.00024721878862810076,1
2025-12-23,1,23,12,2025,False,8,False,False,False,False,False,1191,1508.2243073180225,80.86,6.25,27.28,41.56,14.28,48.31,14.61,33.7,68.51,11.82,56.69,51.49,16.06,35.43,20.72,14.98,5.74,47.17142857142857,21.89279137720261,34.10285714285715,5.4,62.27,47.12033333333333,19.852031335883876,21.401333333333337,-258.57,66.94,68.51,47.92,0.7818314824680298,0.6234898018587336,357,-0.14144406768794202,0.9899462489023779,-2.4492935982947064e-16,1.0,1508.2243073180225,1191.0,1508.2243073180225,1189.0,-0.0016051364365970988,1
2025-12-24,2,24,12,2025,False,7,False,False,False,False,False,1191,1508.2243073180225,80.85,6.25,42.32,55.21,12.89,41.56,14.28,27.28,74.78,12.51,62.27,50.02,14.36,35.66,61.1,11.82,49.28,43.32142857142857,19.78282877360354,29.90142857142858,5.4,62.27,47.815000000000005,19.2519180862582,22.119333333333337,-258.57,66.94,74.78,38.84,0.9749279121818236,-0.22252093395631434,358,-0.12439450483979998,0.9922328391893008,-2.4492935982947064e-16,1.0,1508.2243073180225,1191.0,1508.2243073180225,1189.0,-0.0013586956521739468,1
2025-12-25,3,25,12,2025,False,6,False,True,False,False,True,1191,1508.2243073180225,80.83,6.25,-0.43,11.82,12.25,55.21,12.89,42.32,46.46,12.44,34.02,58.75,14.41,44.34,45.34,15.08,30.26,40.52571428571429,15.519590691706288,27.051428571428577,5.4,42.32,47.61866666666666,19.141480995801743,21.887333333333338,-258.57,66.94,46.46,10.67,0.43388373911755823,-0.900968867902419,359,-0.10730813165636247,0.9942258118156161,-2.4492935982947064e-16,1.0,1508.2243073180225,1191.0,1508.2243073180225,1190.0,-0.001975552537350267,1
2025-12-26,4,26,12,2025,False,5,False,True,False,False,False,1192,1508.2243073180225,80.97,6.25,40.45,55.14,14.69,11.82,12.25,-0.43,54.43,13.97,40.46,60.61,17.8,42.81,64.95,13.01,51.94,35.57714285714285,18.54063080038515,22.130000000000003,-0.43,42.32,46.50133333333334,20.226639779795484,20.864333333333338,-258.57,66.94,54.43,53.09,-0.433883739117558,-0.9009688679024191,360,-0.09019000427034513,0.9959245770286599,-2.4492935982947064e-16,1.0,1508.2243073180225,1191.0,1508.2243073180225,1190.0,0.0007415647015203142,1
2025-12-27,5,27,12,2025,True,4,True,True,False,False,False,1192,1508.2243073180225,80.96,6.25,9.72,23.89,14.17,55.14,14.69,40.45,19.04,12.86,6.18,17.57,13.76,3.81,78.26,12.23,66.03,35.67857142857143,18.662498429177365,22.128571428571433,-0.43,42.32,46.17433333333334,19.99608335500295,20.481333333333335,-258.57,66.94,19.04,68.48,-0.9749279121818236,-0.2225209339563146,361,-0.07304518821104743,0.9973286321364752,-2.4492935982947064e-16,1.0,1508.2243073180225,1192.0,1508.2243073180225,1190.0,0.00024709661477628764,1
2025-12-28,6,28,12,2025,True,3,True,True,False,False,False,1192,1508.2243073180225,80.94,6.25,11.44,22.61,11.17,23.89,14.17,9.72,18.67,13.27,5.4,21.91,13.73,8.18,80.21,13.27,66.94,36.371428571428574,18.02082631158686,22.634285714285717,-0.43,42.32,44.362,19.44401519482405,18.604333333333336,-258.57,66.94,18.67,17.36,-0.7818314824680299,0.6234898018587334,362,-0.05587875690537313,0.9984375616565666,-2.4492935982947064e-16,1.0,1508.2243073180225,1192.0,1508.2243073180225,1190.0,0.0,1
2025-12-29,0,29,12,2025,False,2,True,True,False,False,False,1192,1508.2243073180225,80.77,6.25,69.41,82.12,12.71,22.61,11.17,11.44,48.31,14.61,33.7,64.77,78.41,-13.64,19.48,13.94,5.54,36.934285714285714,17.42756328075621,23.497142857142858,-0.43,42.32,42.442,18.608026151136418,16.75433333333334,-258.57,62.27,48.31,25.12,0.0,1.0,363,-0.03869579017652689,0.9992510374388481,-2.4492935982947064e-16,1.0,1508.2243073180225,1192.0,1508.2243073180225,1191.0,-0.001360039564787363,1
2025-12-30,1,30,12,2025,False,1,True,True,False,False,False,1193,1508.2243073180225,80.7,6.25,67.56,80.9,13.34,82.12,12.71,69.41,41.56,14.28,27.28,68.51,11.82,56.69,26.34,12.9,13.44,41.76428571428572,24.397265459570743,28.598571428571432,-0.43,69.41,44.53,19.43849575562307,18.883333333333336,-258.57,69.41,41.56,52.48,0.7818314824680298,0.6234898018587336,364,-0.021501372740813793,0.999768818762748,-2.4492935982947064e-16,1.0,1508.2243073180225,1192.0,1508.2243073180225,1191.0,-0.001978728666831464,1
2025-12-31,2,31,12,2025,False,0,True,True,False,False,False,1193,1508.2243073180225,80.68,6.25,73.19,87.38,14.19,80.9,13.34,67.56,55.21,12.89,42.32,74.78,12.51,62.27,54.43,13.79,40.64,47.384285714285724,28.524349164145683,34.35285714285715,-0.43,69.41,46.34866666666667,20.214771610492264,20.68733333333334,-258.57,69.41,55.21,82.26,0.9749279121818236,-0.22252093395631434,365,-0.004300592702981974,0.9999907524084426,-2.4492935982947064e-16,1.0,1508.2243073180225,1193.0,1508.2243073180225,1191.0,-0.002102659245516225,1
